chunk_id,source_document,chunk_index,text,word_count
Policy-and-Regulations-Against-Sexual-Harassment-2018.pdf_chunk_0,Policy-and-Regulations-Against-Sexual-Harassment-2018.pdf,0,"POLICY AND REGULATIONS AGAINST SEXUAL HARASSMENTMAKERERE UNIVERSITY POLICY AND REGULATIONS AGAINST SEXUAL HARASSMENT Approved by the University Council on 27th September 2006 and amended on 5th December, 2018 1SECTION ONE: POLICY PREAMBLE AND INTRODUCTION PREAMBLE Whereas under section 40  (of the Universities and Other Tertiary Institutions Act, 2001 (as amended) Makerere University Council is empowered to formulate policies necessary for the fulfillment of the objectives and functions of the University; And the Bill of Rights of the 1995 Constitution of Uganda and other international human rights instruments and protocols to which Uganda is a State Party provide, inter alia, that all persons are equal in all aspects of life and shall enjoy equal protection of the law; And in recognition of its vision to be a Centre of academic excellence, providing world-class teaching, research, learning and services relevant to the sustainable development needs of society, the University has made a commitment to create a conducive environment of reciprocal respect among members of the University community; And the University recognizes that a conducive environment for academia and related employment includes due regard for the rights and feelings of all persons free from sexual harassment; And the University is committed to upholding professional ethics and conduct for the smooth running of the University; And the University recognises that sexual harassment is a negation of reciprocal respect in addition to being a violation of the fundamental rights, dignity and integrity of the person and that it undermines the environment required for the advancement of learning, the dissemination of knowledge, research and productive work; And whereas in September 2006 the University Council made a Policy and Regulations against Sexual Harassment, several gaps and inadequacies in the said Policy have necessitated that the said Policy be revisited to address the shortfalls therein.",297
Policy-and-Regulations-Against-Sexual-Harassment-2018.pdf_chunk_1,Policy-and-Regulations-Against-Sexual-Harassment-2018.pdf,1,"POLICY AND REGULATIONS AGAINST SEXUAL HARASSMENTMAKERERE UNIVERSITY POLICY AND REGULATIONS AGAINST SEXUAL HARASSMENT Approved by the University Council on 27th September 2006 and amended on 5th December, 2018 1SECTION ONE: POLICY PREAMBLE AND INTRODUCTION PREAMBLE Whereas under section 40  (of the Universities and Other Tertiary Institutions Act, 2001 (as amended) Makerere University Council is empowered to formulate policies necessary for the fulfillment of the objectives and functions of the University; And the Bill of Rights of the 1995 Constitution of Uganda and other international human rights instruments and protocols to which Uganda is a State Party provide, inter alia, that all persons are equal in all aspects of life and shall enjoy equal protection of the law; And in recognition of its vision to be a Centre of academic excellence, providing world-class teaching, research, learning and services relevant to the sustainable development needs of society, the University has made a commitment to create a conducive environment of reciprocal respect among members of the University community; And the University recognizes that a conducive environment for academia and related employment includes due regard for the rights and feelings of all persons free from sexual harassment; And the University is committed to upholding professional ethics and conduct for the smooth running of the University; And the University recognises that sexual harassment is a negation of reciprocal respect in addition to being a violation of the fundamental rights, dignity and integrity of the person and that it undermines the environment required for the advancement of learning, the dissemination of knowledge, research and productive work; And whereas in September 2006 the University Council made a Policy and Regulations against Sexual Harassment, several gaps and inadequacies in the said Policy have necessitated that the said Policy be revisited to address the shortfalls therein. Now therefore, it is hereby resolved by the University Council that a revised and amended Policy Against Sexual Harassment be adopted as herein below.",321
Policy-and-Regulations-Against-Sexual-Harassment-2018.pdf_chunk_2,Policy-and-Regulations-Against-Sexual-Harassment-2018.pdf,2,"Now therefore, it is hereby resolved by the University Council that a revised and amended Policy Against Sexual Harassment be adopted as herein below. 21 INTRODUCTION (This P olicy and Regulations Against Sexual Harassment is intended to address acts and practices related to sexual harassment at all levels within the structures of Makerere University. (In line with the 1995 C onstitution of the Republic of Uganda (as amended) and the international and regional human rights instruments and protocols to which Uganda is a State Party which guarantee all Ugandans equality, dignity and non-discrimination, Makerere University reaffirms its zero-tolerance to sexual harassment and its commitment to creating an environment that respects and protects the rights of all members of the University community.",121
Policy-and-Regulations-Against-Sexual-Harassment-2018.pdf_chunk_3,Policy-and-Regulations-Against-Sexual-Harassment-2018.pdf,3,"(In line with the 1995 C onstitution of the Republic of Uganda (as amended) and the international and regional human rights instruments and protocols to which Uganda is a State Party which guarantee all Ugandans equality, dignity and non-discrimination, Makerere University reaffirms its zero-tolerance to sexual harassment and its commitment to creating an environment that respects and protects the rights of all members of the University community. (This P olicy applies to all members of the University Community (Se xual Harassment may occur between equals but most often occurs in situations where one person has power over another. Citation This Policy may be cited as The Makerere University Policy and Regulations Against Sexual Harassment, 2006 (as amended) .",118
Policy-and-Regulations-Against-Sexual-Harassment-2018.pdf_chunk_4,Policy-and-Regulations-Against-Sexual-Harassment-2018.pdf,4,"Citation This Policy may be cited as The Makerere University Policy and Regulations Against Sexual Harassment, 2006 (as amended) . Definitions For the purposes of this policy, the following words shall have the meanings attributed to them as follows: Bad Faith means a sexual harassment complaint brought with an ulterior motive prompted by ill will, hostility, and/or malice which is rooted in personal animosity. Complainant means a person who lodges a complaint of sexual harassment. Conflict of Interest means a situation where the personal interests of a member investigating sexual harassment are incompatible or have the potential to be incompatible with his/her duties and responsibilities to the University. For example, a member of an ad hoc Committee who has close relations with the complainant or the respondent.",127
Policy-and-Regulations-Against-Sexual-Harassment-2018.pdf_chunk_5,Policy-and-Regulations-Against-Sexual-Harassment-2018.pdf,5,"For example, a member of an ad hoc Committee who has close relations with the complainant or the respondent. 3Confidentiality means protecting the people involved in sexual harassment cases including the complainant, the respondent and witnesses, such that the information they share is accessed only by authorized persons. Contractors means persons or entities which have been engaged by the University to provide goods and services or execute works on a contractual basis. Frivolous refers to a complaint made in bad faith. Hostile environment means unwelcome sexual activity or conduct that is serious or pervasive to the extent that it interferes with or limits the conditions of education or employment and creates an environment that a reasonable person would find intimidating, hostile or offensive. Staff means all employees, practitioner staff, professional staff, and volunteers of the University .",137
Policy-and-Regulations-Against-Sexual-Harassment-2018.pdf_chunk_6,Policy-and-Regulations-Against-Sexual-Harassment-2018.pdf,6,"Staff means all employees, practitioner staff, professional staff, and volunteers of the University . Partners mean persons or entities that have entered into a partnership of any nature with the University and/or members of the University Community, including suppliers and service providers. Respondent refers to a person against whom a sexual harassment complaint has been lodged. Sexual harassment means unwelcome sexual advances, requests for sexual favours or unwanted physical, verbal or non-verbal conduct of a sexual nature.",77
Policy-and-Regulations-Against-Sexual-Harassment-2018.pdf_chunk_7,Policy-and-Regulations-Against-Sexual-Harassment-2018.pdf,7,"Sexual harassment means unwelcome sexual advances, requests for sexual favours or unwanted physical, verbal or non-verbal conduct of a sexual nature. Such conduct would constitute sexual harassment when: (Submis sion to such conduct is made either explicitly or implicitly a term or condition of an individuals employment or academic achievement or advancement; or (Submis sion to or rejection of such conduct is used or threatened to be used as the basis for decisions affecting the employment and/or the academic standing of an individual; or 4(Such c onduct has the purpose or effect of unreasonably interfering with an individuals work or academic performance or creating an intimidating, threatening, hostile or offensive working or learning environment. Sexual assault means non-consensual and/or abusive sexual conduct, including sexual intercourse.",125
Policy-and-Regulations-Against-Sexual-Harassment-2018.pdf_chunk_8,Policy-and-Regulations-Against-Sexual-Harassment-2018.pdf,8,"Sexual assault means non-consensual and/or abusive sexual conduct, including sexual intercourse. Sexual body parts include, but are not limited to, areas around the genitals, breasts and buttocks.Sexual Act Shall be defined as per the Uganda Penal Code Act Student refers to a person who has been duly registered by the University for a programme of study.University means Makerere University. University Community means students, alumni, academic, administrative and support staff, contractors, partners and visitors to all on and off-campus university premises and facilities. Objectives The objectives of this policy are three-fold: (T o sensitize the University community about the evils of sexual harassment, thereby engendering a sense of social responsibility and zero tolerance for such behavior. (T o establish an institutional framework that encourages victims of Sexual Harassment to seek redress.",130
Policy-and-Regulations-Against-Sexual-Harassment-2018.pdf_chunk_9,Policy-and-Regulations-Against-Sexual-Harassment-2018.pdf,9,"(T o establish an institutional framework that encourages victims of Sexual Harassment to seek redress. (T o take action in eliminating sexual harassment at Makerere University and impose such sanctions and corrective action as may be deemed necessary. Enforcement Principles Enforcement and implementation of this policy shall be based on the following principles: (An y complaint lodged under this policy will be treated with diligence, confidentiality, fairness, justice and due process. (All c omplaints of sexual harassment shall be treated with confidentiality. Only those individuals involved in the investigation and decision-making processes shall ordinarily be provided access to information regarding any complaint of sexual harassment. (Wher eas anonymous complaints are ordinarily not permissible they should not be ignored. Zero tolerance to sexual harassment means that all allegations should be investigated to assess the merits of all the circumstantial evidence.",139
Policy-and-Regulations-Against-Sexual-Harassment-2018.pdf_chunk_10,Policy-and-Regulations-Against-Sexual-Harassment-2018.pdf,10,"Zero tolerance to sexual harassment means that all allegations should be investigated to assess the merits of all the circumstantial evidence. (In an y investigation of a sexual harassment complaint, the respondent must be made aware of the complaint and of the identity of the complainant(. (In vestigations must be conducted promptly and thoroughly. (Bo th the complainant and the respondent must be notified of the outcome of the investigations. (If there is sufficient evidence to sustain a charge of sexual harassment, the matter shall be referred to the appropriate internal disciplinary organs for further management. If the investigation reveals misconduct that falls outside the purview of the internal disciplinary organs, the same shall be referred to the appropriate external entity. Strategies The University shall achieve the objectives of this policy through the following strategies: (A dopting and effectively implementing this Policy as prescribed by law.",146
Policy-and-Regulations-Against-Sexual-Harassment-2018.pdf_chunk_11,Policy-and-Regulations-Against-Sexual-Harassment-2018.pdf,11,Strategies The University shall achieve the objectives of this policy through the following strategies: (A dopting and effectively implementing this Policy as prescribed by law. 6(C onducting regular sensitization and educational programmes for all members of the University Community. (Es tablishing an effective mentoring programme for staff and students. (Pr oviding effective guidance and counseling services for both victims and perpetrators of sexual harassment. (Equipping member s of the University community with skills and knowledge to resist and defend themselves against sexual harassment. (Int egrating advocacy against sexual harassment into the curriculum of the compulsory course unit on ethics for all students. (Es tablishing a gender-responsive monitoring and evaluation framework for the prevention of sexual harassment. (Pr omoting action-based research that highlights the root causes and complexities of sexual harassment and developing a culture that is responsive to diversities.,139
Policy-and-Regulations-Against-Sexual-Harassment-2018.pdf_chunk_12,Policy-and-Regulations-Against-Sexual-Harassment-2018.pdf,12,(Pr omoting action-based research that highlights the root causes and complexities of sexual harassment and developing a culture that is responsive to diversities. (Es tablishing telephone hotlines and other forms of communication for reporting sexual harassment complaints. (Maintaining archival files for investigated cases ofsexual harassment and assaults. Sexual Harassment and Academic Freedom This policy is intended to combat sexual harassment and abuse and shall not limit academic freedom or the principles of free inquiry and expression.,76
Policy-and-Regulations-Against-Sexual-Harassment-2018.pdf_chunk_13,Policy-and-Regulations-Against-Sexual-Harassment-2018.pdf,13,"Sexual Harassment and Academic Freedom This policy is intended to combat sexual harassment and abuse and shall not limit academic freedom or the principles of free inquiry and expression. Implementation organs (The Offic e of the Vice Chancellor (The G ender Mainstreaming Directorate (The Dir ectorate of Legal Affairs (The Univ ersity Guidance  Counseling Centre 7(The Vice Chancellors Roster of 100 University Anti - Sexual harassment Committee Members (The Dir ectorate of Human Resources (The Univ ersity Hospital (A cademic and Administrative Units (Other duty bear ers of the University: Principals, Deans, Heads o f Departments, Programme Coordinators, Examina tion Coordinators, Wardens, Student leaders and contractors (Security Agencies 9 Coordination of implementation The Gender Mainstreaming Directorate is mandated to coordinate all the implementation organs. The Directorate of Legal Affairs shall provide legal support.",133
Policy-and-Regulations-Against-Sexual-Harassment-2018.pdf_chunk_14,Policy-and-Regulations-Against-Sexual-Harassment-2018.pdf,14,"The Directorate of Legal Affairs shall provide legal support. 8SECTION TWO: PROCEDURAL MATTERS Application Sexual harassment is prohibited for both on-campus and off-campus University settings against, between or among: (Students; (A cademic Staff; (A dministrative Staff; (Suppor t Staff; (Contractors (Partners (Visit ors (Researchers Examples of Sexual Harassment and Abuse Examples of sexual harassment include, but are not limited to: (Inappr opriate physical contact of any body parts such as patting, scratching, pinching, stroking or brushing up against the body; (Un wanted and persistent explicit or implicit propositions to engage in sexual activity; (Int entional disrobing or exposure of sexual body parts or underwear; (Un wanted demands for sexual relations in exchange for employment or academic or other favours; (Se xual stares such as leering and ogling with suggestive overtones; (Lus tful gestures, such as hand or sign language to denote sexual activity; (Stal king through following or spying on a person.",152
Policy-and-Regulations-Against-Sexual-Harassment-2018.pdf_chunk_15,Policy-and-Regulations-Against-Sexual-Harassment-2018.pdf,15,"8SECTION TWO: PROCEDURAL MATTERS Application Sexual harassment is prohibited for both on-campus and off-campus University settings against, between or among: (Students; (A cademic Staff; (A dministrative Staff; (Suppor t Staff; (Contractors (Partners (Visit ors (Researchers Examples of Sexual Harassment and Abuse Examples of sexual harassment include, but are not limited to: (Inappr opriate physical contact of any body parts such as patting, scratching, pinching, stroking or brushing up against the body; (Un wanted and persistent explicit or implicit propositions to engage in sexual activity; (Int entional disrobing or exposure of sexual body parts or underwear; (Un wanted demands for sexual relations in exchange for employment or academic or other favours; (Se xual stares such as leering and ogling with suggestive overtones; (Lus tful gestures, such as hand or sign language to denote sexual activity; (Stal king through following or spying on a person. (Se xual assault and rape.",148
Policy-and-Regulations-Against-Sexual-Harassment-2018.pdf_chunk_16,Policy-and-Regulations-Against-Sexual-Harassment-2018.pdf,16,"(Se xual assault and rape. 9(ICT- or Cyber-based sexual harassment such as trolling through tweets, text messages and sharing unwanted private messages and photos on social media platforms . Prohibition of Retaliation (A per son against whom a complaint of Sexual Harassment has been made shall not retaliate against or victimize a person who has complained against him/her. (A per son who retaliates or victimizes a complainant of sexual harassment commits a disciplinary offence and shall be subjected to disciplinary action. Support to Survivors of Sexual Harassment (The Univ ersity will provide survivors of sexual harassment with psycho- social support at the Counseling Unit and primary health care at the University Hospital. (In special cir cumstances where the complainant is unable to face the respondent, alternative modes of presenting evidence must be availed by the investigative committee.",137
Policy-and-Regulations-Against-Sexual-Harassment-2018.pdf_chunk_17,Policy-and-Regulations-Against-Sexual-Harassment-2018.pdf,17,"(In special cir cumstances where the complainant is unable to face the respondent, alternative modes of presenting evidence must be availed by the investigative committee. Responsibility for Reporting Sexual Harassment (An y member of the policy implementing organs who receives information about any act of sexual harassment has an obligation to report it through the established channels as prescribed in this Policy. (Victims of Sexual Harassment shall be encouraged, but not compelled, to report Sexual Harassment. The exception shall be in a situation where non-reporting may result in serious harm to the victim or others. Frivolous or False Accusations A person who makes a frivolous, malicious and vexatious or false accusation of sexual harassment against another person commits a disciplinary offence and shall be subjected to disciplinary action.",128
Policy-and-Regulations-Against-Sexual-Harassment-2018.pdf_chunk_18,Policy-and-Regulations-Against-Sexual-Harassment-2018.pdf,18,"Frivolous or False Accusations A person who makes a frivolous, malicious and vexatious or false accusation of sexual harassment against another person commits a disciplinary offence and shall be subjected to disciplinary action. Presumption of innocence A person against whom allegations or a complaint of sexual harassment has been made shall be deemed innocent until the contrary is proved. Burden and standard of proof The burden of proof shall be on the complainant. The standard of proof that sexual harassment has been committed shall be on a balance of probabilities, e. proof on clear and convincing evidence. Confidentiality (When a c omplaint has been lodged, it shall be treated with utmost confidentiality. (Wher e it is necessary to interview a witness, the investigating Committee shall maintain strict confidentiality.",128
Policy-and-Regulations-Against-Sexual-Harassment-2018.pdf_chunk_19,Policy-and-Regulations-Against-Sexual-Harassment-2018.pdf,19,"(Wher e it is necessary to interview a witness, the investigating Committee shall maintain strict confidentiality. (Any person handling a complaint of sexual harassment and any party to the complaint shall treat it with confidentiality except where disclosure is necessary to prevent imminent harm. Failure to act on a complaint Any person in authority who receives a complaint of sexual harassment and fails to take any pro-active steps to progress the matter in a timely and appropriate manner commits an offence and shall be subject to disciplinary action. Forms of Complaints There are two options that a victim of sexual harassment may use to lodge a complaint. 1 Informal complaint (An inf ormal complaint is made to any member of the implementing bodies, including academic staff, administrative staff or students leader.",131
Policy-and-Regulations-Against-Sexual-Harassment-2018.pdf_chunk_20,Policy-and-Regulations-Against-Sexual-Harassment-2018.pdf,20,"1 Informal complaint (An inf ormal complaint is made to any member of the implementing bodies, including academic staff, administrative staff or students leader. 11It is made in those cases where the victim wishes for immediate action to be taken (for instance, warn the harasser or change his/her dissertation supervisor) to remedy or redress the harm without pursuing disciplinary action or seeking sanctions against the respondent . In any case, the respondent must be notified of the complaint lodged against him/her. (An informal complaint lodged with a student leader, academic or administrative staff shall be forwarded to the Gender Mainstreaming Directorate for recording. The exception shall be where the victim explicitly requests that no record should be made regarding the complaint. (An informal complaint remains on record and may be used in future as evidence of repeated unwanted conduct.",139
Policy-and-Regulations-Against-Sexual-Harassment-2018.pdf_chunk_21,Policy-and-Regulations-Against-Sexual-Harassment-2018.pdf,21,"(An informal complaint remains on record and may be used in future as evidence of repeated unwanted conduct. 2 F ormal Complaint (An y member of the University community who believes that he or she has been subjected to sexual harassment can lodge a written and signed complaint with the Gender mainstreaming Directorate or any academic/administrative unit or person of authority that the victim trusts. (An y Unit of the University may initiate an official investigation if there is reason to believe that any of its members is committing sexual harassment or being harassed. (A f ormal complaint shall contain: Name, address and contact details of the complainant; Date of the complaint; Nature and details of the act or conduct complained about; and Any other relevant details concerning the complaint. Online electronic media Reporting The University shall institute and implement an online sexual harassment reporting system.",146
Policy-and-Regulations-Against-Sexual-Harassment-2018.pdf_chunk_22,Policy-and-Regulations-Against-Sexual-Harassment-2018.pdf,22,"Online electronic media Reporting The University shall institute and implement an online sexual harassment reporting system. Complaint boxes The Directorate of Gender Mainstreaming shall create sexual harassment complaint boxes through which victims can report. Telephone The Directorate of Gender Mainstreaming shall set up telephone hotlines for victims to report sexual harassment complaints. Anonymous complaints Anonymous complaints shall not be admissible and shall first be investigated to determine their authenticity before any action can be taken. In any case, a complainant of sexual harassment who wishes to pursue a remedy through these procedures must be prepared to be identified to the respondent. However, the Policy does not prevent anyone from seeking counselling or advice on a confidential basis. Guidelines for Documenting Sexual Harassment A person subjected to sexual harassment should do the following: (C ollect and document all accounts of the incident(of sexual harassment as soon as possible after occurrence.",149
Policy-and-Regulations-Against-Sexual-Harassment-2018.pdf_chunk_23,Policy-and-Regulations-Against-Sexual-Harassment-2018.pdf,23,"Guidelines for Documenting Sexual Harassment A person subjected to sexual harassment should do the following: (C ollect and document all accounts of the incident(of sexual harassment as soon as possible after occurrence. If the evidence comes in written form such as a letter, email or text message, keep it. If the evidence is based on oral statement, try to remember the actual words used and write them down as soon as possible. (F or each incident, always record the time and place it happened. (R ecord any audios and videos and photograph any inappropriate images, displays or images that indicate possible sexual harassment. (F or back up, make multiple copies of collected evidence and store them separately from the originals. (No te down the names and contacts of all witnesses and take their statements. 13(Seek medical services in case of physical sexual assault, rape and other related abuses.",148
Policy-and-Regulations-Against-Sexual-Harassment-2018.pdf_chunk_24,Policy-and-Regulations-Against-Sexual-Harassment-2018.pdf,24,"13(Seek medical services in case of physical sexual assault, rape and other related abuses. (K eep records of all health treatment that you received as a result of the sexual harassment. (F amiliarize yourself with the University Policy and Regulations Against Sexual Harassment so that you follow the complaint procedures. (If unsur e of how to go about doing any of this, contact the Directorate of Gender Mainstreaming to assist you gather evidence. (C ommunicate clearly to the individual whose conduct is offensive, unwelcome or intimidating and request that such conduct stops. The request must be direct and consistent. The victim shall avail evidence in this regard. Procedures for handling reported complaints of sexual harassment. (In order to eliminate conflict of interest issues, Anti-Sexual Harassment Committees based at University units are hereby removed from the Policy.",136
Policy-and-Regulations-Against-Sexual-Harassment-2018.pdf_chunk_25,Policy-and-Regulations-Against-Sexual-Harassment-2018.pdf,25,"(In order to eliminate conflict of interest issues, Anti-Sexual Harassment Committees based at University units are hereby removed from the Policy. The Vice Chancellor shall instead set up a standing Roster of 100 persons from which ad hoc committees will be drawn to investigate specific reported complaints of Sexual Harassment. All 100 members shall be persons of integrity, trained and sensitized on sexual harassment, abuse and procedural matters for handling complaints as and when they arise. (All c omplaints of sexual harassment received by any person shall be routed through the Directorate of Gender Mainstreaming, which will notify the office of the Vice Chancellor to institute an ad hoc Committee consisting of a minimum of 3 and a maximum of 7 persons to investigate each reported complaint. The ad hoc committee will be drawn out of the broader Vice-Chancellors Roster of 100 members.",143
Policy-and-Regulations-Against-Sexual-Harassment-2018.pdf_chunk_26,Policy-and-Regulations-Against-Sexual-Harassment-2018.pdf,26,"The ad hoc committee will be drawn out of the broader Vice-Chancellors Roster of 100 members. In case there is a complaint against any member of the implementing organs, he/she will recuse him/herself from the procedure. 14(The R oster of 100 should represent all categories of groups in the University community, that is, academic, administrative and support staff, students (undergraduate and post-graduate) as well as all hierarchical ranks within those categories. The list will be published and updated each year. (The composition of the ad hoc committee to investigate specific complaints must be carefully selected to ensure that: i All member s are competent people of integrity with no previous allegations of sexual harassment and abuse against them; ii Ther e are no conflict of interest issues.",127
Policy-and-Regulations-Against-Sexual-Harassment-2018.pdf_chunk_27,Policy-and-Regulations-Against-Sexual-Harassment-2018.pdf,27,"(The composition of the ad hoc committee to investigate specific complaints must be carefully selected to ensure that: i All member s are competent people of integrity with no previous allegations of sexual harassment and abuse against them; ii Ther e are no conflict of interest issues. Members of the ad hoc Committees nominated for each complaint shall swear oaths of Confidentiality and a sign a declaration of no conflict of interest. iii The t otal number of members is odd for majority-based decisions; iv The c omposition of all ad hoc Committees must maintain gender equity; in any case, the extra odd number member should be female; v Students  representation on ad hoc committees should be limited to complaints where students are involved either as complainants or respondents. No student should sit on an ad hoc committee investigating academic, administrative or support staff.",144
Policy-and-Regulations-Against-Sexual-Harassment-2018.pdf_chunk_28,Policy-and-Regulations-Against-Sexual-Harassment-2018.pdf,28,"No student should sit on an ad hoc committee investigating academic, administrative or support staff. vi If the ac cused individual is a member of the University Central Management, a committee of the University Council shall conduct the investigative process. (The investigative work of ad hoc committees shall be facilitated by a secretariat that comprises members from the Directorates of Gender Mainstreaming and Legal Affairs. It is the duty of the secretariat to ensure that the ad hoc committees adhere to the provisions of this Policy and report any violations to the appointing authority. (The secr etariat shall formulate clear and detailed procedural guidelines for ad hoc Committees to follow during their investigative proceedings. 15(A fter the ad hoc committee has completed its investigations, the chairperson of the Committee shall submit a written report to the appointing authority communicating the committees findings and recommendations.",144
Policy-and-Regulations-Against-Sexual-Harassment-2018.pdf_chunk_29,Policy-and-Regulations-Against-Sexual-Harassment-2018.pdf,29,"15(A fter the ad hoc committee has completed its investigations, the chairperson of the Committee shall submit a written report to the appointing authority communicating the committees findings and recommendations. On receiving the Committees report, the Vice Chancellor or relevant authority shall forward it to the relevant disciplinary organs of the University or relevant entity for consideration and final determination. (Wher e the Investigation Committee finds that there is a case for the respondent to answer regarding the preferred charge(, members who participated in the investigation shall not be members of the disciplinary committee. (F or avoidance of doubt, in cases where the accused person is a staff member, the report shall be forwarded to the Vice Chancellor for onward transmission to the Appointments Board. Where the accused is a student, the report shall be forwarded to Vice Chancellor for onward transmission to the Students Disciplinary Committee of the University.",150
Policy-and-Regulations-Against-Sexual-Harassment-2018.pdf_chunk_30,Policy-and-Regulations-Against-Sexual-Harassment-2018.pdf,30,"Where the accused is a student, the report shall be forwarded to Vice Chancellor for onward transmission to the Students Disciplinary Committee of the University. Where the accused is neither a staff nor a student, the report shall be forwarded to appropriate law enforcement agencies. (When handling sexual harassment complaints, the university shall ensure c ompliance with rules of natural justice. But it should be noted that as quasi-judicial bodies, the investigative and disciplinary entities of the University enjoy relative flexibility and freedom from the strict rules and procedure. Investigations (The In vestigative bodies shall carry out investigations with independence, objectivity and with due diligence and respect for the rights of both the complainant and the respondent. (Wher e there are allegations of conflict of interest by a member, the latter shall recuse him/herself from the Committee investigating the alleged sexual harassment.",142
Policy-and-Regulations-Against-Sexual-Harassment-2018.pdf_chunk_31,Policy-and-Regulations-Against-Sexual-Harassment-2018.pdf,31,"(Wher e there are allegations of conflict of interest by a member, the latter shall recuse him/herself from the Committee investigating the alleged sexual harassment. Lodging of a complaint (A complaint of sexual harassment should be lodged within three years after its occurrence. 16(A complaint received three years after the incident (of sexual harassment may be accepted if there are reasonable grounds why it was not lodged within the prescribed time. (A complaint shall be investigated and a report forwarded to the appropriate organ for further action within three  months after lodgment. Representation During the investigation process, parties will have a right to legal representation at their expense. Where one of the parties has procured legal representation, the secretariat shall advise the other party to seek legal aid from an approved legal aid service provider. A friend or colleague may accompany a complainant or the respondent to the hearing.",149
Policy-and-Regulations-Against-Sexual-Harassment-2018.pdf_chunk_32,Policy-and-Regulations-Against-Sexual-Harassment-2018.pdf,32,"A friend or colleague may accompany a complainant or the respondent to the hearing. Sexual Harassment Archive The Directorate of Gender Mainstreaming shall keep a digital and physical record of all cases of sexual harassment investigated and or determined by university organs. Protection of Personal Dignity (The per sonal dignity of all parties shall be respected during the hearing. (All pr oceedings under this Policy shall not be open to the public. Service of summons The investigation Committee shall issue summons to the respondent who shall respond in writing within seven  days from the date of service. Failure to Respond to Summons Where a respondent has been summoned and fails to lodge a written response within the prescribed period or fail to appear in person on the day of a scheduled hearing, the committee may proceed ex-parte.",137
Policy-and-Regulations-Against-Sexual-Harassment-2018.pdf_chunk_33,Policy-and-Regulations-Against-Sexual-Harassment-2018.pdf,33,"Failure to Respond to Summons Where a respondent has been summoned and fails to lodge a written response within the prescribed period or fail to appear in person on the day of a scheduled hearing, the committee may proceed ex-parte. Monitoring The University Directorates of Gender Mainstreaming and Legal Affairs shall monitor compliance of decisions made in respect of all lodged complaints. Penalties (A person found guilty of sexual harassment shall, depending on the gravity of the offence, be liable to any or a combination of the following: Written warning;Counseling;Restraining Order; Apology to the aggrieved party;Compensation to the aggrieved party;Fines of up to two years salary;Suspension; Demotion; ix Dismissal; Criminal investigation and prosecu tion (A per son who has been found guilty by the appropriate disciplinary organ shall be handled in accordance with the laws and policies that govern the University, the Public Service Standing orders and other national laws.",150
Policy-and-Regulations-Against-Sexual-Harassment-2018.pdf_chunk_34,Policy-and-Regulations-Against-Sexual-Harassment-2018.pdf,34,"Penalties (A person found guilty of sexual harassment shall, depending on the gravity of the offence, be liable to any or a combination of the following: Written warning;Counseling;Restraining Order; Apology to the aggrieved party;Compensation to the aggrieved party;Fines of up to two years salary;Suspension; Demotion; ix Dismissal; Criminal investigation and prosecu tion (A per son who has been found guilty by the appropriate disciplinary organ shall be handled in accordance with the laws and policies that govern the University, the Public Service Standing orders and other national laws. (The penalties giv en by the relevant disciplinary organ shall not preclude the victim from seeking remedies provided by the national judicial framework.",111
Policy-and-Regulations-Against-Sexual-Harassment-2018.pdf_chunk_35,Policy-and-Regulations-Against-Sexual-Harassment-2018.pdf,35,"(The penalties giv en by the relevant disciplinary organ shall not preclude the victim from seeking remedies provided by the national judicial framework. (If a par ty institutes criminal proceedings resulting from the criminal aspects of the allegations or civil proceedings for the civil elements, it shall not impede the University internal disciplinary mechanism from proceeding with the investigation, hearing and determination of the matter. Appeals (Bo th the complainant and respondent have a right of appeal if dissatisfied with the decision of the internal Disciplinary organs of the University. 18(A person who is not satisfied with the decision of the Disciplinary organs of the University may, within fourteen  days of the decision, appeal against the decision to the relevant appellate organ. (The Sena te Anti-Sexual Harassment Appellant Committee is hereby disbanded.",132
Policy-and-Regulations-Against-Sexual-Harassment-2018.pdf_chunk_36,Policy-and-Regulations-Against-Sexual-Harassment-2018.pdf,36,"(The Sena te Anti-Sexual Harassment Appellant Committee is hereby disbanded. (F or academic, administrative and support staff, appeals shall be directed to the Staff Appeals Tribunal, while students shall appeal to the Students Affairs Committee of the University Council. Others shall appeal to the University Council. (The Appella te Organs shall dispose of all appeals within three  months from the date of lodgment of the Appeal. (An y person who is dissatisfied with the decision of the University Appellate Organs shall, upon exhaustion of all internal remedies, appeal to the High Court within fourteen  days. Suspension The Vice-Chancellor shall have the mandate to suspend a member of the university community against whom a complaint of sexual harassment has been lodged, provided that any such suspension is carried out in conformity with the prevailing human resources policy and regulations of the university.",141
Policy-and-Regulations-Against-Sexual-Harassment-2018.pdf_chunk_37,Policy-and-Regulations-Against-Sexual-Harassment-2018.pdf,37,"Suspension The Vice-Chancellor shall have the mandate to suspend a member of the university community against whom a complaint of sexual harassment has been lodged, provided that any such suspension is carried out in conformity with the prevailing human resources policy and regulations of the university. Interpretation The provisions of this Policy shall be interpreted in  accordance with the laws governing Uganda including the 1995 Uganda constitution, Employment Act, 2006, The Public Service Act and the Public Service Standing Orders, inter alia. Commencement and Amendment This Policy shall come into force on the date of approval by the University Council, that is, 5th December The policy can be amended by the University Council as and when deemed necessary. To eliminate violence against women and girls Supported byGENDER MAINSTREAMING DIRECTORATE Level 4, Room 402, Senate Building P. O.",137
Policy-and-Regulations-Against-Sexual-Harassment-2018.pdf_chunk_38,Policy-and-Regulations-Against-Sexual-Harassment-2018.pdf,38,"To eliminate violence against women and girls Supported byGENDER MAINSTREAMING DIRECTORATE Level 4, Room 402, Senate Building P. O. Box 7062, Kampala - Uganda Email: directorgendermainstreaming.mak.ac.ug Website: gendermainstreaming.mak.ac.ug Facebook Page: http://www.facebook.com/ makGMD Twitter Handle: GenderMainstre1 Tel: 0755 797 130",39
UTAMU-Disability-Policy.pdf_chunk_0,UTAMU-Disability-Policy.pdf,0,"1 STUDENTS WITH DISABILITIES (SWDs) POLICY Draft February 2014  Uganda Technology and Manage ment University (UTAMU), February 2014 The content in this policy is copyright of Uganda Technology and Man agement University (UTAMU) 2014 . All rights reserved. Any redistribution or reproduction of part or all of the contents in any form is prohibited other than the following: You may print or download to a local hard disk extracts for your personal and non -commercial use only You may copy the content t o individual third parties for their personal use, but only if you acknowledge the original source of the material.",102
UTAMU-Disability-Policy.pdf_chunk_1,UTAMU-Disability-Policy.pdf,1,"Any redistribution or reproduction of part or all of the contents in any form is prohibited other than the following: You may print or download to a local hard disk extracts for your personal and non -commercial use only You may copy the content t o individual third parties for their personal use, but only if you acknowledge the original source of the material. 2 Table of Contents INTRODUCTION .................................................................................................................................................................. 3 STATEMENT OF INTENT ................................................................................................................................................ 3 THE LEGAL FRAMEWORK ..................................................................................................................................... 3 PURPOSE ...................................................................................................................................................................... 4 OBJECTIVES OF THE POLICY .................................................................................................................................. 4 RIGHTS AND RESPONSIBILITIES OF STUDENTS WITH DISABILITIES ......................................................... 4 1 INSTITUTIONAL RIGHTS AND RESPONSIBILITIES ......................................................................................... 5 ADMISSION POLICY .................................................................................................................................................... 5 SERVICES FOR STUDENTS WITH DISABILITIES ............................................................................................ 5 PROCEDURES FOR ACCESSING SERVICES ........................................................................................................... 6 1 Testing Accommodations Policy ............................................................................................................................. 7 2 Examination Administration Procedure ................................................................................................................. 8 DISCRIMINATION COMPLAINT PROCEDURES ............................................................................................... 8 Structural improvements ........................................................................................................................................... 9 Annexure A ............................................................................................................................................................................. 9 Annexure B ........................................................................................................................................................................... 10 3 INTRODUCTION The Persons with Disabilities Act, 2006 (section 5 a and states that Government shall promote the educational development of Persons with Disabilities through encouragement of inclusive education; and, the formulation and design of educational policies and Programs that promote the special needs and requirements of persons with disabilities.",202
UTAMU-Disability-Policy.pdf_chunk_2,UTAMU-Disability-Policy.pdf,2,"2 Table of Contents INTRODUCTION .................................................................................................................................................................. 3 STATEMENT OF INTENT ................................................................................................................................................ 3 THE LEGAL FRAMEWORK ..................................................................................................................................... 3 PURPOSE ...................................................................................................................................................................... 4 OBJECTIVES OF THE POLICY .................................................................................................................................. 4 RIGHTS AND RESPONSIBILITIES OF STUDENTS WITH DISABILITIES ......................................................... 4 1 INSTITUTIONAL RIGHTS AND RESPONSIBILITIES ......................................................................................... 5 ADMISSION POLICY .................................................................................................................................................... 5 SERVICES FOR STUDENTS WITH DISABILITIES ............................................................................................ 5 PROCEDURES FOR ACCESSING SERVICES ........................................................................................................... 6 1 Testing Accommodations Policy ............................................................................................................................. 7 2 Examination Administration Procedure ................................................................................................................. 8 DISCRIMINATION COMPLAINT PROCEDURES ............................................................................................... 8 Structural improvements ........................................................................................................................................... 9 Annexure A ............................................................................................................................................................................. 9 Annexure B ........................................................................................................................................................................... 10 3 INTRODUCTION The Persons with Disabilities Act, 2006 (section 5 a and states that Government shall promote the educational development of Persons with Disabilities through encouragement of inclusive education; and, the formulation and design of educational policies and Programs that promote the special needs and requirements of persons with disabilities. The general principle of making institutions accessible to and conducive for all people to participate equally and fully in terms of gender is now part of the fabric of our society, however, Government has been fa cing challenges with implementation of disability policies.",181
UTAMU-Disability-Policy.pdf_chunk_3,UTAMU-Disability-Policy.pdf,3,"The general principle of making institutions accessible to and conducive for all people to participate equally and fully in terms of gender is now part of the fabric of our society, however, Government has been fa cing challenges with implementation of disability policies. As in other fields of anti - discriminatory activity, the achievement of equal opportunity necessitates meaningful changes to internal structures and not simply a provision of separate services supposedly designed to make the life of a Person with Disability more tolerable. Uganda Technology and Management University (UTAMU) is a new University desirous of making education accessible to all including Persons with Disabilities in linewith the objec tives of the Universities and Other Tertiary Institutions Act, 2001 of widening accessibility to high quality standard institutions to students wishi ng to pursue higher education.",135
UTAMU-Disability-Policy.pdf_chunk_4,UTAMU-Disability-Policy.pdf,4,"Uganda Technology and Management University (UTAMU) is a new University desirous of making education accessible to all including Persons with Disabilities in linewith the objec tives of the Universities and Other Tertiary Institutions Act, 2001 of widening accessibility to high quality standard institutions to students wishi ng to pursue higher education. STATEMENT OF INTENT Uganda Technology and Management University (UTAMU) is committed to a policy of equality of opportunity for Students with Disabilities and aims to create an environment which enables them to participate fully in University life. The Universi ty is determined to take appropriate steps to ensure that its respo nsibilities under the Universities and Other Tertiary Institutions Act, 2001 and other National pieces of legislatio n on Education of Persons with Disabilities are enactedin a way that promotes the independence of students with disabilities and whic h tackles and eliminates discrimination against such individuals.",147
UTAMU-Disability-Policy.pdf_chunk_5,UTAMU-Disability-Policy.pdf,5,"The Universi ty is determined to take appropriate steps to ensure that its respo nsibilities under the Universities and Other Tertiary Institutions Act, 2001 and other National pieces of legislatio n on Education of Persons with Disabilities are enactedin a way that promotes the independence of students with disabilities and whic h tackles and eliminates discrimination against such individuals. This policy applies to any present or potential student who has additional needs arising from a disability. For the purposes of this policy, disability means a substantial functional limit ation o f daily life activities caused by physical, mental or sensory impairment and environment barriers resulting in limited participation. The University values the diversity of its student population and is committe d to ensuring that the highest equality and diversity standards are maintained.",132
UTAMU-Disability-Policy.pdf_chunk_6,UTAMU-Disability-Policy.pdf,6,"The University values the diversity of its student population and is committe d to ensuring that the highest equality and diversity standards are maintained. It will endeavor to proactively anticipate the requirements of Students with Disabilities before and during their academic life while at the University. The University will endeavor to provide information to applicants about course requiremen ts. The University will work alongside Students with Disabilities to provide an inclusive environ ment to all persons wishing to acquire higher education, including persons with disabilities regardless of race, political opinion, colour , creed or sex.",95
UTAMU-Disability-Policy.pdf_chunk_7,UTAMU-Disability-Policy.pdf,7,"The University will work alongside Students with Disabilities to provide an inclusive environ ment to all persons wishing to acquire higher education, including persons with disabilities regardless of race, political opinion, colour , creed or sex. THE LEGAL FRAMEWORK The UN Convention on the Rights of Persons with Disabilities, 2008, Article 24  obligates state parties to ensure that Persons with Disabilities (PWDs) are able to access general tertiary education, vocational training, adult education and lifelong learning without discrimination and on an equal basis with others and that parties shall ensure that reasonable accommodation is provided for PWDs. The convention further states that per sons with disabilities shall be able to access an inclu sive quality education without discrimination and should be given equal opportunities at all levels and life long learning.",131
UTAMU-Disability-Policy.pdf_chunk_8,UTAMU-Disability-Policy.pdf,8,"The convention further states that per sons with disabilities shall be able to access an inclu sive quality education without discrimination and should be given equal opportunities at all levels and life long learning. 4 The Persons with Disability Act , 2006 Section 19 makes it the responsibilit y of al l organs in the public or private institutions to provide safe and suitable access to all buildings for PWDs. The Act requires service providers to alter any practices policies or procedures that make it impossible or unreasonably difficult for persons with Disabilities to use the services and to provide auxiliary aids o r services which should enable people with disabilities to use a service by a reasonable alternative method.",120
UTAMU-Disability-Policy.pdf_chunk_9,UTAMU-Disability-Policy.pdf,9,"The Act requires service providers to alter any practices policies or procedures that make it impossible or unreasonably difficult for persons with Disabilities to use the services and to provide auxiliary aids o r services which should enable people with disabilities to use a service by a reasonable alternative method. Section 24 (of the Universities and Other Tertiary Institutions Act , 2001 (as amended) provides that it is the function of the University to disseminate knowledge and give opportunity of acquiring higher education to all persons including persons with disabilities who wish to do so without discrimination. The act requires that persons with disabilities must be given the same opportunities as any other students as regards access to all the institutions facilities like lecture rooms, halls of residence, libraries and recreation facilities.",132
UTAMU-Disability-Policy.pdf_chunk_10,UTAMU-Disability-Policy.pdf,10,"The act requires that persons with disabilities must be given the same opportunities as any other students as regards access to all the institutions facilities like lecture rooms, halls of residence, libraries and recreation facilities. Persons with disabilities should receive the support required within the general education system including effective individualized support measures to maximize academic and social development consistent with the goal of full inclusion. PURPOSE The overall purpose of the policy i s to provide a supportive frame work for Persons with disabilities to acquire higher education. OBJECTIVES OF THE POLICY To provide and protect rights of students with disabilities at the University To ensure that the University provides all students including Students with Disabilities (SWDs) with equal opportunities to benefit from and contribute to the learning and services ava ilable at Uganda Technology and Management University.",139
UTAMU-Disability-Policy.pdf_chunk_11,UTAMU-Disability-Policy.pdf,11,"OBJECTIVES OF THE POLICY To provide and protect rights of students with disabilities at the University To ensure that the University provides all students including Students with Disabilities (SWDs) with equal opportunities to benefit from and contribute to the learning and services ava ilable at Uganda Technology and Management University. To combat discrimination and stigma against students with disabi lities at the University. To guide improvements to the physical and learning environment at the University to enable stude nts with disabilities reach maximum potential. To offer additional provisions to ensure that PWDS are not disadvantaged in acc essing University Programmes and facilities. To develop linkages with local and international communities, gove rnment and NGOs to support and facilitate full inclusion of students with disabilities in all University activities.",128
UTAMU-Disability-Policy.pdf_chunk_12,UTAMU-Disability-Policy.pdf,12,"To develop linkages with local and international communities, gove rnment and NGOs to support and facilitate full inclusion of students with disabilities in all University activities. RIGHTS AND RESPONSIBILITIES OF STUDENTS WITH DISABILITIES Every student with a disability has the following rights: Equal access to courses, programs, services, activities, and facilities available at the University. Reasonable and appropriate accommodations, academic adjustments, and/or auxiliary aids determined on a case- by-case basis. Appropriate confidentiality of all information pertaining to his/her disability with the choice of whom to disclose their dis ability except as required by law. Information reasonably available in accessible formats. Every student with a disability has the responsibility to: Meet the Universitys qualifications and essential technical, academic, and institutional standa rds. Identify him/herself in a timely manner as an individual with a disability when seeking an accommodation.",137
UTAMU-Disability-Policy.pdf_chunk_13,UTAMU-Disability-Policy.pdf,13,"Identify him/herself in a timely manner as an individual with a disability when seeking an accommodation. 5 Provide documentation from an appropriate professional source that verifies the nature of the disability, functional limitations, and the need for specific accommodations. Follow specific procedures for obtaining reasonable and appropriate accommodations, academic adjustments, and/or auxiliary aids. 1 INSTITUTIONAL RIGHTS AND RESPONSIBILITIES Uganda Technology and Management University has the right to: Maintain the Universitys academic standards. Request current documentation from a student completed by an appropriate professional source to verify the need for reasonable accommodations, academic adjustments, and/o r auxiliary aids. Discuss a students need for reasonable accommodations, academic adjustments, and/or auxiliary aids with the professional source of his/her documentation with the students signed consent authorizing such discussion. Select among equally effective and appropriate accommodations, adjustments, and/or auxiliary aids in consultation with students with disabilities.",141
UTAMU-Disability-Policy.pdf_chunk_14,UTAMU-Disability-Policy.pdf,14,"Select among equally effective and appropriate accommodations, adjustments, and/or auxiliary aids in consultation with students with disabilities. Deny a request for accommodations, academic adjustments, and/or auxiliary aids if the documentation does not identify a specific disability, the documentation fails to verify the need for the requested services, or the documentation is not provided in a timely manner. Refuse to provide an accommodation, adjustment, and/or auxiliary aid that is ina ppropriate or unreasonable including any that poses a direct threat to the health and safety of others; Uganda Technology and Management University through its Disability Contact office ( Director Academic Affairs - Students Office) has the responsibility to:  Ensure that University courses, programs, services, jobs, activities, and facilities, when viewed in their entirety, are offered in the most integrated and appropriate settings. Provide information regarding policies and procedures to students with disabilities and assure its availability in accessible formats upon request.",150
UTAMU-Disability-Policy.pdf_chunk_15,UTAMU-Disability-Policy.pdf,15,"Provide information regarding policies and procedures to students with disabilities and assure its availability in accessible formats upon request. Evaluate students on their abilities, not their disabilities. Provide reasonable and appropriate accommodations, academic adjustments, and/or auxiliary aids for students with disabilities upon a timely request by a student. Maintain appropriate confidentiality of records and communication concerning students with disabilities except where disclosure is required by law or authorized by the student. Inform students with disabi lities of University policies and procedures ADMISSION POLICY All applications from candidates who have disclosed a disability shall be considered in the same way as any other application and a decision shall be made that is based upon the candidate s academic merit and potential. No applicant shall be refused a place at the University on the grounds of disability.",135
UTAMU-Disability-Policy.pdf_chunk_16,UTAMU-Disability-Policy.pdf,16,"No applicant shall be refused a place at the University on the grounds of disability. SERVICES FOR STUDENTS WITH DISABILITIES Any student with a disability may be eligible to receive services from the Office of the Dean of students. The University shall offer many services to its students with disabilities. Eligibili ty for these services shall be determined individually based on documented need. These shall include: 6 Pre-admission counseling and new student orientation Academic accommodations - Electronic content - Alternate formats for printed materials Assistive technology refferal Referral and liaison services to agencies such as the associations o f the Deaf and Hearing Impaired, Rehabilitation Services, Blind and low vis ion impaired, Blind and Dyslexic, Physically impaired, heard of hearing, etc Information and referral source to all University and community programs and services Students wanting to access services must self -identify and provide appropriate verification of their disability.",148
UTAMU-Disability-Policy.pdf_chunk_17,UTAMU-Disability-Policy.pdf,17,"These shall include: 6 Pre-admission counseling and new student orientation Academic accommodations - Electronic content - Alternate formats for printed materials Assistive technology refferal Referral and liaison services to agencies such as the associations o f the Deaf and Hearing Impaired, Rehabilitation Services, Blind and low vis ion impaired, Blind and Dyslexic, Physically impaired, heard of hearing, etc Information and referral source to all University and community programs and services Students wanting to access services must self -identify and provide appropriate verification of their disability. Eligibility for reasonable and appropriate accommodations will be determined on an individual basis. Appropriate documentation will assist the student and the University in determining reasonable accommodations.",111
UTAMU-Disability-Policy.pdf_chunk_18,UTAMU-Disability-Policy.pdf,18,"Appropriate documentation will assist the student and the University in determining reasonable accommodations. Students requesting accommodations of either an academic or personal nature must meet with the Director Academic affairs and present appropriate documentation prior to receiving service s. Documentation must be current, in most cases not exceeding three years from the current date. This documentation must be a comprehensive assessment including recommendations for accommodations as well as recommendations for treatment. The diagnostician must be an impartial individual who is not a family member of the student. The purpose of accommodations and modifications is to reduce or eliminate any disadvantages that may exist because of an individuals disability. The law does not require institut ions to waive specific courses or academic requirements considered essential to a particular program or degree.",130
UTAMU-Disability-Policy.pdf_chunk_19,UTAMU-Disability-Policy.pdf,19,"The law does not require institut ions to waive specific courses or academic requirements considered essential to a particular program or degree. Rather, they are mandated to modify existing requirements on a case- by-case basis in order to ensure that individuals are not discriminated aga inst on the basis of their disability. PROCEDURES FOR ACCESSING SERVICES The Student with Disability shall contact the Office of the Director Academic Affairs at the University campus or School of attendance to request information about procedures for accessing services. Responsibilities of the Office of the Include:  Determining eligibility for participation of students with disabilities in the academic accommodations process based upon a review of appropriate documentation. Determining appropriate accommodations for each student based on the individuals need. Ensuring the student receives appropriate accommodations. Interacting with faculty when appropriate.",134
UTAMU-Disability-Policy.pdf_chunk_20,UTAMU-Disability-Policy.pdf,20,"Interacting with faculty when appropriate. Responsibilities of the Student Include:  Contacting the Office of the Dean of Stu Director Academic Affairs dents at the campus he/she is attending at the beginning of each semester so that appropriate accommodations can be requested in a timely manner. Students are strongly encouraged to make this contact within 7 the first two weeks of each semester. This includes filling out the required paperwork, which indicates the students need (e.g., extended time to complete exams, note taker, sign language interpreter, etc.). Providing the Office of the Dean of Students with appropriate medical, psychological, psycho educational or neuropsychological documentation indicating the students disability, resultant functional limitations, impact of the disability in a postsecondary environment and any recommended or suggested ac commodations.",125
UTAMU-Disability-Policy.pdf_chunk_21,UTAMU-Disability-Policy.pdf,21,"Providing the Office of the Dean of Students with appropriate medical, psychological, psycho educational or neuropsychological documentation indicating the students disability, resultant functional limitations, impact of the disability in a postsecondary environment and any recommended or suggested ac commodations. Providing signed consent authorizing the Office of the Dean of Students to discuss his/her need for reasonable accommodations, academic adjustments, and/or auxiliary aids with the professiona l source of his/her documentation. Informing the faculty Dean or Head of Department at the beginning of each s emester about his/her disability, how performance may be affected, and necessary and reasonable accommodation(. Meeting the timelines and procedural requirements established by the Office of t he Dean of Students for scheduling exams, requesting assistance, arranging w ith a faculty Dean, and/or the Office of the academic registrar.",132
UTAMU-Disability-Policy.pdf_chunk_22,UTAMU-Disability-Policy.pdf,22,"Meeting the timelines and procedural requirements established by the Office of t he Dean of Students for scheduling exams, requesting assistance, arranging w ith a faculty Dean, and/or the Office of the academic registrar. Responsibilities of the Faculty Dean include:  Discussing with the Office of the Dean of Students any concerns r elated to the accommodation(or arrangements that have been requested by the student during their initial contacts. Determining the conditions under which the exam is to be administered (e.g., open book, use of notes, computer with word processing incl uding spell check, formula sheet, calculator, dictionary). Providing appropriate accommodations, either personally or by making arrangements with the office of the Dean of Students. Ensuring the timely delivery of the exam, along with all necessary instr uctions and materials for proper administration, if a students exam is to be administered outside of class.",143
UTAMU-Disability-Policy.pdf_chunk_23,UTAMU-Disability-Policy.pdf,23,"Ensuring the timely delivery of the exam, along with all necessary instr uctions and materials for proper administration, if a students exam is to be administered outside of class. The faculty member may also make arrangements with the student for the delivery and return of the exam. Ensuring the confidentiality of informat ion regarding students with disabilities. 1 Testing Accommodations Policy Students with disabilities may receive test accommodations determined on an individual basis. Te st, as used in this context, refers to quizzes and examinations taken during the semester in conjunction with an academic class. Students should discuss their specific needs for testing accommodati ons with Office of the Director Academic Affairs within the first two weeks of a semester. Students with documented disabilities who require accommodations m ust identify themselves to the University and present appropriate documentation, as detailed in the preceding section.",144
UTAMU-Disability-Policy.pdf_chunk_24,UTAMU-Disability-Policy.pdf,24,"Students with documented disabilities who require accommodations m ust identify themselves to the University and present appropriate documentation, as detailed in the preceding section. The DAAwill then generate a testing accommodation request letter, which the student will hand carry to each class instructor. The two University agents authorized to determine appropriate academic accommodations are the De puty Vice Chancellor (DVC) the Director AcademicAffairs (DAA) . Any other requests for academic accommodations from other University entities are no t mandated. Students are responsible for meeting with Lecturers to discuss examin ation considerations at the beginning of the semester (within the first Two weeks). It is the Uni versitys policy that 8 students take exams at the scheduled time of the course unless the (DVC) and DAA approve an alternate time. It is also the policy that exams be administered wi thin the academic department whenever possible.",145
UTAMU-Disability-Policy.pdf_chunk_25,UTAMU-Disability-Policy.pdf,25,"It is also the policy that exams be administered wi thin the academic department whenever possible. Test accommodations determined on a case- by-case basis may include:  Extended time to complete examinat ions and quizzes;  A reduced distraction environment separate from the class;  Special equipment such as a word processor, magnifier, or bra iller;  Readers and/or scribes; and  Alternate formats such as oral or taped tests. Reasonable accommodations depen d upon the nature and degree of severity of the documented disability. While it requires that priority consideration be given to the specific metho d requested by the student, it does not imply that a particular accommodation must be granted if it is d eemed not reasonable and other suitable techniques are available. 2 Examination Administration Procedure Exams must be taken during the regular class time unless the DAA of the University approve s an alternat ive time.",146
UTAMU-Disability-Policy.pdf_chunk_26,UTAMU-Disability-Policy.pdf,26,"2 Examination Administration Procedure Exams must be taken during the regular class time unless the DAA of the University approve s an alternat ive time. Exams must be scheduled at least 48 hours in advance in order to ensure adequate accommodations. Failure to provide adequate notice may result i n the accommodations not being available. When scheduling a quiz/exam, students and Lecturers should be pr epared with whether or not any materi als allowed during the test, as well as the method of delivery and return of the exam. Please note the following:  All test materials, including calculators, will be checked by the Examination Board prior to the start of the exam. Once a student begins an exam, he/she will not be permitted to leave the room.",127
UTAMU-Disability-Policy.pdf_chunk_27,UTAMU-Disability-Policy.pdf,27,"Once a student begins an exam, he/she will not be permitted to leave the room. In the case of an emergency, the Examination Supervisor will document why the student left and will inform the Dean of the School . Cell phones, pagers, student backpacks, hats, bags, etc. are not permitted in the testing room. Students who are more than a half- hour late of the scheduled start time will not be examined without approval of the Examination Supervisor. DISCRIMINATION COMPLAINT PROCEDURES Uganda Technology an d Management University is committed to altering any practices, policies or procedures that make it impossible or unreasonably difficult for SWDs to use the service and to provide auxiliary aids or services which would enable them to use a service. All students and staff shall be expected to treat disabled colleagues with the same dignity and respect as their non-disabled counterparts.",145
UTAMU-Disability-Policy.pdf_chunk_28,UTAMU-Disability-Policy.pdf,28,"All students and staff shall be expected to treat disabled colleagues with the same dignity and respect as their non-disabled counterparts. Any form of harassment of a person with disability on account of their impairment is unacceptable and shall lead to disciplinary action. Any student of the University community injured by the discriminatory behavior of an employee may file and submit a complaint to the Director Academic Affairs . 9  Similar complaints against students should be filed with the Director Academic Affairs . University policy prohibits discrimination on the basis of race, sex (ge nder, sexual harassment), age, ethnic ity, physical or mental disabilities, marital status, religion, sta tus as a Member of Parliament, Political party, and or any other group.",121
UTAMU-Disability-Policy.pdf_chunk_29,UTAMU-Disability-Policy.pdf,29,"University policy prohibits discrimination on the basis of race, sex (ge nder, sexual harassment), age, ethnic ity, physical or mental disabilities, marital status, religion, sta tus as a Member of Parliament, Political party, and or any other group. Retaliation against a complainant for filing a complaint, or against wit nesses for providing testimony during an investigation, is also prohibited and can be filed as a separate charge under these procedures. For the purpose of this policy, discrimination is understood: That no otherwise qualified Person with Disability shall solely by reason of such disability, be e xcluded from the participation in, be denied the benefits of, or be subjected to discrimination in programmes of activities sponsored by the University.",118
UTAMU-Disability-Policy.pdf_chunk_30,UTAMU-Disability-Policy.pdf,30,"For the purpose of this policy, discrimination is understood: That no otherwise qualified Person with Disability shall solely by reason of such disability, be e xcluded from the participation in, be denied the benefits of, or be subjected to discrimination in programmes of activities sponsored by the University. Structural improvements A programme of improvement to the environment for learning, working, so cial interaction shall continue to be implemented to support as far as is reasonably practicable and within available resources the full and effective involvement of Students with Disabilities. Annexure A Glossary of Terms Accessible: In the case of a facility, readily usable by a particular individual; in the case of a program or activity, presented or provided in such a way that a particular individual can participate, with or without auxiliary aides); in the case of electronic resources, accessible with or without assistive computer technology.",146
UTAMU-Disability-Policy.pdf_chunk_31,UTAMU-Disability-Policy.pdf,31,"Annexure A Glossary of Terms Accessible: In the case of a facility, readily usable by a particular individual; in the case of a program or activity, presented or provided in such a way that a particular individual can participate, with or without auxiliary aides); in the case of electronic resources, accessible with or without assistive computer technology. Access barriers : Any obstruction that prevents people with disabilities from using standard facilities, equipment and resources. Accommodation: An adjustment to make a program, facility, or resource accessible to a person with a disability. Adaptive technology : Hardware or software products that provide access to a computer that is otherwise inaccessible to an individual with a disability.",114
UTAMU-Disability-Policy.pdf_chunk_32,UTAMU-Disability-Policy.pdf,32,"Adaptive technology : Hardware or software products that provide access to a computer that is otherwise inaccessible to an individual with a disability. Assistive/ Auxiliary aids and services : An assist ive aid is any device and/or ergonomic solution, capable of reducing the social effects or barriers experienced by an individual with a disability and include qualified readers, Interpreters and guides; taped texts, audio, visual and Pictorial recording; Braille equipment, large print and Brailed materials; tactile equipment, orthopedic appliance and other devises and services that support PWDs to participate effectively in all aspects of life. Braille: System of embossed characters formed by using a Brai lle cell, a combination of six dots consisting of two vertical columns of three dots each. Each simple Braille character is formed by one or more of these dots and occupies a full cell or space. Some Braille may use eight dots.",147
UTAMU-Disability-Policy.pdf_chunk_33,UTAMU-Disability-Policy.pdf,33,"Some Braille may use eight dots. Communication device : Hardware that allows a person who has difficulty using their voice clearly to use words or symbols for communication. May range in complexity from a simple picture board to complex electronic devices that allow personalized, unique construction of ideas. 10 Facility : All or any portion of a physical complex, including buildings, structures, equipment, grounds, roads, and parking lots. Hearing impairments : Complete or partial loss of ability to hear caused by a variety of injuries or diseases including congenital defects. Inclusion : Inclusion implies a change from an individual change model to a system change model that emphasizes that society has to change to accommodate diversity, e. to accommodate all people. Interpreter: Professional person who a ssists a deaf person in communicating with hearing people.",135
UTAMU-Disability-Policy.pdf_chunk_34,UTAMU-Disability-Policy.pdf,34,"Interpreter: Professional person who a ssists a deaf person in communicating with hearing people. Large print books: Most ordinary print is six to ten points in height (about 1/16 to 1/8 of an inch). Large type is fourteen to eighteen points (about 1/8 to 1/4 of an inch) and sometimes larger. The format of large print books is also proportionately larger (usually 8 1/2 x 11 inches). Major life activities : Functions such as caring for oneself, performing manual tasks, walking, seeing, hearing, speaking, breathing, learning, working, and partic ipating in community activities. Mobility impairment : Disability that affects movement ranging from gross motor skills such as walking to fine motor movement involving manipulation of objects by hand. Personal Assistants/Guides : Personal assistance servi ces enable people with severe disabilities to exercise their rights to choice and dignity within their own homes.",142
UTAMU-Disability-Policy.pdf_chunk_35,UTAMU-Disability-Policy.pdf,35,"Personal Assistants/Guides : Personal assistance servi ces enable people with severe disabilities to exercise their rights to choice and dignity within their own homes. It provides an opportunity to People with Disabilities to regain a large percentage of their independence. Personal connotes that the assistance has to be customized to an individuals needs. Reader: Volunteer or employee of an individual with a disability (e.g., visual impairment, learning disability) who reads printed material in person or records to audiotape. Screen enlargement: Hardware and/or software that increases the size of characters and text on a computer screen. Screen reader: Software used to echo text on a computer screen to audio output, often used by people who are blind, with visual impairments, or with learning disabili ties. Sign language: Manual communication commonly used by deaf. The gestures or symbols in sign language are organized in a linguistic way.",145
UTAMU-Disability-Policy.pdf_chunk_36,UTAMU-Disability-Policy.pdf,36,"The gestures or symbols in sign language are organized in a linguistic way. Each individual gesture is called a sign. Each sign has three distinct parts; the handshape, the position of the hands, and the movement of the hands. Deaf people from different countries speak different sign languages. Universal design: Designing programs, services, tools, and facilities so that they are useable, without modification, by the widest range of users possible, taking into account a variety of abilities and disabilities.",79
UTAMU-Disability-Policy.pdf_chunk_37,UTAMU-Disability-Policy.pdf,37,"Universal design: Designing programs, services, tools, and facilities so that they are useable, without modification, by the widest range of users possible, taking into account a variety of abilities and disabilities. Annexure B Definition of Disability Disability means a substantial functional limitation of daily life activities caused by physical, ment al or sensory impairment and environment barriers resulting in limited participation; 11 While  person with disability  means a person having physical, intellectual, sensory or mental impairment which substantially limits one or more of the major life activities of that person; Functional disability is a measure of how well an individual can perform certain activities suitable for his or her own age and can be defined as either difficulty with or the complete inability to perform these activities.",127
UTAMU-Disability-Policy.pdf_chunk_38,UTAMU-Disability-Policy.pdf,38,"Annexure B Definition of Disability Disability means a substantial functional limitation of daily life activities caused by physical, ment al or sensory impairment and environment barriers resulting in limited participation; 11 While  person with disability  means a person having physical, intellectual, sensory or mental impairment which substantially limits one or more of the major life activities of that person; Functional disability is a measure of how well an individual can perform certain activities suitable for his or her own age and can be defined as either difficulty with or the complete inability to perform these activities. These act ivities include: playing for children under age 6, attending school for children aged 6 to 17, working or keeping house for persons aged 18 -64, and carrying out basic life activities necessary for living independently for persons aged 65 or over.",139
UTAMU-Disability-Policy.pdf_chunk_39,UTAMU-Disability-Policy.pdf,39,"These act ivities include: playing for children under age 6, attending school for children aged 6 to 17, working or keeping house for persons aged 18 -64, and carrying out basic life activities necessary for living independently for persons aged 65 or over. The Prea mble to the Convention on the Rights of Persons with Disabilities (CRPD) acknowledges that disability is an evolving concept, but also stresses that disability results from the interaction between persons with impairments and attitudinal and environme ntal barriers that hinder their full and effective  participation in society on an equal basis with others Negative attitudes towards disability can result in negative treatment of people with disabilities, for example:  Students bullying other Students with disabilities in schools  Bus and Taxi drivers failing to support access needs of passengers with disabilities  Employers discriminating against people with disabilities  Strangers mocking people with disabilities Levels of functional Disability Six mutually exclusive levels of functional disability are used for adults.",160
UTAMU-Disability-Policy.pdf_chunk_40,UTAMU-Disability-Policy.pdf,40,"The Prea mble to the Convention on the Rights of Persons with Disabilities (CRPD) acknowledges that disability is an evolving concept, but also stresses that disability results from the interaction between persons with impairments and attitudinal and environme ntal barriers that hinder their full and effective  participation in society on an equal basis with others Negative attitudes towards disability can result in negative treatment of people with disabilities, for example:  Students bullying other Students with disabilities in schools  Bus and Taxi drivers failing to support access needs of passengers with disabilities  Employers discriminating against people with disabilities  Strangers mocking people with disabilities Levels of functional Disability Six mutually exclusive levels of functional disability are used for adults. Level I is the most severe and Level VI the least.",128
UTAMU-Disability-Policy.pdf_chunk_41,UTAMU-Disability-Policy.pdf,41,"Level I is the most severe and Level VI the least. The functions used to define disability are the activities of dai ly living (ADLs), instrumental activities of daily living (IADLs ), sensory impairments, and three activities (li fting, walking, and climbing), which indicate how well overall physical body systems work. Level I disability is the inability to perform basic life activities or ADLs without the help of another person. Th ese ADLs are: getting around inside the house, walking, getting in and out of bed, or personal needs (eating, dressing or undressing, or personal hygiene). Level II disability is the inability to perform IADLs without the help of another person. These IADLs measure the ability to live independently and include: getting around outside the house, doing light housework, and preparing meals.",132
UTAMU-Disability-Policy.pdf_chunk_42,UTAMU-Disability-Policy.pdf,42,"These IADLs measure the ability to live independently and include: getting around outside the house, doing light housework, and preparing meals. Level III disability is either an inability to perform more than one of the following activities (seeing, hearing, l ifting, walking, or climbing) or has difficulty with two ADLs, yet reports no need for assistance from another person. Level IV disability includes persons with difficulty (but no inability) with two or more of the following activities (seeing, hearing, lifting, walking, or climbing). Level V disability includes persons with difficulty (but no inability) with only one of the following activities (seeing, hearing, lifting, walking, or climbing). Level VI disability includes persons who have no limitatio ns at all in functioning.",120
UTAMU-Disability-Policy.pdf_chunk_43,UTAMU-Disability-Policy.pdf,43,"Level VI disability includes persons who have no limitatio ns at all in functioning. Types of Disabilities Nine types of disabilities are highlighted below; Attention -deficit/Hyperactivity disorders 12 Blindness or Low vision Brain injuries Deaf/hard of hearing Learning disabilities Medical disabilities Physical disabilities Psychiatric disabilities Speech and language disabilities However, for purposes of this policy, the above categories can be categorized follows;  Physical disability  Sensory disability to include the Blind, the deaf, the deaf -blind, dumb and deaf  Mental disabilities to include psychiatric and epileptic Physical Disabilities A physical disability involves the malfunctioning of various body parts. They may be serio us or minor and may be hereditary or caused due to an injury. These disabilities may include conditions such as spinal cord injury (paraplegia or quadriplegia), cerebral palsy, spina bifida, amputatio n, muscular dystrophy, cardiac conditions, paralysis, polio/post polio, stroke, etc.",142
UTAMU-Disability-Policy.pdf_chunk_44,UTAMU-Disability-Policy.pdf,44,"These disabilities may include conditions such as spinal cord injury (paraplegia or quadriplegia), cerebral palsy, spina bifida, amputatio n, muscular dystrophy, cardiac conditions, paralysis, polio/post polio, stroke, etc. Speech and Language Disabilities Speech and language disabilities may result from hearing loss, cerebral palsy, learning disabilities, and/or physical conditions. There may be a range of difficulties from problems with articu lation or voice strength to complete absence of voice. Included are difficulties in projection, fluenc y problems, such as stuttering and stammering, and in articulating particular words or terms. Brain Injuries Brain injury may occur in many ways. Trauma tic brain injury typically results from accidents; however, insufficient oxygen, stroke, poisoning, or infection may also cause brain injury. Brain injury is one of the fastest growing types of disabilities, especially in the age range of 15 to 28 years.",138
UTAMU-Disability-Policy.pdf_chunk_45,UTAMU-Disability-Policy.pdf,45,"Brain injury is one of the fastest growing types of disabilities, especially in the age range of 15 to 28 years. Sensory Disabilities Blindness/Low Vision The following terms are used to describe persons with visual disabilities:  Totally blind learn via Braille or other non- visual media. Legally blind indicates that a person has less than 20/200 vision i n the more functional eye or a very limited field of vision (20 degrees at its widest point). Low vision refers to a severe vision loss in distance and near vision. Deaf/Hard of Hearing Individuals who are deaf or hard of hearing require different accommodations depending on several factors, including the degree of hearing loss, the age of onset, and the typ e of language or communication system they use.",128
UTAMU-Disability-Policy.pdf_chunk_46,UTAMU-Disability-Policy.pdf,46,"Deaf/Hard of Hearing Individuals who are deaf or hard of hearing require different accommodations depending on several factors, including the degree of hearing loss, the age of onset, and the typ e of language or communication system they use. They may use a variety of communi cation methDOS, including  Lip reading, 13  Cued speech,  Signed English and/or American Sign Language Characteristics of the deaf They may:  be skilled lip readers, but many are not; only 30 to 40 percent of spoken English is distinguishable on the mouth and lips under the best of conditions  also have difficulties with speech, reading and writing skills, given the close relationship between la nguage development and hearing  use speech, lip reading, hearing aids and/or amplification systems to enhance oral communication  be members of a distinct linguistic and cultural group; as a cultural group, they may have their own values, social norms and traditions  use Sign Language as their first language Mental disabilities Learning Disabilities Learning disabilities are neurologically based and may interfere with the acquisition and use of listening, speaking, reading, writing, reasoning, or mathematical skills.",182
UTAMU-Disability-Policy.pdf_chunk_47,UTAMU-Disability-Policy.pdf,47,"They may use a variety of communi cation methDOS, including  Lip reading, 13  Cued speech,  Signed English and/or American Sign Language Characteristics of the deaf They may:  be skilled lip readers, but many are not; only 30 to 40 percent of spoken English is distinguishable on the mouth and lips under the best of conditions  also have difficulties with speech, reading and writing skills, given the close relationship between la nguage development and hearing  use speech, lip reading, hearing aids and/or amplification systems to enhance oral communication  be members of a distinct linguistic and cultural group; as a cultural group, they may have their own values, social norms and traditions  use Sign Language as their first language Mental disabilities Learning Disabilities Learning disabilities are neurologically based and may interfere with the acquisition and use of listening, speaking, reading, writing, reasoning, or mathematical skills. They affect the manner in which individuals with average or above average intellectua l abilities process and/or express information.",162
UTAMU-Disability-Policy.pdf_chunk_48,UTAMU-Disability-Policy.pdf,48,They affect the manner in which individuals with average or above average intellectua l abilities process and/or express information. A learning disability may be characterized by a marked discrepancy between intellectual potential and academic achievement resulting from difficulties with processing information. The effects may change depen ding upon the learning demands and environments and may manifest in a single academic area or impact performance across a variety of subject areas and disciplines.,72
UTAMU-Disability-Policy.pdf_chunk_49,UTAMU-Disability-Policy.pdf,49,"The effects may change depen ding upon the learning demands and environments and may manifest in a single academic area or impact performance across a variety of subject areas and disciplines. Characteristics: Difficulties may be seen in one or more of the following areas:  oral and /or written expression  reading comprehension and basic reading skills  problem solving  ability to listen selectively during lectures, resulting in problems with note taking  mathematical calculation and reasoning  interpreting social cues  time managemen t  organization of tasks, such as in written work and/or essay questions  following directions and concentrating  short-term memory Psychiatric Disabilities 14 Psychiatric disabilities refer to a wide range of behavioral and/or psychological problems charac terized by anxiety, mood swings, depression, and/or a compromised assessment of reality. These behaviors persist over time; they are not in response to a particular event. Many individuals with psychiatric disabilities are stabilized using medications and/ or psychotherapy.",150
UTAMU-Disability-Policy.pdf_chunk_50,UTAMU-Disability-Policy.pdf,50,"Many individuals with psychiatric disabilities are stabilized using medications and/ or psychotherapy. Intellectual disabilities An intellectual disability is defined as an IQ below 70 and deficits in adaptive behavior or daily living skills (self- care, communication, community participation). 2-3 of the population has an intellectual disability -although many fewer than this seek or receive disability specific services. All healthcare professionals will therefore provide services to people with an intellectual disability, and need to understa nd some key points in order to provide high quality care to this group.",88
UTAMU-Disability-Policy.pdf_chunk_51,UTAMU-Disability-Policy.pdf,51,"All healthcare professionals will therefore provide services to people with an intellectual disability, and need to understa nd some key points in order to provide high quality care to this group. Implications of intellectual disability People with intellectual disability:  learn and process information more slowly; and  have difficulty with abstract concepts such as money and time and with the subtleties of interpersonal interactions The kind of support and assistance they require depends on:  their cognitive ability;  The expectations on them within particular environments; and  Whether they have other developmental disabilit ies such as cerebral palsy, autism and or sensory impairments. WHAT TO DO:  Appreciate the types of disabilities so as to be sensitive to them while planning services, training, exercises, lectures, sports and games etc  Identify the type of disability the student has and provide the necessary aid.",138
UTAMU-Disability-Policy.pdf_chunk_52,UTAMU-Disability-Policy.pdf,52,"WHAT TO DO:  Appreciate the types of disabilities so as to be sensitive to them while planning services, training, exercises, lectures, sports and games etc  Identify the type of disability the student has and provide the necessary aid. For instance, you may provide a wheel chair to ease movement for a physically handicapped or may require adaptations in lighting or the print size, and, in some cases, Braille. Assess the level of disability of your student and tailor the intervention according to abilities Key messages:  Disability varies from one person to another in terms of levels. Lecturers, students and other University Staff need to be aware of this so as not to generalize Students with Disabilities during provision of services. Each person is unique , regardless of IQ, and each will have their own personality and areas of ability and areas of difficulty.",143
UTAMU-Disability-Policy.pdf_chunk_53,UTAMU-Disability-Policy.pdf,53,"Each person is unique , regardless of IQ, and each will have their own personality and areas of ability and areas of difficulty. Personality, coping strategies, the presence of other disabilities (motor, social or sensory), as well as the support provided to them by their family, friends and community all contribute to the ways in which an individual engages with others and fulfils the ir community roles. General Guidelines for Talking about Disability 15  Refer to a persons disability only when it is related to what you are talking about. For example, dont ask Whats wrong with you Dont refer to people in general or generic terms such as the girl in the wheelchair. When talking about places with accommodations for people with disabilities, use the term accessible rather than disabled or handicapped.",133
UTAMU-Disability-Policy.pdf_chunk_54,UTAMU-Disability-Policy.pdf,54,"When talking about places with accommodations for people with disabilities, use the term accessible rather than disabled or handicapped. For example, re fer to an accessible parking space rather than a disabled or handicapped parking space or an accessible bathroom stall rather than a handicapped bathroom stall. Use the term disability, and take the following terms out of your vo cabulary when talking about or talking to peo ple with disabilities. Dont use the terms handicapped, differently- abled, cripple/crippled, retarded, poor, unfortunate, or special needs. Dont say victim of, suffering from, or stricken with a disability; instead, say the person has a disability. Just because someone has a disability, it doesnt mean he/she is co urageous, brave, special, or superhuman. People with disabilities are the same as everyo ne else. It is not unusual for someone with a disability to have talents, skills, and abilities.",145
UTAMU-Disability-Policy.pdf_chunk_55,UTAMU-Disability-Policy.pdf,55,"It is not unusual for someone with a disability to have talents, skills, and abilities. It is okay to use words or phrases such as disabled, disability, or  people with disabilities when talking about disability issues. Ask the people you are with which term they prefer if they have a disability. When talking about people without disabilities, it is okay to say people without disabilities. But do not refer to them as normal or healthy. These terms can make people with disabilities feel as though there is something wrong with them and that they are abnormal. Call a person with a disability by his/her name. Words to Describe Different Disabilities Here are some ways that people with disabilities are described. This list includes out -dated language terms and phrases that should not be used. This list also includes respectful words that should be used to describe different disabilities.",148
UTAMU-Disability-Policy.pdf_chunk_56,UTAMU-Disability-Policy.pdf,56,"This list also includes respectful words that should be used to describe different disabilities. What is okay for some people is not okay for others. If you dont know what to say, just ask how a person likes to be described.",41
UTAMU-Disability-Policy.pdf_chunk_57,UTAMU-Disability-Policy.pdf,57,"If you dont know what to say, just ask how a person likes to be described. Disability Out-Dated Language Respective Language Blind or visually impaired Invalid Blind / Visually Impaired, person who is blind/ visually impaired Deaf or hearing impairment Invalid, deaf -and-Dumb, Deaf - Mute Deaf or Hard -of-hearing, Person who is deaf or hard of hearing Speech/Communication Disability Dumb, One who talks bad Person with a speech / communication disability Learning Disability Retarded, Slow, Brain - Damaged, Special Learning disability, Cognitive disability, Person with a learning or cogniti ve disability Mental Health Disability Hyper -sensitive, Psycho, Crazy, Insane, Mad Wacko, Nuts Person with a psychiatric disability, Person with a mental health disability Mobility/Physical Disability Handicapped, Physically Challenged, Special, Physically disabled, Person with a mobility or physical disability 16 Deformed, Cripple, Gimp, Spastic, Spaz, Wheelchair - bound, Lame Cognitive Disability Retard, Mentally retarded, Special ed Cognitively /Developmentally disabled, Person with a cognitive/developmental disability Short Stature, Little Person Dwarf, Midget Someone of short stature, Little Person Health Conditions Victim, Someone stricken with a disability (e. someone stricken with cancer or an AIDS victim) Survivor, Someone living with a specific disability (e. someone living with cancer or AIDS)",197
FINAL-REVISED-NATIONAL-POLICY-ON-PWDs-2023.pdf_chunk_0,FINAL-REVISED-NATIONAL-POLICY-ON-PWDs-2023.pdf,0,"1 GOVERNMENT OF UGANDA MINISTRY OF GENDER, LABOUR AND SOCIAL DEVELOPMENT REVISED NATIONAL POLICY ON PERSONS WITH DISABILITIES , 202 3 ii Revised National Policy on Persons with D isabilities 2023 Ministry of Gender Labour and Social Development P.O.",39
FINAL-REVISED-NATIONAL-POLICY-ON-PWDs-2023.pdf_chunk_1,FINAL-REVISED-NATIONAL-POLICY-ON-PWDs-2023.pdf,1,"1 GOVERNMENT OF UGANDA MINISTRY OF GENDER, LABOUR AND SOCIAL DEVELOPMENT REVISED NATIONAL POLICY ON PERSONS WITH DISABILITIES , 202 3 ii Revised National Policy on Persons with D isabilities 2023 Ministry of Gender Labour and Social Development P.O. Box 7136, Kampala - Uganda Website: : http//www.mglsd.go.ug Email : psmglsd.go.ug February 2023 Published by : Ministry of Gender, Labour and Social Development Copyright : Ministry of Gender, Labour and Social Development ISBN : 9 789913 600101 First Version: 2006 iii TABLE OF CONTENTS FOREWORD ................................ ................................ ................................ ................................ i PREFACE ................................ ................................ ................................ ................................ .... ii ACKNOWLEDGEMENT ................................ ................................ ................................ ............ iii ACRONYMS ................................ ................................ ................................ ............................... iv GLOSSARY OF TERMS ................................ ................................ ................................ .............. v EXECUTIVE SUMMARY ................................ ................................ ................................ ........... x 1 INTRODUCTION .............................................................................. 1 2 BACKGROUND TO THE POLICY ........................................................ 1 3 SITUATION OF PERSONS WITH DISABILITIES IN UGANDA .................. 3 1 Definition of Disability ................................ ................................ ................................ 3 2 Demography ................................ ................................ ................................ ............... 3 3 Vulnerability of persons with disabilities ................................ ................................ ....... 4 4 Exclusion of persons with disabilities ................................ ................................ ............ 6 5 Health care ................................ ................................ ................................ ................. 8 6 Women with Disabilities ................................ ................................ ............................. 9 7 Budgeting for disability inclusion ................................ ................................ ................. 9 8 Participation/Status of Organizations of Persons with Disabilities (OPDs) .................... 10 9 International Cooperation ................................ ................................ .......................... 10 4 POLICY VISION, MISSION, GOAL, OBJECTIVES, VALUES GUIDING PRINCIPLES, JUSTIFICATION/RATIONALE AND OUTCOMES ............. 11 1 Vision ................................ ................................ ................................ ...................... 11 2 Mission ................................ ................................ ................................ .................... 11 3 Goal ................................ ................................ ................................ ........................ 11 4 Values ................................ ................................ ................................ ...................... 11 5 Objectives ................................ ................................ ................................ ................. 11 6 Guiding Principles ................................ ................................ ................................ .... 11 7 Rationale/ Justification for the Policy................................ ................................ ......... 13 8 Expected Outcomes ................................ ................................ ................................ ... 13 5 LINKAGES TO EXISTING LEGISLATIONS, POLICIES, PROTOCOLS, REGULATIONS, STRATGIES, AND CROSS CUTTING ISSUES ................ 14 1 International and Regional Frameworks ................................ ................................ ..... 14 2 National Legal Framework ................................ ................................ ........................ 15 3 National Policy and Planning Framework ................................ ................................ .. 17 6 PRIORITY AREAS AND ACTIONS OF THE POLICY ............................. 18 Priority Area 1: Economic Empowerment ................................ ................................ ........... 18 Priority Area 2: Protection of persons with disabilities against abuse, neglect, and exploitation 18 Priority Area 3: Access to goods, services and facilities ................................ .......................... 19 iv Priority Area 4: Capacity building for disability inclusion ................................ .................... 19 Priority Area 5: Enhanced participation of persons with disabilities in decision making .......... 20 Priority Area 6: Enhanced disability inclusion in humanitarian and disaster risk response ..... 20 Priority Area 7: Enhanced access to health services ................................ .............................. 20 Priority Area 8: enhanced access to education services ................................ .......................... 21 7 POLICY IMPLEMENTATION FRAMEWORK AND STRATEGIES FOR PARTNERSHIP FOR COMPLIANCE .................................................... 22 1 Coordination and Leadership Framework ................................ ................................ ... 22 ROLES AND RESPONSIBILITIES OF STAKEHOLDERS ......................... 26 1 Key stakeholders and actors ................................ ................................ ....................... 26 MONITORING, EVALUATION REVIEW AND LEARNING FRAMEWORK 32 1 Monitoring and Evaluation Framework ................................ ................................ ..... 32 2 Policy Review ................................ ................................ ................................ ........... 32 3 Policy Audit ................................ ................................ ................................ ............. 32 10 CONCLUSION .................................................................................. 33 ANNEXES ........................................................................................ 33 APPENDICES ............................................................................................ 34 Annex 1: Report on the regional consultations in relation to the policy priorities and action areas 34 Annex 2: Stakeholders and their roles and responsibilities ................................ .................. 43 i FOREWORD I am delighted to associate with the Revised National Policy on Persons with disabilities in Uganda The Policy has been reviewed following an earlier National Policy on Disability in Uganda 2006 and seeks to reinforce the older version while taking into account the new issues on disability in the development arena.",605
FINAL-REVISED-NATIONAL-POLICY-ON-PWDs-2023.pdf_chunk_2,FINAL-REVISED-NATIONAL-POLICY-ON-PWDs-2023.pdf,2,"Box 7136, Kampala - Uganda Website: : http//www.mglsd.go.ug Email : psmglsd.go.ug February 2023 Published by : Ministry of Gender, Labour and Social Development Copyright : Ministry of Gender, Labour and Social Development ISBN : 9 789913 600101 First Version: 2006 iii TABLE OF CONTENTS FOREWORD ................................ ................................ ................................ ................................ i PREFACE ................................ ................................ ................................ ................................ .... ii ACKNOWLEDGEMENT ................................ ................................ ................................ ............ iii ACRONYMS ................................ ................................ ................................ ............................... iv GLOSSARY OF TERMS ................................ ................................ ................................ .............. v EXECUTIVE SUMMARY ................................ ................................ ................................ ........... x 1 INTRODUCTION .............................................................................. 1 2 BACKGROUND TO THE POLICY ........................................................ 1 3 SITUATION OF PERSONS WITH DISABILITIES IN UGANDA .................. 3 1 Definition of Disability ................................ ................................ ................................ 3 2 Demography ................................ ................................ ................................ ............... 3 3 Vulnerability of persons with disabilities ................................ ................................ ....... 4 4 Exclusion of persons with disabilities ................................ ................................ ............ 6 5 Health care ................................ ................................ ................................ ................. 8 6 Women with Disabilities ................................ ................................ ............................. 9 7 Budgeting for disability inclusion ................................ ................................ ................. 9 8 Participation/Status of Organizations of Persons with Disabilities (OPDs) .................... 10 9 International Cooperation ................................ ................................ .......................... 10 4 POLICY VISION, MISSION, GOAL, OBJECTIVES, VALUES GUIDING PRINCIPLES, JUSTIFICATION/RATIONALE AND OUTCOMES ............. 11 1 Vision ................................ ................................ ................................ ...................... 11 2 Mission ................................ ................................ ................................ .................... 11 3 Goal ................................ ................................ ................................ ........................ 11 4 Values ................................ ................................ ................................ ...................... 11 5 Objectives ................................ ................................ ................................ ................. 11 6 Guiding Principles ................................ ................................ ................................ .... 11 7 Rationale/ Justification for the Policy................................ ................................ ......... 13 8 Expected Outcomes ................................ ................................ ................................ ... 13 5 LINKAGES TO EXISTING LEGISLATIONS, POLICIES, PROTOCOLS, REGULATIONS, STRATGIES, AND CROSS CUTTING ISSUES ................ 14 1 International and Regional Frameworks ................................ ................................ ..... 14 2 National Legal Framework ................................ ................................ ........................ 15 3 National Policy and Planning Framework ................................ ................................ .. 17 6 PRIORITY AREAS AND ACTIONS OF THE POLICY ............................. 18 Priority Area 1: Economic Empowerment ................................ ................................ ........... 18 Priority Area 2: Protection of persons with disabilities against abuse, neglect, and exploitation 18 Priority Area 3: Access to goods, services and facilities ................................ .......................... 19 iv Priority Area 4: Capacity building for disability inclusion ................................ .................... 19 Priority Area 5: Enhanced participation of persons with disabilities in decision making .......... 20 Priority Area 6: Enhanced disability inclusion in humanitarian and disaster risk response ..... 20 Priority Area 7: Enhanced access to health services ................................ .............................. 20 Priority Area 8: enhanced access to education services ................................ .......................... 21 7 POLICY IMPLEMENTATION FRAMEWORK AND STRATEGIES FOR PARTNERSHIP FOR COMPLIANCE .................................................... 22 1 Coordination and Leadership Framework ................................ ................................ ... 22 ROLES AND RESPONSIBILITIES OF STAKEHOLDERS ......................... 26 1 Key stakeholders and actors ................................ ................................ ....................... 26 MONITORING, EVALUATION REVIEW AND LEARNING FRAMEWORK 32 1 Monitoring and Evaluation Framework ................................ ................................ ..... 32 2 Policy Review ................................ ................................ ................................ ........... 32 3 Policy Audit ................................ ................................ ................................ ............. 32 10 CONCLUSION .................................................................................. 33 ANNEXES ........................................................................................ 33 APPENDICES ............................................................................................ 34 Annex 1: Report on the regional consultations in relation to the policy priorities and action areas 34 Annex 2: Stakeholders and their roles and responsibilities ................................ .................. 43 i FOREWORD I am delighted to associate with the Revised National Policy on Persons with disabilities in Uganda The Policy has been reviewed following an earlier National Policy on Disability in Uganda 2006 and seeks to reinforce the older version while taking into account the new issues on disability in the development arena. The Government of Uganda is Committed to ensuring that Persons with Disabilities leave dignified lives and enjoy all the benefits that are due her citizens.",591
FINAL-REVISED-NATIONAL-POLICY-ON-PWDs-2023.pdf_chunk_3,FINAL-REVISED-NATIONAL-POLICY-ON-PWDs-2023.pdf,3,"The Government of Uganda is Committed to ensuring that Persons with Disabilities leave dignified lives and enjoy all the benefits that are due her citizens. This commitment is seen in our efforts to have in place enabling laws, policies, programmes and deliberate actions that address inherent imbalances. The policy rev ision particularly targets to address two issues of vulnerability and exclusion among persons with disabilities. The revision was also premised on dynamism in the disability arena most prominently: the 2016 UN Committee Observations and R ecommendations on the C onvention on the Rights of Persons with Disabilities (UNCRPD) status, the Persons with Disabilities Act 2020, the Third National Development Plan, National Disability Inclusive Plan ning Guidelines (NPA 2017), Ugandas Global Disability Summit C ommitments of 2018 and 2022, among others , which provide d an updated discourse in the programming for Persons with Disabilities.",144
FINAL-REVISED-NATIONAL-POLICY-ON-PWDs-2023.pdf_chunk_4,FINAL-REVISED-NATIONAL-POLICY-ON-PWDs-2023.pdf,4,"The revision was also premised on dynamism in the disability arena most prominently: the 2016 UN Committee Observations and R ecommendations on the C onvention on the Rights of Persons with Disabilities (UNCRPD) status, the Persons with Disabilities Act 2020, the Third National Development Plan, National Disability Inclusive Plan ning Guidelines (NPA 2017), Ugandas Global Disability Summit C ommitments of 2018 and 2022, among others , which provide d an updated discourse in the programming for Persons with Disabilities. The revised policy therefore, is to guide and inform the key stakeholders on the urgency for more focussed planning, evidence -based resource allocation, results- based implementation, and accountability in respect to Persons with disabilities concerns at all levels. The policy development process has been consultative, and the political core took part in this process at different strategic levels.",137
FINAL-REVISED-NATIONAL-POLICY-ON-PWDs-2023.pdf_chunk_5,FINAL-REVISED-NATIONAL-POLICY-ON-PWDs-2023.pdf,5,"The policy development process has been consultative, and the political core took part in this process at different strategic levels. I therefore argue all stakeholders to support the holistic, impactful and results -based implementation framework embed ded in this Policy to enable us to deliver jointly the objectives of the Policy . FOR GOD AND MY COUNTRY Hon Betty Amongi Ongom (MP) MINISTER OF GENDER, LABOUR AND SOCIAL DEVELOPMENT ii PREFACE The Persons with Disabilities Act 2020 defines disability as a permanent substantial functional limitation of daily life activities caused by physical, mental, sensory, impairment, and environment barriers resulting in limited participation. Categorization of disabilities is in schedule 3 of the Persons with Disabilities Act Similarly, according to UBOS , overall, for the population aged 2 years and above the disability prevalence rate was 4. Of these, 26 and 74 are males and females.",144
FINAL-REVISED-NATIONAL-POLICY-ON-PWDs-2023.pdf_chunk_6,FINAL-REVISED-NATIONAL-POLICY-ON-PWDs-2023.pdf,6,"Of these, 26 and 74 are males and females. Over the years, Uganda has been hailed for having a vibrant and responsive disability policy framework. This stems from her earlier legislative consideration and inclusion of persons with disabilities in her constitution , ratifying conventions a nd protocols on the rights of Persons with Disabilities and continually developing, training and updating her policies and guidelines pertaining to disability. This revised policy is a purposive call on all stakeholders to raise the bar high, in terms of q uality delivery of services to Persons with Disabilities. The Government of Uganda is committed to addressing the plight of Persons with Disabilities especially those caused by vulnerability and exclusion.",115
FINAL-REVISED-NATIONAL-POLICY-ON-PWDs-2023.pdf_chunk_7,FINAL-REVISED-NATIONAL-POLICY-ON-PWDs-2023.pdf,7,"The Government of Uganda is committed to addressing the plight of Persons with Disabilities especially those caused by vulnerability and exclusion. In addressing the situation, Government will be on track in achieving the Sustainable Development Goals (SDGs) by 2030 with their slogan of Leaving no one behind while fulfilling her constitutional commitment and obligations to her citizens including persons with disabilities. The Revised National Po licy on Disability in Uganda 2023 endeavours to address the key bottlenecks to full realisation of inclusion and resilience for Persons with Disabilities whilst suggesting actionable interventions that government is to trek in order realise her inclusion a genda. This policy provides the needed guidance on disability inclusion across the entire development spectr um and among stakeholders from N ational to household level s. I call upon stakeholders to mainstream interventions of this policy within their respective programmes to ensure inclusive programming for all. Hon.",150
FINAL-REVISED-NATIONAL-POLICY-ON-PWDs-2023.pdf_chunk_8,FINAL-REVISED-NATIONAL-POLICY-ON-PWDs-2023.pdf,8,"Hon. Asamo Hellen Grace (MP) MINISTER OF STATE FOR DISABILITY AFFAIRS iii ACKNOWLEDGEMENT The backbone of the National Policy on Persons with Disabilities 2023 is to address vulnerability and exclusion of Persons with Disabilities. The policy adopts international conventions and treaties, national laws and frameworks in sustained response to disability. Government of Uganda remains with an unshakable record in terms of equalisation of opportunities for Persons with Disabilities at Global level. The human rights -based approach, informed by the disparities in access to opportunities continue to guide progressive design of the policy framework for Persons with Disabilities in Uganda. The policy recognises the historical and dynamic elements of limited inclusion of persons with disabilities.",114
FINAL-REVISED-NATIONAL-POLICY-ON-PWDs-2023.pdf_chunk_9,FINAL-REVISED-NATIONAL-POLICY-ON-PWDs-2023.pdf,9,"The policy recognises the historical and dynamic elements of limited inclusion of persons with disabilities. This is caused by limited access to livelihoods programmes, limited utilization of goods, services and facilities du e to non- recognition of reasonable accommodation, limited technical capacities to enforce the relevant frameworks as a result of limited knowledge and skills, and limited information on development programs. I want to commend the technical teams from gove rnment Ministries, Departments and Agencies and partners who steered the revision of the policy.",84
FINAL-REVISED-NATIONAL-POLICY-ON-PWDs-2023.pdf_chunk_10,FINAL-REVISED-NATIONAL-POLICY-ON-PWDs-2023.pdf,10,"I want to commend the technical teams from gove rnment Ministries, Departments and Agencies and partners who steered the revision of the policy. Special appreciation goes to the political leadership at the Ministry, Members of Parliament representing Persons with Disabilities , The UK Government throug h the FCDO and UKAID, DAI and Humanity and Inclusion - supporting the policy development processes, National Council for Persons with Disabilities, Local Governments , organisations of Persons with disabilities and, members of the Technical Working Group on the development of the policy for the critical role played in the preparation of the policy. The policy goal, therefore, is to enhance inclusion of people who have a substantial functional limitation, and address vulnerability at different levels to enha nce full accessibility, and meaningful inclusion, of all categories of Persons with Disabilities.",136
FINAL-REVISED-NATIONAL-POLICY-ON-PWDs-2023.pdf_chunk_11,FINAL-REVISED-NATIONAL-POLICY-ON-PWDs-2023.pdf,11,"The policy goal, therefore, is to enhance inclusion of people who have a substantial functional limitation, and address vulnerability at different levels to enha nce full accessibility, and meaningful inclusion, of all categories of Persons with Disabilities. Aggrey David Kibenge PERMANENT SECRETARY iv ACRONYMS AIDS Acquired Immune Deficiency Syndrome AT Assistive Technology CDO Community Development Officer COVID -19 Corona Virus Disease  strain 2019 CRPD Convention on the Rights of Persons with Disabilities CSOs Civil Society Organisations DCDO District Community Development Officer DFID Department for International Development/UKAID DIS Direct Income Support ESPP Expanding Social Protection Programme FCDO Foreign, Commonwealth and Development Officer (previously DFID) HIV Human Immune Virus IEC Information, Education and Communication IT Information Technology LC Local Council ME Monitoring and Evaluation MDAs Ministries, Departments and Agencies MGLSD Ministry of Gender, Labour and Social Development MIS Management Information System NCPD National Council for Persons with Disabilities NIEP National Inclusive Education Policy NPDU National Policy on Disability OPDs Organizations of Persons with Disabilities PMU Programme Management Unit PS Permanent Secretary RDC Resident D istrict Commissioner RIA Regulatory Impact Assessment UBOS Uganda Bureau of Statistics UFDS Uganda Functional Difficulties Survey UNAPD Uganda National Action on Physical Disability UNICEF United Nations Childrens Fund UPE Universal Primary Education WHO World Health Organisation v GLOSSARY OF TERMS Abuse Actions and/or inactions that cause harm or distress.",221
FINAL-REVISED-NATIONAL-POLICY-ON-PWDs-2023.pdf_chunk_12,FINAL-REVISED-NATIONAL-POLICY-ON-PWDs-2023.pdf,12,"Aggrey David Kibenge PERMANENT SECRETARY iv ACRONYMS AIDS Acquired Immune Deficiency Syndrome AT Assistive Technology CDO Community Development Officer COVID -19 Corona Virus Disease  strain 2019 CRPD Convention on the Rights of Persons with Disabilities CSOs Civil Society Organisations DCDO District Community Development Officer DFID Department for International Development/UKAID DIS Direct Income Support ESPP Expanding Social Protection Programme FCDO Foreign, Commonwealth and Development Officer (previously DFID) HIV Human Immune Virus IEC Information, Education and Communication IT Information Technology LC Local Council ME Monitoring and Evaluation MDAs Ministries, Departments and Agencies MGLSD Ministry of Gender, Labour and Social Development MIS Management Information System NCPD National Council for Persons with Disabilities NIEP National Inclusive Education Policy NPDU National Policy on Disability OPDs Organizations of Persons with Disabilities PMU Programme Management Unit PS Permanent Secretary RDC Resident D istrict Commissioner RIA Regulatory Impact Assessment UBOS Uganda Bureau of Statistics UFDS Uganda Functional Difficulties Survey UNAPD Uganda National Action on Physical Disability UNICEF United Nations Childrens Fund UPE Universal Primary Education WHO World Health Organisation v GLOSSARY OF TERMS Abuse Actions and/or inactions that cause harm or distress. Abuse may include: physical and mental infliction of pain, and this happens whether the persons abused are aware or not of the nature and magnitude of abuse.",211
FINAL-REVISED-NATIONAL-POLICY-ON-PWDs-2023.pdf_chunk_13,FINAL-REVISED-NATIONAL-POLICY-ON-PWDs-2023.pdf,13,"Abuse may include: physical and mental infliction of pain, and this happens whether the persons abused are aware or not of the nature and magnitude of abuse. Accessibility Ability to (independently and/or with support) reach, receive and participate fully in any aspect of life and, be in position to enjoy the benefits of the reach, reception and participation just like others. This in in relation to: physical environment, transportation, information and communications, including information and communications technologies and systems, and to other facilities and services open or provided to the public, both in urban and in rural areas. (Derived from Article 9 of the CRPD) Or The possibility to reach a place and manoeuvre within it; use a service, receive information; participate in activities provided in a public place; all these on an equal basis with others, with dignity, independence and safety.",142
FINAL-REVISED-NATIONAL-POLICY-ON-PWDs-2023.pdf_chunk_14,FINAL-REVISED-NATIONAL-POLICY-ON-PWDs-2023.pdf,14,"(Derived from Article 9 of the CRPD) Or The possibility to reach a place and manoeuvre within it; use a service, receive information; participate in activities provided in a public place; all these on an equal basis with others, with dignity, independence and safety. (Derived from the Accessib ility Standards 2010) Accessibility audit A thorough, standardized and professional assessment of how well a facility, digital properties, products and services meet the needs of persons with disabilities (with a consideration of the functional limita tions and disability category/ impairment) Affirmative Action All deliberate actions, and initiatives taken in favour of marginalised groups in order to redress imbalances caused by reason or attribute of disability, health status, history, culture, gender, ethnicity, religion, opinion, socio- economic or cultural standing in line with Art.32 of the Constitution.",133
FINAL-REVISED-NATIONAL-POLICY-ON-PWDs-2023.pdf_chunk_15,FINAL-REVISED-NATIONAL-POLICY-ON-PWDs-2023.pdf,15,"(Derived from the Accessib ility Standards 2010) Accessibility audit A thorough, standardized and professional assessment of how well a facility, digital properties, products and services meet the needs of persons with disabilities (with a consideration of the functional limita tions and disability category/ impairment) Affirmative Action All deliberate actions, and initiatives taken in favour of marginalised groups in order to redress imbalances caused by reason or attribute of disability, health status, history, culture, gender, ethnicity, religion, opinion, socio- economic or cultural standing in line with Art.32 of the Constitution. Assistive Technologies and Devices All goods and services that support persons with disabilities to participate effectively in all aspects of life. These may include; wheelchairs, tri -cycles, callipers, crutches, white -canes, orthopaedic appliances, qualified readers; taped texts, audios, visual and pictorial recordings; braille and tactile equipment or materials, large print and, enabling software and among others.",145
FINAL-REVISED-NATIONAL-POLICY-ON-PWDs-2023.pdf_chunk_16,FINAL-REVISED-NATIONAL-POLICY-ON-PWDs-2023.pdf,16,"These may include; wheelchairs, tri -cycles, callipers, crutches, white -canes, orthopaedic appliances, qualified readers; taped texts, audios, visual and pictorial recordings; braille and tactile equipment or materials, large print and, enabling software and among others. (Derived from the Persons with Disabilities Act 2020 and the CRPD) Direct Income support Non-contributory regular, predictable cash and in -kind transfers that provide relief from deprivation to the most vulnerable individuals and households in society.",71
FINAL-REVISED-NATIONAL-POLICY-ON-PWDs-2023.pdf_chunk_17,FINAL-REVISED-NATIONAL-POLICY-ON-PWDs-2023.pdf,17,"(Derived from the Persons with Disabilities Act 2020 and the CRPD) Direct Income support Non-contributory regular, predictable cash and in -kind transfers that provide relief from deprivation to the most vulnerable individuals and households in society. (Derived from the National Social Protection Policy 2015) Disability A substantial functi onal limitation of a persons daily life activities caused by physical, mental or sensory impairment and environment barriers, resulting in limited participation in society vi on equal basis with others and includes an impairment specified in Schedule 3 of the Persons with Disabilities Act (Refer to persons with disabilities herein below to complement this definition and its use in programming) Disability category/ impairment Classification of conditions that (may) cause disabilities and as provided for in Schedule 3 of the Persons with Disabilities Act 2020 to include: Physical Disability caused by cerebral palsy, amputation of a limb, paralysis or deformity.",147
FINAL-REVISED-NATIONAL-POLICY-ON-PWDs-2023.pdf_chunk_18,FINAL-REVISED-NATIONAL-POLICY-ON-PWDs-2023.pdf,18,"(Derived from the National Social Protection Policy 2015) Disability A substantial functi onal limitation of a persons daily life activities caused by physical, mental or sensory impairment and environment barriers, resulting in limited participation in society vi on equal basis with others and includes an impairment specified in Schedule 3 of the Persons with Disabilities Act (Refer to persons with disabilities herein below to complement this definition and its use in programming) Disability category/ impairment Classification of conditions that (may) cause disabilities and as provided for in Schedule 3 of the Persons with Disabilities Act 2020 to include: Physical Disability caused by cerebral palsy, amputation of a limb, paralysis or deformity. Hearing disability including deafness and hard of hearing disability. Visual disability including blindness and low vision disability. Deaf and blind disability. Mental disability including psychiatric disability and learning disability. Little people. Albinism.",143
FINAL-REVISED-NATIONAL-POLICY-ON-PWDs-2023.pdf_chunk_19,FINAL-REVISED-NATIONAL-POLICY-ON-PWDs-2023.pdf,19,"Albinism. Multiple Disability Discrimination Any distinction, exclusion or restriction on the basis of disability which has the purpose or effect of impairing or nullifying the recognition, enjoyment or exercise, on an equal basis with others, of all human rights and fundamental freedoms in the polit ical, economic, social, cultural, civil or any other field. It includes all forms of discrimination, including denial of reasonable accommodation. Or Giving different treatment to different persons attributable only to their respective description by se x, race, colour, ethnic origin, birth, creed or religion, social, culture, geographical, economic standing, political opinion or disability or any combination of the above. (Derived from the National Equal Opportunities Policy 2006) Empowerment A process of enhancing peoples capacity to participate and manage their own development.",126
FINAL-REVISED-NATIONAL-POLICY-ON-PWDs-2023.pdf_chunk_20,FINAL-REVISED-NATIONAL-POLICY-ON-PWDs-2023.pdf,20,"(Derived from the National Equal Opportunities Policy 2006) Empowerment A process of enhancing peoples capacity to participate and manage their own development. (Derived from the National Equal Opportunities Policy 2006) Equality Absence of discrimination with regard to access to resources, services, power, opportunities and benefits irrespective of a persons status. (Derived from the National Equal Opportunities Policy 2006) Equity Fairness and justice in the distribution of resources, opportunities, responsibilities and benefits. (Derived from the National Equal Opportunities Policy 2006) vii Gender The social and cultural construct of the roles, responsibilities, attributes, opportunities, privileges, status, access to and control over resources and benefits between men and women, boys and girls in a given society. Habilitation A process aimed at helping persons with disabilities attain, keep or improve skills and functioning for daily living.",132
FINAL-REVISED-NATIONAL-POLICY-ON-PWDs-2023.pdf_chunk_21,FINAL-REVISED-NATIONAL-POLICY-ON-PWDs-2023.pdf,21,"Habilitation A process aimed at helping persons with disabilities attain, keep or improve skills and functioning for daily living. Habilitation is usually undertaken for development of functional skills that were hitherto developed including: physical, occupational, and speech -language therapy, various treatments related to pain management, and audiology and other services that are offered in both institutionalized and community/ family -based settings. Inclusion An approach and a process of ensuring that the system s and structures enable persons with disabilities to participate and benefit from all activities aimed at their development. Inclusion involves encouraging and having in place the right guidelines, regulations, policies and laws that enable persons with disabilities to participate in activities, programmes and development. Inclusion may be through catering for all persons including persons with disabilities (universalism) and/or having specific programmes that respond to the specific participation needs of persons with disabilities.",144
FINAL-REVISED-NATIONAL-POLICY-ON-PWDs-2023.pdf_chunk_22,FINAL-REVISED-NATIONAL-POLICY-ON-PWDs-2023.pdf,22,"Inclusion may be through catering for all persons including persons with disabilities (universalism) and/or having specific programmes that respond to the specific participation needs of persons with disabilities. Marginalisation The situation of being left at the periphery in accessing opportunities, resources and services. Participation Informed and willing involvement of all persons with disabilities, including the most marginalised and those of different disability categories, ages and abilities, in any matter concerning them directly or indirectly, in accordance with Articles 3,19,26, 29 and 34 of the United Nations Convention on the Rights of Persons with Disabilities (CRPD). Persons with Disabilities A human being who reports to have substantial functional limitation of a persons daily life activities.",114
FINAL-REVISED-NATIONAL-POLICY-ON-PWDs-2023.pdf_chunk_23,FINAL-REVISED-NATIONAL-POLICY-ON-PWDs-2023.pdf,23,"Persons with Disabilities A human being who reports to have substantial functional limitation of a persons daily life activities. This means that the person either has a lot of difficulty doing that activity or cannot do at all an activity deemed do- able for her or his age and peers (based on the Washington Group Short Set of Questions) Reasonable Accommodation Necessary and appropriate modification and adjustments not imposing a disproportionate or undue burden, where needed in a particular case, to ensure to persons with disabilities the enjoyment or exercise on an equal basis with others of all human viii rights and fundamental freedoms (Derived from the Art. 2 of the CRPD) Rehabilitation A process aimed at helping persons with disabilities to regain, keep or improve skills and functioning for daily living.",132
FINAL-REVISED-NATIONAL-POLICY-ON-PWDs-2023.pdf_chunk_24,FINAL-REVISED-NATIONAL-POLICY-ON-PWDs-2023.pdf,24,"2 of the CRPD) Rehabilitation A process aimed at helping persons with disabilities to regain, keep or improve skills and functioning for daily living. Rehabilitation is usually undertaken for development of functional skills that may have been lost or compromised as a result of acquiring a disability or due to a change in ones disability or circumstances. Rights of persons with disabilities/ Disability rights The inherent fundamental entitlements and freedoms of persons with disabilities, which they have merely by virtue of being human. Disability rights are fully defined in the CRPD. The Convention on the Rights of the Child contains 54 articles, each of which entails a different type of right.",111
FINAL-REVISED-NATIONAL-POLICY-ON-PWDs-2023.pdf_chunk_25,FINAL-REVISED-NATIONAL-POLICY-ON-PWDs-2023.pdf,25,"The Convention on the Rights of the Child contains 54 articles, each of which entails a different type of right. These can be broken down into four broad categories:  Survival rights cover a person with disabilities right to life and the needs that are most basic to existence; these include an adequate living standard, shelter, nutrition and access to medical services. Developmental rights include those things that persons with disabilities require in order to reach their fullest potential. Examples are the right to education, play and leisure, cultural activities, access to information, and freedom of thought, conscience and religion. Protection rights require that persons with disabilities be safeguarded against all forms of abuse, neglect and exploitation. They cover issues such as special care for refugees with disabilities, torture, abuses in the criminal justice system, involvement in armed conflict, child labour, drug abuse and sexual exploitation.",145
FINAL-REVISED-NATIONAL-POLICY-ON-PWDs-2023.pdf_chunk_26,FINAL-REVISED-NATIONAL-POLICY-ON-PWDs-2023.pdf,26,"They cover issues such as special care for refugees with disabilities, torture, abuses in the criminal justice system, involvement in armed conflict, child labour, drug abuse and sexual exploitation. Participation rights allow persons with di sabilities to take an active role in their communities and nations. These encompass the freedom to express opinions, to have a say in matters affecting their own lives, to join associations and to assemble peacefully. As their abilities develop, persons with disabilities are to have increasing opportunities to participate in the activities of their society, in preparation for responsible adulthood. Social Protection Public and private interventions to address risks and vulnerabilities that expose individuals to income insecurity and social deprivation, leading to undignified lives.",119
FINAL-REVISED-NATIONAL-POLICY-ON-PWDs-2023.pdf_chunk_27,FINAL-REVISED-NATIONAL-POLICY-ON-PWDs-2023.pdf,27,"Social Protection Public and private interventions to address risks and vulnerabilities that expose individuals to income insecurity and social deprivation, leading to undignified lives. (Derived from the National Social Protection Policy 2015) ix Social Security Protective and preventive interventions to mitigate factors that lead to income shocks and affect consumption such as retirement, ill- health, unemployment, old age, disability, death of breadwinner or disasters. (Derived from the National Social Protection Policy 2015) Universal design The design of products, environments, programmes and services to be usable by all people, to the greatest extent possible, without the need for adaptation or specialized design. Universal design includes assistive devices for particular groups of persons with disabilities where this is needed. Vulnerability The state of powerlessness to withstand individual, household and community shocks.",129
FINAL-REVISED-NATIONAL-POLICY-ON-PWDs-2023.pdf_chunk_28,FINAL-REVISED-NATIONAL-POLICY-ON-PWDs-2023.pdf,28,"Vulnerability The state of powerlessness to withstand individual, household and community shocks. (Derived from the National Equal Opportunities Policy 2006) Vulnerable persons with disabilities Categories of persons with disabilities who are predisposed to deprivation, extreme poverty and social exclusion by virtue of age, gender, disability category, severity of disability, ethnicity, living conditions and geographical location or other social attributes. (Adapted from the National Social Pro tection Policy 2015) x EXECUTIVE SUMMARY The Ministry of Gender labour and Social Development is mandated under Chapter 4 Articles 31  40 and Chapter 16 Article 246 of the Constitution of the Republic of Uganda to protect and promote the rights of vulne rable population, to address gender inequalities, to ensure cultural growth, labour and employment as well as community mobilization and empowerment. The Ministry of Gender, Labour and Social Development (MGLSD) contributes to inclusive growth, increase in employment and productivity.",146
FINAL-REVISED-NATIONAL-POLICY-ON-PWDs-2023.pdf_chunk_29,FINAL-REVISED-NATIONAL-POLICY-ON-PWDs-2023.pdf,29,"The Ministry of Gender, Labour and Social Development (MGLSD) contributes to inclusive growth, increase in employment and productivity. This is achieved through supporting the special interest groups, vulnerable persons and the citizens, to participate in the development programmes, tackling gender inequality and creating opportunities for increased employment and decent work. The Persons with Disabilities Act 2020 defines disability as a permanent substantial functional limitation of daily life activities caused by physical, mental, sensory, impairment, and environment barriers resulting in limited participation. Over the years, Uganda has been hailed for having a vibrant and responsive disability policy framework. This stems from her earlier legislative c onsideration and inclusion of persons with disabilities in her constitution , ratifying conventions, protocols and guidelines on the rights of Persons with Disabilities. There has been tremendous improvement in the laws, policies and programming for Persons with Disabilities.",142
FINAL-REVISED-NATIONAL-POLICY-ON-PWDs-2023.pdf_chunk_30,FINAL-REVISED-NATIONAL-POLICY-ON-PWDs-2023.pdf,30,"There has been tremendous improvement in the laws, policies and programming for Persons with Disabilities. The Government of Uganda is committed to addressing the plights of Persons with Disabilities especially those caused by vulnerability and exclusion. In addressing the situation, Government will be on track in achieving the Sustai nable Development Goals (SDGs) by 2030 with their slogan of Leaving no one behind while fulfilling the requirements of the UN Convention on the Rights of Persons with Disabilities (CRPD), her constitutional commitment and obligations to her citizens inc luding persons with disabilities and, rightly national development The Revised National Policy of Persons with disabilities in Uganda, 2023 has been reviewed following an earlier National Policy on Disability in Uganda It seeks to reinforce the olde r version while taking into account the new issues on disability in the development arena.",140
FINAL-REVISED-NATIONAL-POLICY-ON-PWDs-2023.pdf_chunk_31,FINAL-REVISED-NATIONAL-POLICY-ON-PWDs-2023.pdf,31,"In addressing the situation, Government will be on track in achieving the Sustai nable Development Goals (SDGs) by 2030 with their slogan of Leaving no one behind while fulfilling the requirements of the UN Convention on the Rights of Persons with Disabilities (CRPD), her constitutional commitment and obligations to her citizens inc luding persons with disabilities and, rightly national development The Revised National Policy of Persons with disabilities in Uganda, 2023 has been reviewed following an earlier National Policy on Disability in Uganda It seeks to reinforce the olde r version while taking into account the new issues on disability in the development arena. The policy addresses two major challenges faced by Persons with Disabilities of vulnerability and exclusion.",119
FINAL-REVISED-NATIONAL-POLICY-ON-PWDs-2023.pdf_chunk_32,FINAL-REVISED-NATIONAL-POLICY-ON-PWDs-2023.pdf,32,"The policy addresses two major challenges faced by Persons with Disabilities of vulnerability and exclusion. Persons with Disabilities face a number of issues rang ing from disability and poverty; food insecurity and nutrition; Negative Social norms and high society expectations; Abuse and violence; Exclusion of persons with disabilities; in accessibility to goods and services such as Education, Employment, Mental health, discrimination of Women with Disabilities and limited Budgeting for disability inclusion and limited capacity of participation/Status of Organizations of Persons with Disabilities (OPDs in development programmes. The issues of concern above are due to limited inclusion of people who have a substantial functional limitation and do with a lot of difficulty or cannot do at all daily life activities as a result of an impairment.",125
FINAL-REVISED-NATIONAL-POLICY-ON-PWDs-2023.pdf_chunk_33,FINAL-REVISED-NATIONAL-POLICY-ON-PWDs-2023.pdf,33,"The issues of concern above are due to limited inclusion of people who have a substantial functional limitation and do with a lot of difficulty or cannot do at all daily life activities as a result of an impairment. These issue are caused by: limited access to livelihoods programmes due to Limited coverage and scope of social protection, Inadequate access to xi social care services, Low existence of care services for persons with disabilities such as mental health services, palliative and geriatric care, Limited of community -based response mechanisms, Limited access to financial services, Low levels of income and Low levels of income of the caretakers The policy development process was consultative getting support from the Technical Working Groups at national level, held workshops at re gional and national level.",130
FINAL-REVISED-NATIONAL-POLICY-ON-PWDs-2023.pdf_chunk_34,FINAL-REVISED-NATIONAL-POLICY-ON-PWDs-2023.pdf,34,"These issue are caused by: limited access to livelihoods programmes due to Limited coverage and scope of social protection, Inadequate access to xi social care services, Low existence of care services for persons with disabilities such as mental health services, palliative and geriatric care, Limited of community -based response mechanisms, Limited access to financial services, Low levels of income and Low levels of income of the caretakers The policy development process was consultative getting support from the Technical Working Groups at national level, held workshops at re gional and national level. Additionally, Key Informant Interviews were held with subject specialists across broad spectrum all generating diverse perspectives that have been included in the final policy and action plan.",118
FINAL-REVISED-NATIONAL-POLICY-ON-PWDs-2023.pdf_chunk_35,FINAL-REVISED-NATIONAL-POLICY-ON-PWDs-2023.pdf,35,"Additionally, Key Informant Interviews were held with subject specialists across broad spectrum all generating diverse perspectives that have been included in the final policy and action plan. The National Policy of Persons with disabilities in Uganda, 2023 Vision , Mission and Goal are : Vision: A society that is fully inclusive and provides equal opportunities for Persons with Disabilities in all spheres of development; Mission : To provide an enabling environment for the effective empowerment and participation of Persons with disabilities in development; and Goal: To foster resilience and inclusion of Persons with disabilities in development.",96
FINAL-REVISED-NATIONAL-POLICY-ON-PWDs-2023.pdf_chunk_36,FINAL-REVISED-NATIONAL-POLICY-ON-PWDs-2023.pdf,36,"The National Policy of Persons with disabilities in Uganda, 2023 Vision , Mission and Goal are : Vision: A society that is fully inclusive and provides equal opportunities for Persons with Disabilities in all spheres of development; Mission : To provide an enabling environment for the effective empowerment and participation of Persons with disabilities in development; and Goal: To foster resilience and inclusion of Persons with disabilities in development. The Policy Objectives are: To enhance ac cess to livelihoods programmes To Enhance utilization of goods, services and facilities To enhance technical capacities to enforce the relevant frameworks To realize adequate protection of victims of abuse and neglect The Policy Outcomes are: The policy is focusing on contributing to the following outcomes:  Reduced mortality of persons due to disability  Reduced burden of care by persons with disabilities  Increased life expectancy of persons with disabilities  Increased productivity of persons with disabilit ies  High contribution to economic development by persons with disabilities  High capital accumulation among persons with disabilities  High investments among persons with disabilities  Increased opportunities among persons with disabilities  High standard of living among persons with disabilities  Reduced imbalance (between men and women, boys and girls with Disabilities and vulnerability in terms of access, control, ownership, benefit, rights, responsibilities and participation.",210
FINAL-REVISED-NATIONAL-POLICY-ON-PWDs-2023.pdf_chunk_37,FINAL-REVISED-NATIONAL-POLICY-ON-PWDs-2023.pdf,37,"The Policy Objectives are: To enhance ac cess to livelihoods programmes To Enhance utilization of goods, services and facilities To enhance technical capacities to enforce the relevant frameworks To realize adequate protection of victims of abuse and neglect The Policy Outcomes are: The policy is focusing on contributing to the following outcomes:  Reduced mortality of persons due to disability  Reduced burden of care by persons with disabilities  Increased life expectancy of persons with disabilities  Increased productivity of persons with disabilit ies  High contribution to economic development by persons with disabilities  High capital accumulation among persons with disabilities  High investments among persons with disabilities  Increased opportunities among persons with disabilities  High standard of living among persons with disabilities  Reduced imbalance (between men and women, boys and girls with Disabilities and vulnerability in terms of access, control, ownership, benefit, rights, responsibilities and participation. Related to the Linkages to existing legislations, policies, protocols, regulations, strategies, and cross cutting issue s the policy draws its context from the existing international, regional and national instruments and frameworks that support the realization of the rights and welfare of persons with disabilities xii The following are key policy priority areas and actions : Economic Empowerment; Protection of persons with disabilities against abuse, neglect, and exploitation; Access to goods, services an d facilities; Capacity building for disability inclusion; Enhanced participation of persons with disabilities in decision making and Enhanced disability inclusion in humanitarian and disaster risk response.",239
FINAL-REVISED-NATIONAL-POLICY-ON-PWDs-2023.pdf_chunk_38,FINAL-REVISED-NATIONAL-POLICY-ON-PWDs-2023.pdf,38,"Related to the Linkages to existing legislations, policies, protocols, regulations, strategies, and cross cutting issue s the policy draws its context from the existing international, regional and national instruments and frameworks that support the realization of the rights and welfare of persons with disabilities xii The following are key policy priority areas and actions : Economic Empowerment; Protection of persons with disabilities against abuse, neglect, and exploitation; Access to goods, services an d facilities; Capacity building for disability inclusion; Enhanced participation of persons with disabilities in decision making and Enhanced disability inclusion in humanitarian and disaster risk response. The policy has a clear implementation framework and strategies for partnership for compliance. The policy underpinned by a multi -sectoral approach. Taking such an integrated approach will ensure that issues of persons with disabilities are integrated in and across government sectors, ministries, departments and Agencies at all levels.",146
FINAL-REVISED-NATIONAL-POLICY-ON-PWDs-2023.pdf_chunk_39,FINAL-REVISED-NATIONAL-POLICY-ON-PWDs-2023.pdf,39,"Taking such an integrated approach will ensure that issues of persons with disabilities are integrated in and across government sectors, ministries, departments and Agencies at all levels. The policy will be implemented in the context of decentralization. Furthermore, the policy is aligned to Ugandas commitment to the SDGs, and the NDP The policy has a defined Institutional Framework to guide its implementation , it has advocated for an Information, Education, Communication and Dissemination Strategy, Communication Feedback Mechanism, Implementation Stages and Drivers that encompass a funding mechanism both by the State, Non- State Actors, Development Partners and Donors, The Policy articulates the roles and responsibilit ies of stakeholders as Disability response requires an array of sectoral actors and stakeholders.",118
FINAL-REVISED-NATIONAL-POLICY-ON-PWDs-2023.pdf_chunk_40,FINAL-REVISED-NATIONAL-POLICY-ON-PWDs-2023.pdf,40,"Furthermore, the policy is aligned to Ugandas commitment to the SDGs, and the NDP The policy has a defined Institutional Framework to guide its implementation , it has advocated for an Information, Education, Communication and Dissemination Strategy, Communication Feedback Mechanism, Implementation Stages and Drivers that encompass a funding mechanism both by the State, Non- State Actors, Development Partners and Donors, The Policy articulates the roles and responsibilit ies of stakeholders as Disability response requires an array of sectoral actors and stakeholders. Therefore, the effective implementation of the policy requires effective, efficient and well -coordinated institutional mechanisms that run from national to lower local government level with active engagement of all stakeholders including line ministries  Ministry of Education and Sports (M OES), Ministry of Health (M OH), Ministry of Internal Affairs (MIA), Ministry of Public Service (MPS), Ministry of ICT and national Guidance (MICT), Ministry of Local Government (MLG) with MGLSD.",150
FINAL-REVISED-NATIONAL-POLICY-ON-PWDs-2023.pdf_chunk_41,FINAL-REVISED-NATIONAL-POLICY-ON-PWDs-2023.pdf,41,"Therefore, the effective implementation of the policy requires effective, efficient and well -coordinated institutional mechanisms that run from national to lower local government level with active engagement of all stakeholders including line ministries  Ministry of Education and Sports (M OES), Ministry of Health (M OH), Ministry of Internal Affairs (MIA), Ministry of Public Service (MPS), Ministry of ICT and national Guidance (MICT), Ministry of Local Government (MLG) with MGLSD. The policy will be monitored and evaluated regularly on an annual midterm and end of impact assessment. Monitoring of the implementation of the Policy shall be carried out on a regular basis using appropriate indicators. The Policy measures shall be evaluated at midterm (at 5 years) and after 10 years to establish impact, gaps, emerging issues and challenges.",127
FINAL-REVISED-NATIONAL-POLICY-ON-PWDs-2023.pdf_chunk_42,FINAL-REVISED-NATIONAL-POLICY-ON-PWDs-2023.pdf,42,"The Policy measures shall be evaluated at midterm (at 5 years) and after 10 years to establish impact, gaps, emerging issues and challenges. As a best practice Policy Audit through public Policy Review is critical to determine what has worked and what has not worked in serving the citizens for better impact. A Policy audit will be conducted to determine whether the planned interventions were achieved or not achieved as per the released funds. Policy Conclusion.",76
FINAL-REVISED-NATIONAL-POLICY-ON-PWDs-2023.pdf_chunk_43,FINAL-REVISED-NATIONAL-POLICY-ON-PWDs-2023.pdf,43,"Policy Conclusion. The Ministry of Gender, Labour and Social Development anticipates that the National Disability Policy will make significant progress towards the achievement of the National Development Plan objectives, and the NRM manifesto commitments 2021  2026, the Strategic Plan of MGLSD - 2020/21  2024/ 25 and the National Development Plan III - 2020/21  2024/The policy is addressing vulnerability associated to income insecurity, and therefore is in sync with the NDP III goal of increasing household income a nd improve the quality of xiii life of all Ugandans in line with the adopted a programmatic approach to planning, budgeting, and implementation and reporting. Section 4 of the Vision 2040 provides for care and protection for the vulnerable populations groups . In here the State recognizes the need to provide assistance to people who are vulnerable either by age, social class, location, disability, and gender, disaster or dont earn any income.",149
FINAL-REVISED-NATIONAL-POLICY-ON-PWDs-2023.pdf_chunk_44,FINAL-REVISED-NATIONAL-POLICY-ON-PWDs-2023.pdf,44,"In here the State recognizes the need to provide assistance to people who are vulnerable either by age, social class, location, disability, and gender, disaster or dont earn any income. The National Policy on Disability, 202 3, will go a long way to empower, build resilient and sustainable livelihoods for persons with disabilities. 1 1 INTRODUCTION The National Policy on Disability 2023 follows an earlier National Policy on Disability in Uganda The new policy reinforces the older version whilst taking into account the new issues in the development arena. The policy particularly targets to address two issues of vulnerability among persons with disabilities and exclusion. Uganda therefore, aims at promoting equal opportunities for enhanced empowerment, participation and protection of rights of Persons with disabilities irrespective of gender, age and disability category.",131
FINAL-REVISED-NATIONAL-POLICY-ON-PWDs-2023.pdf_chunk_45,FINAL-REVISED-NATIONAL-POLICY-ON-PWDs-2023.pdf,45,"Uganda therefore, aims at promoting equal opportunities for enhanced empowerment, participation and protection of rights of Persons with disabilities irrespective of gender, age and disability category. This is in recognition that Persons with disabilities can perform to their full potential given the same conditions and opportunities irrespective of their social, economic and cultural backgrounds. The Policy is to guide and inform the planning process, resource allocation, implementation, monitoring and evaluation of activities with respect to Persons with disabilities  concerns at all levels and by all actors. 2 BACKGROUND TO THE POLICY Over the years, Uganda has been hailed for having a vibrant and responsive disability policy framework. This stems from her earlier legislative consideration and inclusion of persons with disabilities in her constitution , ratifying disability-leaning conventions and protocols and, continually developing and updating her policies and guidelines pertaining to disability.",141
FINAL-REVISED-NATIONAL-POLICY-ON-PWDs-2023.pdf_chunk_46,FINAL-REVISED-NATIONAL-POLICY-ON-PWDs-2023.pdf,46,"This stems from her earlier legislative consideration and inclusion of persons with disabilities in her constitution , ratifying disability-leaning conventions and protocols and, continually developing and updating her policies and guidelines pertaining to disability. Research and stakeholders agree that there has been tremendous improvement in the laws, policies and programming for persons with disabilities. However, there is also consensus on the continuity of the dismal plights of persons with disabilities which situation is likely to not only negatively impact on their lives but the economy at large  should the status quo prevail. The Government of Uganda is committed to addressing the plights of persons with disabilities especially those caused by vulnerability and exclusion.",113
FINAL-REVISED-NATIONAL-POLICY-ON-PWDs-2023.pdf_chunk_47,FINAL-REVISED-NATIONAL-POLICY-ON-PWDs-2023.pdf,47,"The Government of Uganda is committed to addressing the plights of persons with disabilities especially those caused by vulnerability and exclusion. In addressing the situation, Government of Uganda (GoU) will be on track in achieving the Sustainable Development Goals (SDGs) by 2030 and her slogan of Leaving no one behind whilst fulfilling the requirements of the UN Convention on the Rights of Persons with Disabilities (CRPD), her constitutional commitment and obligations to her citizens including persons with disabilities and, rightly national development. Policy Development Process The National Policy on Disability (NPD) demonstrates the commitment by the Government of Uganda to ensure the well-being of all persons  including persons with disabilities.",110
FINAL-REVISED-NATIONAL-POLICY-ON-PWDs-2023.pdf_chunk_48,FINAL-REVISED-NATIONAL-POLICY-ON-PWDs-2023.pdf,48,"Policy Development Process The National Policy on Disability (NPD) demonstrates the commitment by the Government of Uganda to ensure the well-being of all persons  including persons with disabilities. The policy was informed by a comprehensive review of the National Policy on Disability in Uganda , National Child Policy (2020 ), National Social Protection Policy , National Equal Opportunities Policy 2006, National Youth Policy and Action Plan  and other policies, plans and strategies related to disability domiciled in different programmes of government such as the Universal Primary Education (UPE) Policy , Universal Secondary Education (USE) Policy , the Second National Health Policy , the draft National Inclusive Education Policy and, the Country Assistive Technology strategy among others.",116
FINAL-REVISED-NATIONAL-POLICY-ON-PWDs-2023.pdf_chunk_49,FINAL-REVISED-NATIONAL-POLICY-ON-PWDs-2023.pdf,49,"The policy was informed by a comprehensive review of the National Policy on Disability in Uganda , National Child Policy (2020 ), National Social Protection Policy , National Equal Opportunities Policy 2006, National Youth Policy and Action Plan  and other policies, plans and strategies related to disability domiciled in different programmes of government such as the Universal Primary Education (UPE) Policy , Universal Secondary Education (USE) Policy , the Second National Health Policy , the draft National Inclusive Education Policy and, the Country Assistive Technology strategy among others. 2 The policy heavily relied on recent studies relating to persons with disabilities including: the situational study on persons with disabilities in Uganda , the Uganda Functional Difficulties Survey (UFDS)  , the Uganda Demographic Health Surveys (UDHS) (2016 and 2011) and, the National Population and Housing Census (NPHC) of 2014 among others.",140
FINAL-REVISED-NATIONAL-POLICY-ON-PWDs-2023.pdf_chunk_50,FINAL-REVISED-NATIONAL-POLICY-ON-PWDs-2023.pdf,50,"2 The policy heavily relied on recent studies relating to persons with disabilities including: the situational study on persons with disabilities in Uganda , the Uganda Functional Difficulties Survey (UFDS)  , the Uganda Demographic Health Surveys (UDHS) (2016 and 2011) and, the National Population and Housing Census (NPHC) of 2014 among others. The policy was developed through a participatory process involving extensive consultations with a wide range of stakeholders at national, regional, district and community levels. Stakeholders including representatives of persons with disabilities were consulted through the four regional and one national consultative workshops, individual interviews, expert reviews and Focus Group Discussions. Discussions centred on the achievements of the current Disability and inclusion Policies, directions for a new National Policy on Disability and priorities for its implementation plan.",128
FINAL-REVISED-NATIONAL-POLICY-ON-PWDs-2023.pdf_chunk_51,FINAL-REVISED-NATIONAL-POLICY-ON-PWDs-2023.pdf,51,"Discussions centred on the achievements of the current Disability and inclusion Policies, directions for a new National Policy on Disability and priorities for its implementation plan. In addition, a Technical Working Group (TWG) was formed and several meetings were organized to inform the policy development process, including review of the policy and related deliverables (such as the National Action Plan on Disability (NAPD) and the Regulatory Impact Assessment (RIA) report). The TWG members were drawn from relevant Government Ministries, Departments and Agencies (MDAs), Development partners, academic and research institutions, and Civil Society Organizations among others. Majority of the members of the TWG were persons with disabilities with exp erience and expertise in disability inclusion. The policy addresses two major challenges faced by persons with disabilities of vulnerability and exclusion.",129
FINAL-REVISED-NATIONAL-POLICY-ON-PWDs-2023.pdf_chunk_52,FINAL-REVISED-NATIONAL-POLICY-ON-PWDs-2023.pdf,52,"The policy addresses two major challenges faced by persons with disabilities of vulnerability and exclusion. In accordance with international laws and national legislations, refugees with disabilities have been included in all aspects of the policy and provisions. 3 3 SITUATION OF PERSONS WITH DISABILITIES IN UGANDA 1 Definition of Disability The Persons with disabilities Act 2020 define disability as , A substantial functional limitation of a persons daily life activities caused by physical, mental or sensory impairment and environment barriers, resulting in limited participation in society on equal basis with others and includes an impairment specified in Schedule 3 of the Persons with Disabilities Act Schedule 3 of the Persons with Disabilities Act, 2020  Laws of Uganda 1 provide for disability categories/ impairments to include: Physical Disability caused by cerebral palsy, amputation of a limb, paralysis or deformity. Hearing disability including deafness and hard of hearing disability.",147
FINAL-REVISED-NATIONAL-POLICY-ON-PWDs-2023.pdf_chunk_53,FINAL-REVISED-NATIONAL-POLICY-ON-PWDs-2023.pdf,53,"Hearing disability including deafness and hard of hearing disability. Visual disability including blindness and low vision disability. Deaf and blind disability. Mental disability including psychiatric disability and learning disability. Little people. Albinism. Multiple Disability The policy derives the definition and description of person with disability from the definition of disability as provided in the Persons with Disabilities Act 2020 as well as the Washington Group Short Set of Questions (WGSSQs) on functioning. Therefore, a person with disability is one who has a substantial functional limitation and does with a lot of difficulty or cannot do at all daily life activities as a result of an impai rment. 2 Demography According to UBOS , overall, for the population aged 2 years and above the disability prevalence rate was 4  while the equivalent for 5 years and above was close to 14 percent (UBOS, 2016, page 22 2).",146
FINAL-REVISED-NATIONAL-POLICY-ON-PWDs-2023.pdf_chunk_54,FINAL-REVISED-NATIONAL-POLICY-ON-PWDs-2023.pdf,54,"2 Demography According to UBOS , overall, for the population aged 2 years and above the disability prevalence rate was 4  while the equivalent for 5 years and above was close to 14 percent (UBOS, 2016, page 22 2). Disability prevalence rate for persons aged 2 years and above 5 (UBOS, 2018, page 73) while the Disability prevalence by district count and difficulty count-off is 7  (n6,466,798) (UBOS, 2016, page 80-83). The national agreeable statistics is 4 per cent. Of these, 26 and 74  are males and females. The census estimates that the highest forms of disability are: difficulty seeing (5 of the population), difficulty remembering (4 ); difficulty walking (5 ); and difficulty hearing (1 ).",117
FINAL-REVISED-NATIONAL-POLICY-ON-PWDs-2023.pdf_chunk_55,FINAL-REVISED-NATIONAL-POLICY-ON-PWDs-2023.pdf,55,"The census estimates that the highest forms of disability are: difficulty seeing (5 of the population), difficulty remembering (4 ); difficulty walking (5 ); and difficulty hearing (1 ). Despite the fact that adults and children with disabilities officially make up around 4 of the Ugandan population, according to the most recent Census , they are excluded from education, jobs, health services, the justice system, and are still woefully 1 Persons with Disabilities Act, 2020, page 38 2 Government of Uganda : National Population and Housing Census Report 2014, Kampala, Uganda Bureau of Statistics ( http://www.ubos.org ) 3 Uganda Bureau of Statistics . Uganda Functional Difficulties Survey Kampala, Uganda. 4 underrepresented in all sectors of Ugandan society. This exclusion makes them more vulnerable to insecurity and social deprivation, leading to undignified lives and deprivation of human rights.",137
FINAL-REVISED-NATIONAL-POLICY-ON-PWDs-2023.pdf_chunk_56,FINAL-REVISED-NATIONAL-POLICY-ON-PWDs-2023.pdf,56,"This exclusion makes them more vulnerable to insecurity and social deprivation, leading to undignified lives and deprivation of human rights. Development Pathways 2020, page Persons with disabilities in Uganda face two main challenges that relate to vulnerability and exclusion. 3 Vulnerability of persons with disabilities Persons with disabilities are generally considered as being among the most vulnerable groups of the population. The main drivers of vulnerability amongst persons with disabilities are: poverty; additional cost of living with a disability; shocks at on-set of disability and, other natural factors; disability category, multiplicity and severity; food insecurity and limited dietary uptake; social norms and expectations; abuse and violence and; ageing with a disability as explained below. 1 Disability and poverty Poverty is both a driver and effect of disability and vice versa.",130
FINAL-REVISED-NATIONAL-POLICY-ON-PWDs-2023.pdf_chunk_57,FINAL-REVISED-NATIONAL-POLICY-ON-PWDs-2023.pdf,57,"1 Disability and poverty Poverty is both a driver and effect of disability and vice versa. A person with poverty is more at risk of disability due to factors such as lack of healthcare, increased vulnerability to malnutrition and preventable diseases, precarious working environments and low- quality housing, with reduced access to safe drinking water and sanitation. Around half of Ugandans living in households with persons with disabilities are living in extreme poverty (less than 9 PPP) and over three-quarters are living in poverty (less than 2 PPP per person per day). Poverty in households living with persons with disabilities st ands at 31 as compared to 28 in households without a person with disabilities4. These factors are magnified by the associated discrimination and exclusion many persons with disabilities experience across the life cycle.",134
FINAL-REVISED-NATIONAL-POLICY-ON-PWDs-2023.pdf_chunk_58,FINAL-REVISED-NATIONAL-POLICY-ON-PWDs-2023.pdf,58,"These factors are magnified by the associated discrimination and exclusion many persons with disabilities experience across the life cycle. The drivers of poverty among persons with disabilities include: limited access to economic opportunities  with unemployment among persons with disabilities being at 1; extra cost of living with a disability that such as additional household expenses (at 39), health, rehabilitation and medical related costs and; other indirect costs of disability such loss of education and employment opportunities. 2 Disability, food security and nutrition The household survey5 found that close to 15 of households with members who had a disability had a poor dietary diversity consumption, and 55 had either a low or a medium dietary diversity score. This is 2 more than households with no members with a disability.",128
FINAL-REVISED-NATIONAL-POLICY-ON-PWDs-2023.pdf_chunk_59,FINAL-REVISED-NATIONAL-POLICY-ON-PWDs-2023.pdf,59,"This is 2 more than households with no members with a disability. Households with members with a disability that have younger household heads tend to have better dietary diversity than households with older household heads. This is also observed among different household structures. Less than a quarter of older persons with disabilities living alone have richer and more diverse diets. 4 When applying the national poverty lines and adult equivalence scales. 5 The Uganda Cost of Disability Survey 2020 in the Situational Analysis of persons with Disabilities in Uganda study 2020 5 3 Social norms and expectations Social norms and expectations  especially with regard to stigma and discrimination  can have a significant impact on the vulnerability (and conversely resilience) of adults and children with disabilities across the lifecycle. While discrimination on the basis of disability is outlawed in Uganda, there are still many cases of prejudice and misunderstanding within communities.",150
FINAL-REVISED-NATIONAL-POLICY-ON-PWDs-2023.pdf_chunk_60,FINAL-REVISED-NATIONAL-POLICY-ON-PWDs-2023.pdf,60,"While discrimination on the basis of disability is outlawed in Uganda, there are still many cases of prejudice and misunderstanding within communities. 4 Gender norms Women with disabilities tend to experience more stigma and discrimination than women without disabilities. Gender and disability therefore intersect, and women with disabilities can face double or even triple discrimination. For example, women with disabilities are at greater risk of experiencing sexual violence compared to their non- disabled counterparts. Men and women with disabilities adhere to social norms around marriage and childbirth, and women are expected to, and indeed in many cases want to, marry and have children, and many men aspire to have at least a second wife, which is supported by the state and by society.",123
FINAL-REVISED-NATIONAL-POLICY-ON-PWDs-2023.pdf_chunk_61,FINAL-REVISED-NATIONAL-POLICY-ON-PWDs-2023.pdf,61,"Men and women with disabilities adhere to social norms around marriage and childbirth, and women are expected to, and indeed in many cases want to, marry and have children, and many men aspire to have at least a second wife, which is supported by the state and by society. While most men and women are living as couples with children, it is not clear if these are cohabiting couples, or formal marriages, but informal cohabiting may contribute to vulnerability. Being legally recognised as the next of kin gives at least some semblance of legal protection to women when they divorce, unlike informal arrangements of living together and having children. Property inheritance, for example, can be a very contested area for women, especially if they are not formally married, or if their husband has a second (or subsequent) wife. A womans capacity for autonomy is severely restricted by gender norms.",149
FINAL-REVISED-NATIONAL-POLICY-ON-PWDs-2023.pdf_chunk_62,FINAL-REVISED-NATIONAL-POLICY-ON-PWDs-2023.pdf,62,"A womans capacity for autonomy is severely restricted by gender norms. While women with and without disabilities will often make financial decisions regarding the household, decisions that involve greater amounts of money are normally made by the head of the household, who is often a man. Women in female-headed households have more autonomy but may be in a vulnerable state due to less income (whilst caring for dependents) and fewer assets. 5 Abuse and violence Both men and women with disabilities are more likely to experience some form of abuse or violence across the lifecycle than people without disabilities. The qualitative research raised examples of children with disabilities who are hidden away from the community and segregated within the family. Young girls with disabilities are particularly vulnerable, as they are often the target of opportunistic men, many of whom abandon them when they become pregnant.",145
FINAL-REVISED-NATIONAL-POLICY-ON-PWDs-2023.pdf_chunk_63,FINAL-REVISED-NATIONAL-POLICY-ON-PWDs-2023.pdf,63,"Young girls with disabilities are particularly vulnerable, as they are often the target of opportunistic men, many of whom abandon them when they become pregnant. Sometimes these men offer little support and may even be abusive. 6 Disability across the lifecycle Ugandans face a range of risks and shocks across the lifecycle, and person with disabilities and their families may have even less ability to withstand these shocks and risks for a variety of reasons There are a range of barriers that create conditions of 6 vulnerability as well as opportunities to strengthen resilience across the lifecycle. None of these conditions are static, and persons move between these phases at different points in their life depending on a range of factors. There are approximately two million and five hundred children with disabilities in Uganda6.",134
FINAL-REVISED-NATIONAL-POLICY-ON-PWDs-2023.pdf_chunk_64,FINAL-REVISED-NATIONAL-POLICY-ON-PWDs-2023.pdf,64,"There are approximately two million and five hundred children with disabilities in Uganda6. At childhood, poverty, exclusion and poor-quality services hinder a childs ability to thrive and lead a full life. It is therefore extremely important that the risks and vulnerabilities that a child with a disability faces are addressed when they are young. Most impairments acquired in childhood happen after birth, for example from endemic childhood diseases such as (cerebral) malaria, as well as vaccine- preventable diseases. This may include potentially avoidable conditions, which can worsen with limited access to healthcare and/or rehabilitation.",94
FINAL-REVISED-NATIONAL-POLICY-ON-PWDs-2023.pdf_chunk_65,FINAL-REVISED-NATIONAL-POLICY-ON-PWDs-2023.pdf,65,"This may include potentially avoidable conditions, which can worsen with limited access to healthcare and/or rehabilitation. The key challenges associated with childhood disability include: ridicule- as disability among babies and young children is often viewed as a curse; family breakages in accusations; stigma and discrimination; limited access to education (only 74 of children with disabilities aged between 5 and 18 years attend school) and, high cost to specialist services and limited access to health care. In Uganda, the National Youth Policy defines youth as those aged between 18 and 30 years of age. Ugandas youth face particular challenges around education, employment (unemployment among youths with disabilities stands at 53), health, relationships and family life, all of which can have adverse consequences on life chances and opportunities. It is around this age that many young people, particularly girls, begin relationships and have children.",142
FINAL-REVISED-NATIONAL-POLICY-ON-PWDs-2023.pdf_chunk_66,FINAL-REVISED-NATIONAL-POLICY-ON-PWDs-2023.pdf,66,"It is around this age that many young people, particularly girls, begin relationships and have children. Gendered attitudes are entrenched from a very young age, and girls who marry young often endure lasting health and other consequences. With increasing life expectancy, shifting living arrangements and greater globalisation, the profile of Ugandans aged 60 years and above (older persons) is changing rapidly. Without sufficient support, and with decreasing care networks, many older persons are often not able to experience the golden years that are envisaged as ideal social roles for older persons, in which they are surrounded by a large, loving extended family. Instead of fulfilling the elder role of instilling good morals, mediating conflicts and giving advice, they must continue to undertake physical labour in order to survive. Older persons with disabilities are most likely to be living with children, grandchildren or other relatives.",144
FINAL-REVISED-NATIONAL-POLICY-ON-PWDs-2023.pdf_chunk_67,FINAL-REVISED-NATIONAL-POLICY-ON-PWDs-2023.pdf,67,"Older persons with disabilities are most likely to be living with children, grandchildren or other relatives. Although living with younger generations provides care and financial support  which is vital in the absence of state social care  larger households have more age-dependent members, which can put them in a more vulnerable state. 4 Exclusion of persons with disabilities Despite positive elements of the legal, policy and institutional framework, persons with disabilities continue to face discrimination and marginalization in Uganda. Key issues in relation to exclusion of persons with disabilities are: discrimination, lack of awareness on disability issues, limited accessibility to goods, services and facilities and, limited participation in development processes and programmes. 6 UNICEF  Situational Analysis of Children with Disabilities in Uganda, Unicef and MGLSD, Kampala.",125
FINAL-REVISED-NATIONAL-POLICY-ON-PWDs-2023.pdf_chunk_68,FINAL-REVISED-NATIONAL-POLICY-ON-PWDs-2023.pdf,68,"6 UNICEF  Situational Analysis of Children with Disabilities in Uganda, Unicef and MGLSD, Kampala. 7 1 Accessibility 80 of persons with disabilities live in rural areas7 and to participate in all aspects of life is often limited by a lack of accessible physical environments, transportation and ICTs. In its report to the CRPD Committee, the Government noted that it is working to progressively realize accessibility. Ugandas legal framework includes provisions for accessibility, including in the Persons with Disabilities Act 2020, which calls for accessibility of buildings, information, public transport and roads and, assistive devices. The CRPD committee report on Uganda noted that: the standards on physical accessibility are not yet well disseminated and, where they have disseminated, they are still not always implemented; older public buildings are not accessible at all and; ATMs are inaccessible.",135
FINAL-REVISED-NATIONAL-POLICY-ON-PWDs-2023.pdf_chunk_69,FINAL-REVISED-NATIONAL-POLICY-ON-PWDs-2023.pdf,69,"The CRPD committee report on Uganda noted that: the standards on physical accessibility are not yet well disseminated and, where they have disseminated, they are still not always implemented; older public buildings are not accessible at all and; ATMs are inaccessible. Other areas of accessibility that have been noted include: lack of assistive devices and technologies; limited use of sign language in social and public service provision and limited use of accessible formats in printing reports, plans, policies and laws in (braille version). 8 2 Education As a result of Ugandas Constitutional guarantee of universal primary education (UPE) 9, school enrolment of children with disabilities has increased in recent years.10 In 2011, enrolment included over 197,000 pupils with special education needs. The CRPD Committee expressed concern regarding the promotion of segregated education institutions and recommended that Uganda expedite action to transition from segregat ed to inclusive education.",147
FINAL-REVISED-NATIONAL-POLICY-ON-PWDs-2023.pdf_chunk_70,FINAL-REVISED-NATIONAL-POLICY-ON-PWDs-2023.pdf,70,"The CRPD Committee expressed concern regarding the promotion of segregated education institutions and recommended that Uganda expedite action to transition from segregat ed to inclusive education. Children with disabilities may also face attitudinal barriers that prohibit their participation in mainstream schools. A draft National Inclusive Education Policy (NIEP) is been made and one element of the draft policy is a call for a functional assessment for all learners, which would facilitate both data and evidence-based budgeting related to education for children with disabilities. While most information received focused on primary education, there is a lack of appropriately trained teachers especially secondary education and high tuition fees for learners in special schools and, 60 persons with disabilities are awarded university scholarship every year.",122
FINAL-REVISED-NATIONAL-POLICY-ON-PWDs-2023.pdf_chunk_71,FINAL-REVISED-NATIONAL-POLICY-ON-PWDs-2023.pdf,71,"While most information received focused on primary education, there is a lack of appropriately trained teachers especially secondary education and high tuition fees for learners in special schools and, 60 persons with disabilities are awarded university scholarship every year. Other challenges include: limited data on learners with disabilities fo r appropriate planning; low enrolment and retention of Learners with Disabilities in Schools (with a net enrolment ration of 28 and 4 in primary and secondary schools respectively); inadequate capitation grant for learners with disabilities in UPE and USE programmes; inadequate funding for Special Needs 7 National Union of Disabled Persons of Uganda (NUDIPU), Alternative Report to the UN Committee of Experts on the Implementation of the Convention on the Rights of Persons with Disabilities  8 Uganda Human Rights Commission, Contribution to the 4th Pre-Sessional Working Group of the Committee on the Rights of Persons with Disabilities, 2015 9 Constitution of Uganda, Article 30 and 34 .",156
FINAL-REVISED-NATIONAL-POLICY-ON-PWDs-2023.pdf_chunk_72,FINAL-REVISED-NATIONAL-POLICY-ON-PWDs-2023.pdf,72,"Other challenges include: limited data on learners with disabilities fo r appropriate planning; low enrolment and retention of Learners with Disabilities in Schools (with a net enrolment ration of 28 and 4 in primary and secondary schools respectively); inadequate capitation grant for learners with disabilities in UPE and USE programmes; inadequate funding for Special Needs 7 National Union of Disabled Persons of Uganda (NUDIPU), Alternative Report to the UN Committee of Experts on the Implementation of the Convention on the Rights of Persons with Disabilities  8 Uganda Human Rights Commission, Contribution to the 4th Pre-Sessional Working Group of the Committee on the Rights of Persons with Disabilities, 2015 9 Constitution of Uganda, Article 30 and 34 . 10 The status of education for persons with disabilities was detailed by both the government of Uganda and those submitting parallel information in reports to the CRPD Committee.",145
FINAL-REVISED-NATIONAL-POLICY-ON-PWDs-2023.pdf_chunk_73,FINAL-REVISED-NATIONAL-POLICY-ON-PWDs-2023.pdf,73,"10 The status of education for persons with disabilities was detailed by both the government of Uganda and those submitting parallel information in reports to the CRPD Committee. 8 Education and sports (1 of the overall education budget); inadequate scholastic materials; the summative and equity based examination system that limits progression in education and; inaccessible school environments. 3 Employment According to UBOS 11, one-third of both males and females with disabilities felt they had been treated more positively than those without disabilities and that more males  than females  with disabilities had been treated unfairly in finding or keeping a job, including having been prevented from applying for work, and being dismissed without compensation after acquiring a disability. This may in part be because generally more men than women seek and are in paid employment.",134
FINAL-REVISED-NATIONAL-POLICY-ON-PWDs-2023.pdf_chunk_74,FINAL-REVISED-NATIONAL-POLICY-ON-PWDs-2023.pdf,74,"This may in part be because generally more men than women seek and are in paid employment. The Ministry of Gender, Labour and Social Development (MGLSD ) oversees the Special Grant for Persons with Disabilities. The Special Grant aims to promote income generating activities and to increase employment for persons with disabilities and thereafter their income status and quality of life. In 2019, the gove rnment of Uganda doubled the special grant funds. The new funding has been put in a National Special Grant which is being piloted and managed by the MGLSD. The grant has resulted in substantial life improvements for some of its recipients, particularly female recipients. One challenge is that the committees receive far more proposals than they are able to fund.",125
FINAL-REVISED-NATIONAL-POLICY-ON-PWDs-2023.pdf_chunk_75,FINAL-REVISED-NATIONAL-POLICY-ON-PWDs-2023.pdf,75,"One challenge is that the committees receive far more proposals than they are able to fund. There is still a need for awareness raising for employers because persons with disabilities frequently face attitudinal barriers to employment as a result of their misinformed and negative perceptions. 5 Health care The right to health is contained in Section XIV of the Preamble of the Constitution of Uganda and the Persons with Disabilities Act recognizes the right of persons with disabilities to enjoy the same rights as members of the general population in all health institutions. 12 The Ministry of Health includes a section on Disability Prevention and Rehabilitation, which operates within the Community Health Department and which is mandated to develop policies and guidelines for reducing the incidence of disability, providing rehabilitation and promoting access to health for persons with disabilities. There are currently efforts to elevate its status to a directorate.",150
FINAL-REVISED-NATIONAL-POLICY-ON-PWDs-2023.pdf_chunk_76,FINAL-REVISED-NATIONAL-POLICY-ON-PWDs-2023.pdf,76,"There are currently efforts to elevate its status to a directorate. In its report to the CRPD Committee, the government has described both the work of the Section, which includes training practitioners on disability, and the challenges that it faces. As described, the latter includes: insufficient numbers of public health workers and human resources for health; long distances to facilities; limited accessibility to health facilities; limited services  for example, health providers can detect a hearing impairment but may not be in a position to offer an aid; poor access of women with disabilities to sexual and reproductive health care, in particular due to lack of informational access and accessibility of facilities. In many cases, health practitioners 11 UBOS  Uganda Functional Difficulties Survey 2017 12 Persons with Disab ilities Act, Art.",130
FINAL-REVISED-NATIONAL-POLICY-ON-PWDs-2023.pdf_chunk_77,FINAL-REVISED-NATIONAL-POLICY-ON-PWDs-2023.pdf,77,"In many cases, health practitioners 11 UBOS  Uganda Functional Difficulties Survey 2017 12 Persons with Disab ilities Act, Art. 7 9 lack training and awareness about working with patients with disabilities and, worse, may believe false or harmful stereotypes about such women. 1 Mental health There is a lack of community-based support services for persons with psychosocial disabilities and that at local level, traditional healers and religious institutions also promote approaches that are ultimately detrimental to their subjects. In their parallel report to the CRPD Committee, Mental Health Uganda and the Mental Disability Advocacy Centre noted that, at community-level, many persons with psychosocial disabilities have reported experiencing negative attitudes, insults, threats and physical assault, exploitation and ill treatment at the hands of local service providers, including the police, and that abuse also takes place within family settings.",137
FINAL-REVISED-NATIONAL-POLICY-ON-PWDs-2023.pdf_chunk_78,FINAL-REVISED-NATIONAL-POLICY-ON-PWDs-2023.pdf,78,"In their parallel report to the CRPD Committee, Mental Health Uganda and the Mental Disability Advocacy Centre noted that, at community-level, many persons with psychosocial disabilities have reported experiencing negative attitudes, insults, threats and physical assault, exploitation and ill treatment at the hands of local service providers, including the police, and that abuse also takes place within family settings. 13 It was suggested that mental health issues are not well understood by many in Uganda and that different cultures and individuals often have negative and inaccurate perceptions about it. It was therefore proposed that the Government could improve the situation of persons with psychosocial disabilities through awareness raising and sensitization work. 6 Women with Disabilities There are particular challenges faced by women with disabilities, including a reportedly high incidence of physical and sexual violence. Women with disabilities face barriers to their access of sexual and reproductive health services and information.",150
FINAL-REVISED-NATIONAL-POLICY-ON-PWDs-2023.pdf_chunk_79,FINAL-REVISED-NATIONAL-POLICY-ON-PWDs-2023.pdf,79,"Women with disabilities face barriers to their access of sexual and reproductive health services and information. In some cases, as a result of a lack of knowledge in this respect and being targeted with impunity by men within their communities, women with disabilities may have up to ten children with no clear father. This feeds into a cycle of poverty which may never be broken. Women with disabilities also face disproportionately high levels of domestic violence and abuse. Refugee women within Uganda also face high levels of gender-based violence and lack of access to sexual and reproductive health. There is also a lack of assistive devices in refugee camps, severely limiting the mobility and participation of women with disabilities. 7 Budgeting for disability inclusion There are challenges in implementation of the CRPD and of relevant national laws and policies to insufficient budget allocations for disability inclusion.",146
FINAL-REVISED-NATIONAL-POLICY-ON-PWDs-2023.pdf_chunk_80,FINAL-REVISED-NATIONAL-POLICY-ON-PWDs-2023.pdf,80,"7 Budgeting for disability inclusion There are challenges in implementation of the CRPD and of relevant national laws and policies to insufficient budget allocations for disability inclusion. At the same time, no analysis has, to date, been prepared on the costs of both inclusion and exclusion of persons with disabilities. For example, taking into account both the costs that the government would incur if it were able to provide inclusive education and vocational training to all persons with disabilities, as well as the additional tax revenues that it would accrue if persons with disabilities were better able to access employment, and thus be in a position to pay taxes.",109
FINAL-REVISED-NATIONAL-POLICY-ON-PWDs-2023.pdf_chunk_81,FINAL-REVISED-NATIONAL-POLICY-ON-PWDs-2023.pdf,81,"For example, taking into account both the costs that the government would incur if it were able to provide inclusive education and vocational training to all persons with disabilities, as well as the additional tax revenues that it would accrue if persons with disabilities were better able to access employment, and thus be in a position to pay taxes. 13 DPO and NGO information to the United Nations Committee on the Rights of Persons with Disabilities for consideration at the 15th Session; Regarding the First Periodic Report of the Republic of Uganda under the CRPD, submitted by Mental Health Uganda and M ental Disability Advocacy Centre, March 10 8 Participation/Status of Organizations of Persons with Disabilities (OPD Organizations of Persons with Disabilities (OPDs) in Uganda include those that work at national, district and community level, and both cross-disability organizations and organizations devoted to specific disabilities.",145
FINAL-REVISED-NATIONAL-POLICY-ON-PWDs-2023.pdf_chunk_82,FINAL-REVISED-NATIONAL-POLICY-ON-PWDs-2023.pdf,82,"13 DPO and NGO information to the United Nations Committee on the Rights of Persons with Disabilities for consideration at the 15th Session; Regarding the First Periodic Report of the Republic of Uganda under the CRPD, submitted by Mental Health Uganda and M ental Disability Advocacy Centre, March 10 8 Participation/Status of Organizations of Persons with Disabilities (OPD Organizations of Persons with Disabilities (OPDs) in Uganda include those that work at national, district and community level, and both cross-disability organizations and organizations devoted to specific disabilities. The OPD field in Uganda is widely regarded as strong and proactive, and several OPDs have shared their expertise to help build the capacity of OPDs in other countries in the region.",118
FINAL-REVISED-NATIONAL-POLICY-ON-PWDs-2023.pdf_chunk_83,FINAL-REVISED-NATIONAL-POLICY-ON-PWDs-2023.pdf,83,"The OPD field in Uganda is widely regarded as strong and proactive, and several OPDs have shared their expertise to help build the capacity of OPDs in other countries in the region. OPDs in Uganda have also noted, however, that in some cases there is a need for f urther capacity development amongst them in relation to how best to use the CRPD and the SDGs to advance disability inclusive development. 9 International Cooperation Many initiatives on disability in Uganda are funded by international cooperation rather than being mainstreamed into government budgets. For this reason, initiatives are often ad hoc, rather than part of a more comprehensive approach to advancing the situation of persons with disabilities. As such, when grants end, projects die. Donors often fund disability-related initiatives through funds that have been earmarked for disability, rather than by mainstreaming disability through general funds.",144
FINAL-REVISED-NATIONAL-POLICY-ON-PWDs-2023.pdf_chunk_84,FINAL-REVISED-NATIONAL-POLICY-ON-PWDs-2023.pdf,84,"Donors often fund disability-related initiatives through funds that have been earmarked for disability, rather than by mainstreaming disability through general funds. 11 4 POLICY VISION, MISSION, GOAL, OBJECTIVES, VALUES GUIDING PRINCIPLES, JUSTIFICATION/RATIONALE AND OUTCOMES 1 Vision An inclusive society that provides equal opportunities for Persons with Disabilities in all spheres of development 2 Mission To provide an enabling environment for the effective empowerment and participation of Persons with disabilities in development 3 Goal To foster resilience and inclusion of Persons with disabilities in development. 4 Values The policy values;  Human dignity;  Equality and equity;  Inclusiveness to gender, nationality, disability categories and age;  Social justice;  Transparency and accountability and;  Cost effectiveness.",110
FINAL-REVISED-NATIONAL-POLICY-ON-PWDs-2023.pdf_chunk_85,FINAL-REVISED-NATIONAL-POLICY-ON-PWDs-2023.pdf,85,"4 Values The policy values;  Human dignity;  Equality and equity;  Inclusiveness to gender, nationality, disability categories and age;  Social justice;  Transparency and accountability and;  Cost effectiveness. 5 Objectives To enhance access to livelihoods programmes To Enhance utilization of goods, services and facilities To enhance technical capacities to enforce the relevant frameworks To realize adequate protection of victims of abuse and neglect 6 Guiding Principles The National Policy on Disability adopts principles enshrined in international conventions and treaties, national laws and policies in sustained response to disability. These include: comprehensive accessibility; evidence-based implementation; good governance and accountability; Human Rights-Based Approach (HRBA); inclusion and participation; life-cycle and life-course approach; multi- sectoral collaboration; non-discrimination; reasonable accommodation; respect and dignity and; universal design. Inclusion and participation Overcoming barriers to participation require concerted efforts to include all persons with disabilities in Development.",137
FINAL-REVISED-NATIONAL-POLICY-ON-PWDs-2023.pdf_chunk_86,FINAL-REVISED-NATIONAL-POLICY-ON-PWDs-2023.pdf,86,"Inclusion and participation Overcoming barriers to participation require concerted efforts to include all persons with disabilities in Development. All duty bearers (parents, government Ministries, Departments, Agencies, institutions, child-rights actors and other non-state actors) to actively consult with persons with disabilities and their caretakers in planning, implementation, Monitoring and Evaluation of interventions. The policy will therefore continue promoting the slogan of Nothing about us, without us. Comprehensive accessibility Comprehensive accessibility is a cross cutting issue. The policy fronts for comprehensive accessibility to: goods and services, built environment, public transport, communication and 12 information services. In so doing the tenets of physical Access, Affordability, Availability and Quality (AAAQ) will be taken into cognizance. Human Rights - Based Approach In implementing this policy, the Human Rights Based Approach shall be used. This will ensure that all legislation and programming by government and her partners enhance the rights of Persons with disabilities.",148
FINAL-REVISED-NATIONAL-POLICY-ON-PWDs-2023.pdf_chunk_87,FINAL-REVISED-NATIONAL-POLICY-ON-PWDs-2023.pdf,87,"This will ensure that all legislation and programming by government and her partners enhance the rights of Persons with disabilities. Non- Discrimination All actors to ensure that equal opportunities are accorded to persons with disabilities. Issues that affect both men and women, boys, girls and, other differences such as: disability category, disability severity, age, gender, tribe, impairment, religion and, region/ residence are included in planning and implementation of programmes. The policy will ensure that affirmative action be applied where imbalances exist. Good governance, accountability and transparency This principle will promote effective governance through democratic processes at all levels. Persons with disabilities shall be able to demand and hold service providers accountable on matters that affect them and the communities at the same time be held responsible for their actions. Multi -sectoral collaboration Disability issues are crosscutting thus every stakeholder has a role to play.",144
FINAL-REVISED-NATIONAL-POLICY-ON-PWDs-2023.pdf_chunk_88,FINAL-REVISED-NATIONAL-POLICY-ON-PWDs-2023.pdf,88,"Multi -sectoral collaboration Disability issues are crosscutting thus every stakeholder has a role to play. The welfare and rights of persons with disabilities are a responsibility of all stakeholders. Building strong partnerships and linkages with: families of persons with disabilities, development partners, civil society, and communities, religious and traditional leaders to address the drivers and conseque nces of discrimination and vulnerability and reduce the impact thereof at all levels will be a guiding principle. The State shall facilitate the active involvement and participation of stakeholders in securing and ensuring fulfilment of the rights of persons with disabilities Reasonable accommodation Actors have to make appropriate modifications and adjustments without imposing disproportionate or undue burden, where needed in a particular case, to ensure that persons with disabilities enjoy or exercise on an equal basis with others of all human rights and fundamental freedoms.",141
FINAL-REVISED-NATIONAL-POLICY-ON-PWDs-2023.pdf_chunk_89,FINAL-REVISED-NATIONAL-POLICY-ON-PWDs-2023.pdf,89,"The State shall facilitate the active involvement and participation of stakeholders in securing and ensuring fulfilment of the rights of persons with disabilities Reasonable accommodation Actors have to make appropriate modifications and adjustments without imposing disproportionate or undue burden, where needed in a particular case, to ensure that persons with disabilities enjoy or exercise on an equal basis with others of all human rights and fundamental freedoms. Universal design All legislators and programmers will ensure that the design of products, environments, programmes and services are usable by all persons, to the greatest extent possible, without the need for adaptation or specialized design. Universal design will also include the provision and use of assistive devices and technologies for and by particular groups of persons with disabilities where this is needed.",129
FINAL-REVISED-NATIONAL-POLICY-ON-PWDs-2023.pdf_chunk_90,FINAL-REVISED-NATIONAL-POLICY-ON-PWDs-2023.pdf,90,"Universal design will also include the provision and use of assistive devices and technologies for and by particular groups of persons with disabilities where this is needed. Respect and dignity Persons with disabilities shall be treated with dignity and respect by their families and service providers irrespective of their sex, age, social -cultural and economic status. 13 Life-cycle and life-course approach The policy will ensure that a life -cycle approach is taken and that all ages and stages of development, childrens evolving capacities, and sensitive periods and key windows of development are considered in implementation and assessment. Evidence based implementation Research, work able models and other forms of evidence shall be employed in the implementation of actions relating to persons with disabilities.",122
FINAL-REVISED-NATIONAL-POLICY-ON-PWDs-2023.pdf_chunk_91,FINAL-REVISED-NATIONAL-POLICY-ON-PWDs-2023.pdf,91,"Evidence based implementation Research, work able models and other forms of evidence shall be employed in the implementation of actions relating to persons with disabilities. Actors shall ensure that the evidences being used in implementation are in tandem with both the principles and provisions of t he Constitution of the Republic of Uganda 1995 and the CRPD. 7 Rationale/ Justification for the Policy Persons with Disabilities need an enabling environment for effective inclusion in all spheres of life and realisation of their full potential. The National Policy on Disability 2023, therefore, seeks to provide a framework for addressing issues related to Persons with Disabilities in a holistic and coordinated manner. It provides a guide for economic empowerment and participation of Persons with Disabilities in the development process.",127
FINAL-REVISED-NATIONAL-POLICY-ON-PWDs-2023.pdf_chunk_92,FINAL-REVISED-NATIONAL-POLICY-ON-PWDs-2023.pdf,92,"It provides a guide for economic empowerment and participation of Persons with Disabilities in the development process. The Policy also provides a framework for engaging duty bearers and right holders to mobilise resources towards implementation of appropriate interventions for Persons with Disabilities in a coordinated, transparent, and accountable manner. The policy, reviews the National Policy on Disability in Uganda 2006 and, reflects a paradigm shift from only focusing on ensuring dignity of Persons with disabilities through a need-based to providing equal opportunities in access and utilisation of goods and services. As a result, the policy is structured around the following themes; Economic Empowerment; protection; access and utilisation of essential goods and services; capacity building; participation and; humanitarian response.",118
FINAL-REVISED-NATIONAL-POLICY-ON-PWDs-2023.pdf_chunk_93,FINAL-REVISED-NATIONAL-POLICY-ON-PWDs-2023.pdf,93,"As a result, the policy is structured around the following themes; Economic Empowerment; protection; access and utilisation of essential goods and services; capacity building; participation and; humanitarian response. In addition, the policy takes into account the recent changes in legal framework (including the recent enactment of the Disability Act 2020), International frameworks such as the EAC Policy on Persons with Disabilities , African Union Protocol on Persons with Disabilities (that Uganda is working towards ratifying along with the policy), the CRPD and the Marrakesh Treaty among others. It also incorporates the priorities reflected in National Development Plan III (2019/20 -2023/24) and Sustainable Development Goals (SDGs).",105
FINAL-REVISED-NATIONAL-POLICY-ON-PWDs-2023.pdf_chunk_94,FINAL-REVISED-NATIONAL-POLICY-ON-PWDs-2023.pdf,94,"It also incorporates the priorities reflected in National Development Plan III (2019/20 -2023/24) and Sustainable Development Goals (SDGs). 8 Expected Outcomes The Policy shall achieve the following outcomes: Reduced mortality due to disability ii) Reduced burden of persons with disabilities iii) Increased life expectancy of persons with disabilities iv) Increased productivity of persons with disabilities High contribution to economic development by persons with disabilities vi) High capital accumulation among persons with disabilities vii) High investments among persons with disabilities viii) Increased opportunities among persons with disabilities ix) High standard of living among persons with disabilities 14 5 LINKAGES TO EXISTING LEGISLATIONS, POLICIES, PROTOCOLS, REGULATIONS, STRATGIES, AND CROSS CUTTING ISSUES Uganda has demonstrated its commitment to the promotion and protection of the rights of Persons with disabilities through adoption and implementation of national and international policies and legal ( wellbeing) instruments that concern persons with disabilities .",146
FINAL-REVISED-NATIONAL-POLICY-ON-PWDs-2023.pdf_chunk_95,FINAL-REVISED-NATIONAL-POLICY-ON-PWDs-2023.pdf,95,"8 Expected Outcomes The Policy shall achieve the following outcomes: Reduced mortality due to disability ii) Reduced burden of persons with disabilities iii) Increased life expectancy of persons with disabilities iv) Increased productivity of persons with disabilities High contribution to economic development by persons with disabilities vi) High capital accumulation among persons with disabilities vii) High investments among persons with disabilities viii) Increased opportunities among persons with disabilities ix) High standard of living among persons with disabilities 14 5 LINKAGES TO EXISTING LEGISLATIONS, POLICIES, PROTOCOLS, REGULATIONS, STRATGIES, AND CROSS CUTTING ISSUES Uganda has demonstrated its commitment to the promotion and protection of the rights of Persons with disabilities through adoption and implementation of national and international policies and legal ( wellbeing) instruments that concern persons with disabilities . This policy draws its context from the existing international, regional and national instruments and frameworks that support the realization of the rights and welfare of persons with disabilities.",156
FINAL-REVISED-NATIONAL-POLICY-ON-PWDs-2023.pdf_chunk_96,FINAL-REVISED-NATIONAL-POLICY-ON-PWDs-2023.pdf,96,"This policy draws its context from the existing international, regional and national instruments and frameworks that support the realization of the rights and welfare of persons with disabilities. 1 International and Regional Frameworks Uganda has ratified a number of international and regional treaties, minimum rules, standards and guidelines which uphold rights of persons with disabilities and obligate that all feasible measures to protect and realise those rights are taken. The international and regional treaties include:  Global Cooperation on Assistive Technology (The AT2030 Agenda: The inclusion of persons with disabilities);  The Anti-Personnel Mine Ban Convention 1999;  The International Convention on Economic, Social and Cultural Rights 1966;  The International Labour Organization Convention No.",111
FINAL-REVISED-NATIONAL-POLICY-ON-PWDs-2023.pdf_chunk_97,FINAL-REVISED-NATIONAL-POLICY-ON-PWDs-2023.pdf,97,"The international and regional treaties include:  Global Cooperation on Assistive Technology (The AT2030 Agenda: The inclusion of persons with disabilities);  The Anti-Personnel Mine Ban Convention 1999;  The International Convention on Economic, Social and Cultural Rights 1966;  The International Labour Organization Convention No. 159 and 168;  The Marrakesh Treaty 2013 (which Uganda ratified on July 23 rd 2018);  The Sustainable Development Goals (SDGs) 2015;  The UN Convention on Elimination of all forms of Discrimination Against Women 1979;  The UN Convention on the Rights of persons with Disabilities 2006  including the CRPD concluding observation report on Uganda 2016;  The UN Convention on the Rights of the Child 1990;  The UN Standard Rules for Equalisation of Opportunities 1993, which guides policy making;  The UN Universal Declaration on Human Rights of 1948 and;  UN Convention on Civil and Political Rights  Ugandas Commitments to Global Disability Summit 2022 The regional framework includes:  The African Union (AU) Protocol to the African Charter on human and peoples rights on the rights of Persons with Disabilities in Africa ;  The African Charter on Human and Peoples Rights 1981;  Continental Plan of Action for Persons with Disabilities in Africa 2002;  Windhoek declaration 2008;  Common Market Protocol 2009;  Protocol on the rights of women in Africa 2006;  African Agenda 2063;  The treaty for the establishment of the East African Community 2000 and;  The East African Policy on Persons with Disabilities 15 2 National Legal Framework The Uganda Constitution  recognises the rights of Persons with disabilities and provides the basis for the enactment of laws and development of policies that address their concerns.",262
FINAL-REVISED-NATIONAL-POLICY-ON-PWDs-2023.pdf_chunk_98,FINAL-REVISED-NATIONAL-POLICY-ON-PWDs-2023.pdf,98,"159 and 168;  The Marrakesh Treaty 2013 (which Uganda ratified on July 23 rd 2018);  The Sustainable Development Goals (SDGs) 2015;  The UN Convention on Elimination of all forms of Discrimination Against Women 1979;  The UN Convention on the Rights of persons with Disabilities 2006  including the CRPD concluding observation report on Uganda 2016;  The UN Convention on the Rights of the Child 1990;  The UN Standard Rules for Equalisation of Opportunities 1993, which guides policy making;  The UN Universal Declaration on Human Rights of 1948 and;  UN Convention on Civil and Political Rights  Ugandas Commitments to Global Disability Summit 2022 The regional framework includes:  The African Union (AU) Protocol to the African Charter on human and peoples rights on the rights of Persons with Disabilities in Africa ;  The African Charter on Human and Peoples Rights 1981;  Continental Plan of Action for Persons with Disabilities in Africa 2002;  Windhoek declaration 2008;  Common Market Protocol 2009;  Protocol on the rights of women in Africa 2006;  African Agenda 2063;  The treaty for the establishment of the East African Community 2000 and;  The East African Policy on Persons with Disabilities 15 2 National Legal Framework The Uganda Constitution  recognises the rights of Persons with disabilities and provides the basis for the enactment of laws and development of policies that address their concerns. The Constitution provides for fair representation of marginalized groups on all constitutional and other bodies, recognition of the rights of Persons with disabilities to respect and human dignity, and promotion the development of a sign language for the deaf.",259
FINAL-REVISED-NATIONAL-POLICY-ON-PWDs-2023.pdf_chunk_99,FINAL-REVISED-NATIONAL-POLICY-ON-PWDs-2023.pdf,99,"The Constitution provides for fair representation of marginalized groups on all constitutional and other bodies, recognition of the rights of Persons with disabilities to respect and human dignity, and promotion the development of a sign language for the deaf. Furthermore, it enjoins the country to take affirmative action to redress the imbalances that exist against Persons with disabilities. Other laws include: No Law Relation to disability 1 Persons with Disabilities Act 2020 The overall legal framework for and of persons with disabilities in Uganda. It provides for both the administration of disability programmes and the rights of persons with disabilities.",100
FINAL-REVISED-NATIONAL-POLICY-ON-PWDs-2023.pdf_chunk_100,FINAL-REVISED-NATIONAL-POLICY-ON-PWDs-2023.pdf,100,"It provides for both the administration of disability programmes and the rights of persons with disabilities. 2 The Childrens Act and statute 1996 (amendment 2016) Section 2 : Amendment of section 1 of the principal Act Defines children with special needs to mean children who have long-term physical, mental, intellectual or sensory impairments which may hinder their full and effective participation in society on an equal ba sis with others 3 The Public Finance Management Act, 2015; Sections: 9(6b), 13(11 ) The Public Finance Management Act, 2015; articulates provisions that relate to the implementation of Gender and Equity Certification which include provisions for disability inclusion.",105
FINAL-REVISED-NATIONAL-POLICY-ON-PWDs-2023.pdf_chunk_101,FINAL-REVISED-NATIONAL-POLICY-ON-PWDs-2023.pdf,101,"2 The Childrens Act and statute 1996 (amendment 2016) Section 2 : Amendment of section 1 of the principal Act Defines children with special needs to mean children who have long-term physical, mental, intellectual or sensory impairments which may hinder their full and effective participation in society on an equal ba sis with others 3 The Public Finance Management Act, 2015; Sections: 9(6b), 13(11 ) The Public Finance Management Act, 2015; articulates provisions that relate to the implementation of Gender and Equity Certification which include provisions for disability inclusion. 4 The Uganda Communications Act, 2013; Sections: 5(and, 9 One of the functions of the commission is to, promote research into the development and use of new communications techniques and technologies, including those which pro mote accessibility of persons with disabilities and other members of society to communications services 5 The Building Control Act, 2013; Sections : 2,4(, 4(, 9(, 28(2, , 28(4, , 29(and, 40(The Act defines accessibility standards as a practical guide to create a barrier- free physical environment in Uganda for all persons including persons with disabilities; Provides for a representation of persons with disabilities on the board as nominated by National Council for Persons with Disabilities (NCPD) and one of the functions of the board is to: to ensure that the design and construction of buildings and utilities to which the public is to have access cater for persons with disabilities.",234
FINAL-REVISED-NATIONAL-POLICY-ON-PWDs-2023.pdf_chunk_102,FINAL-REVISED-NATIONAL-POLICY-ON-PWDs-2023.pdf,102,"4 The Uganda Communications Act, 2013; Sections: 5(and, 9 One of the functions of the commission is to, promote research into the development and use of new communications techniques and technologies, including those which pro mote accessibility of persons with disabilities and other members of society to communications services 5 The Building Control Act, 2013; Sections : 2,4(, 4(, 9(, 28(2, , 28(4, , 29(and, 40(The Act defines accessibility standards as a practical guide to create a barrier- free physical environment in Uganda for all persons including persons with disabilities; Provides for a representation of persons with disabilities on the board as nominated by National Council for Persons with Disabilities (NCPD) and one of the functions of the board is to: to ensure that the design and construction of buildings and utilities to which the public is to have access cater for persons with disabilities. 6 The Local Government Act Sections: 10(, 23(1d, 2c, 3c, 4c, 5c), 47(2j), 118, 129013).",160
FINAL-REVISED-NATIONAL-POLICY-ON-PWDs-2023.pdf_chunk_103,FINAL-REVISED-NATIONAL-POLICY-ON-PWDs-2023.pdf,103,"6 The Local Government Act Sections: 10(, 23(1d, 2c, 3c, 4c, 5c), 47(2j), 118, 129013). 16 1997 (amendments 2001 and 2013); Provides for the election of representatives of persons with disabilities in local government councils and urban councils and, the processes thereof. 7 The Traffic and Road Safety Act 1998 (with amendments 2013); Sections: 41 and, 131 (Provides for equal opportunities in acquiring driving permits and; makes provision for ensuring adequate safety for cyclists, pedestrians and persons with inability and disability on the road and, in particular, the provision of rack or rump for storage of support equipment used by persons with a disability. 8 The Business, Technical, Vocational Education and Training (BTVET) Act, No.",115
FINAL-REVISED-NATIONAL-POLICY-ON-PWDs-2023.pdf_chunk_104,FINAL-REVISED-NATIONAL-POLICY-ON-PWDs-2023.pdf,104,"8 The Business, Technical, Vocational Education and Training (BTVET) Act, No. 12, 2008; Sections : 4(and 16(One of the BTVET principles is to increase equitable access to disadvantaged groups such as women and people with disabilities and; there is a representative for persons with disabilities on the Directorate of Industrial Training council. 9 The Penal Code Act, 2007; Sections: 129(4d,7) Prohibits and increases penalty for rape and/or defilement of persons with disabilities 10 The Equal Opportunities Commission Act 2007 The commission is established in order to ensure compliance with equal opportunities and affirmative action in favour of groups marginalized on the basis of sex, race, colour, ethnic origin, tribe, creed, religion, social or economic standing, political opinion, disability, gender, age or any other reason created by history, tradition or custom.",130
FINAL-REVISED-NATIONAL-POLICY-ON-PWDs-2023.pdf_chunk_105,FINAL-REVISED-NATIONAL-POLICY-ON-PWDs-2023.pdf,105,"9 The Penal Code Act, 2007; Sections: 129(4d,7) Prohibits and increases penalty for rape and/or defilement of persons with disabilities 10 The Equal Opportunities Commission Act 2007 The commission is established in order to ensure compliance with equal opportunities and affirmative action in favour of groups marginalized on the basis of sex, race, colour, ethnic origin, tribe, creed, religion, social or economic standing, political opinion, disability, gender, age or any other reason created by history, tradition or custom. The law also provides for representation of persons with disabilities on the commission 11 The copyright and other neighbouring rights Act, 2006; Sections: 2, 9(and 15(The Act defines Braille as means writing of the blind consisting of raised dots which are read by touching; Allows the owner of a protected work in relation to that work, the exclusive right to do or authorize other persons to among others to reproduce transcription into braille which is accessible to blind persons and; Provides for fair use of copyright and exempts copyright on: any work is transcribed into braille or sign language for educational purpose of persons with disabilities.",184
FINAL-REVISED-NATIONAL-POLICY-ON-PWDs-2023.pdf_chunk_106,FINAL-REVISED-NATIONAL-POLICY-ON-PWDs-2023.pdf,106,"The law also provides for representation of persons with disabilities on the commission 11 The copyright and other neighbouring rights Act, 2006; Sections: 2, 9(and 15(The Act defines Braille as means writing of the blind consisting of raised dots which are read by touching; Allows the owner of a protected work in relation to that work, the exclusive right to do or authorize other persons to among others to reproduce transcription into braille which is accessible to blind persons and; Provides for fair use of copyright and exempts copyright on: any work is transcribed into braille or sign language for educational purpose of persons with disabilities. 12 Employment Act, 2006 section 34 of the Employment Act 2006 requires all employers protect the special categories of employees. Employees that fall under these special categories include ethnic minorities, children, women and Persons with Disabiliti es.",143
FINAL-REVISED-NATIONAL-POLICY-ON-PWDs-2023.pdf_chunk_107,FINAL-REVISED-NATIONAL-POLICY-ON-PWDs-2023.pdf,107,"Employees that fall under these special categories include ethnic minorities, children, women and Persons with Disabiliti es. 17 13 The Universities and Other Tertiary Institutions Act, 2001 Sections : 7(1i), 24(1b), 28, 38(Makes consideration for affirmative action (including disability) in admission and, provides for membership on the public university councils to comprise representatives of persons with disabilities. 14 The Land Act, 1998; Sections: 1, 5, 27 and, 37. Reiterates the rights of women, children and persons with a disability regarding customary land; safeguards the interests and rights in the land which is the subject of the application of women, absent persons, minors and persons with or under a disability.",109
FINAL-REVISED-NATIONAL-POLICY-ON-PWDs-2023.pdf_chunk_108,FINAL-REVISED-NATIONAL-POLICY-ON-PWDs-2023.pdf,108,"Reiterates the rights of women, children and persons with a disability regarding customary land; safeguards the interests and rights in the land which is the subject of the application of women, absent persons, minors and persons with or under a disability. 15 The Uganda National Institute of Special Education (UNISE) Act 1998; Provides for training of teachers and other workers in Special Needs Education and rehabilitation 16 The Parliamentary elections Act 1996 (As amended) Sections: 37, 7 and, 8(2d) Provides for the election of representatives of persons with disabilities in the national parliament and, the processes thereof. Other laws include: The Workers Compensation Act 2000, the Occupational Safety and Health Act 2006; the National Youth Council Act 2015 and, the National Council for Women Act 3 National Policy and Planning Framework This policy is consistent with the Uganda Vision 2040 which is the long-term national development framework in Uganda.",149
FINAL-REVISED-NATIONAL-POLICY-ON-PWDs-2023.pdf_chunk_109,FINAL-REVISED-NATIONAL-POLICY-ON-PWDs-2023.pdf,109,"Other laws include: The Workers Compensation Act 2000, the Occupational Safety and Health Act 2006; the National Youth Council Act 2015 and, the National Council for Women Act 3 National Policy and Planning Framework This policy is consistent with the Uganda Vision 2040 which is the long-term national development framework in Uganda. Pertinent aspirations of Vision 2025 are that Persons with disabilities will have easy access to basic infrastructure and other social amenities. This policy will therefore ensure that technology, information, basic infrastructure and other social facilities are user-friendly to Persons with disabilities.",93
FINAL-REVISED-NATIONAL-POLICY-ON-PWDs-2023.pdf_chunk_110,FINAL-REVISED-NATIONAL-POLICY-ON-PWDs-2023.pdf,110,"This policy will therefore ensure that technology, information, basic infrastructure and other social facilities are user-friendly to Persons with disabilities. The key policy leaning policy and planning framework includes:  National Development Plan III (2019/2020  2024/2025);  Human Development Programme Implementation Action Plan 2020;  National Child Policy 2020;  National Inclusive Education Policy (draft);  National Disability Inclusive Planning Guidelines 2017;  National Youth Policy 2016  Early Childhood Development Policy of 2015  National Social Protection Policy of 2015  National Disability Inclusive Guidelines for Uganda 2012;  National Employment Policy 2011  Equal Opportunities Policy 2006 and;  National Housing Policy 18 6 PRIORITY AREAS AND ACTIONS OF THE POLICY Priority Area 1: Economic Empowerment The priority area aims at addressing a significant determinant of exclusion and vulnerability  poverty as a result of limited access and utilisation of economic opportunities by persons with disabilities.",135
FINAL-REVISED-NATIONAL-POLICY-ON-PWDs-2023.pdf_chunk_111,FINAL-REVISED-NATIONAL-POLICY-ON-PWDs-2023.pdf,111,The key policy leaning policy and planning framework includes:  National Development Plan III (2019/2020  2024/2025);  Human Development Programme Implementation Action Plan 2020;  National Child Policy 2020;  National Inclusive Education Policy (draft);  National Disability Inclusive Planning Guidelines 2017;  National Youth Policy 2016  Early Childhood Development Policy of 2015  National Social Protection Policy of 2015  National Disability Inclusive Guidelines for Uganda 2012;  National Employment Policy 2011  Equal Opportunities Policy 2006 and;  National Housing Policy 18 6 PRIORITY AREAS AND ACTIONS OF THE POLICY Priority Area 1: Economic Empowerment The priority area aims at addressing a significant determinant of exclusion and vulnerability  poverty as a result of limited access and utilisation of economic opportunities by persons with disabilities. The policy will address this by supporting social security interventions; market-led skills development; employment and; access and effective utilisation of financial services as addressed in the strategies and priority actions below.,146
FINAL-REVISED-NATIONAL-POLICY-ON-PWDs-2023.pdf_chunk_112,FINAL-REVISED-NATIONAL-POLICY-ON-PWDs-2023.pdf,112,"The policy will address this by supporting social security interventions; market-led skills development; employment and; access and effective utilisation of financial services as addressed in the strategies and priority actions below. Strategies and Actions Create direct income support schemes for vulnerable persons with disabilities; Step-up financing for and effectively implement the special grants programme for persons with disabilities Enhance participation of persons with disabilities in all existing and future mainstream economic empowerment programmes and policies Enhance access to financial services Promote affirmative action for persons with disabilities in employment Promote descent employment for persons with disabilities in all sectors and programmes Train persons in employable and market-led skills both by Government and Private Institutions. Priority Area 2: Protection of persons with disabilities against abuse, neglect, and exploitation The priority area will focus on addressing the socially constructed knowledge, attitudes, practices, perceptions and behaviours towards persons with disabilities.",147
FINAL-REVISED-NATIONAL-POLICY-ON-PWDs-2023.pdf_chunk_113,FINAL-REVISED-NATIONAL-POLICY-ON-PWDs-2023.pdf,113,"Priority Area 2: Protection of persons with disabilities against abuse, neglect, and exploitation The priority area will focus on addressing the socially constructed knowledge, attitudes, practices, perceptions and behaviours towards persons with disabilities. The proposed strategies and priority actions will sustainably reduce the stigma and discrimination experienced by persons with disabilities whilst offering soft alternatives to enforcement of non-discrimination laws as enshrined in the Constitution of the Republic of Uganda 1995 and the Persons with Disabilities Act Strategies and Actions Mitigate violence against persons with disabilities; Enhance Communication in different formats (Braille, Sign Language) to report, investigate, mitigate and eliminate disability-based discrimination and abuse; Promote positive cultural practices, beliefs and expectations and; Enhance counselling and psychosocial support to persons with disabilities and their caretakers Promote establishment and safe management of care homes for persons with disabilities.",136
FINAL-REVISED-NATIONAL-POLICY-ON-PWDs-2023.pdf_chunk_114,FINAL-REVISED-NATIONAL-POLICY-ON-PWDs-2023.pdf,114,"The proposed strategies and priority actions will sustainably reduce the stigma and discrimination experienced by persons with disabilities whilst offering soft alternatives to enforcement of non-discrimination laws as enshrined in the Constitution of the Republic of Uganda 1995 and the Persons with Disabilities Act Strategies and Actions Mitigate violence against persons with disabilities; Enhance Communication in different formats (Braille, Sign Language) to report, investigate, mitigate and eliminate disability-based discrimination and abuse; Promote positive cultural practices, beliefs and expectations and; Enhance counselling and psychosocial support to persons with disabilities and their caretakers Promote establishment and safe management of care homes for persons with disabilities. 19 Priority Area 3: Access to goods, services and facilities Access to essential goods, services and facilities is at the helm of participation of persons with disabilities.",130
FINAL-REVISED-NATIONAL-POLICY-ON-PWDs-2023.pdf_chunk_115,FINAL-REVISED-NATIONAL-POLICY-ON-PWDs-2023.pdf,115,"19 Priority Area 3: Access to goods, services and facilities Access to essential goods, services and facilities is at the helm of participation of persons with disabilities. Participation equally enhances inclusion and therefore Government of Uganda and her partners will promote equal and equity-based access to goods, services and facilities by addressing the institutional, e nvironmental and attitudinal barriers to access and utilisation through the Accessibility, Affordability, Availability and Quality (AAAQ) approach. Below are the strategies and priority actions to address the strategy. Strategies and Actions Step-up provision of assistive technologies and devices; Promote provision of appropriate social services for persons with disabilities as a human right ; Enhance social care and support for persons with disabilities; Promote advocacy for disability responsive planning and budgeting in all programmes; Enhance access to public information through accessible formats and; Advocate for inclusive physical environment.",142
FINAL-REVISED-NATIONAL-POLICY-ON-PWDs-2023.pdf_chunk_116,FINAL-REVISED-NATIONAL-POLICY-ON-PWDs-2023.pdf,116,"Strategies and Actions Step-up provision of assistive technologies and devices; Promote provision of appropriate social services for persons with disabilities as a human right ; Enhance social care and support for persons with disabilities; Promote advocacy for disability responsive planning and budgeting in all programmes; Enhance access to public information through accessible formats and; Advocate for inclusive physical environment. Priority Area 4: Capacity building for disability inclusion Limited capacities have always been reported as a barrier to access and utilisation of essential goods, services and facilities for persons with disabilities. The interventions will focus on the three performance tenets of: capacity enhancement, motivation for work and, creation of an enabling environment. These interventions will be implemented in coordination with OPDs to ensure empowerment and ownership.",125
FINAL-REVISED-NATIONAL-POLICY-ON-PWDs-2023.pdf_chunk_117,FINAL-REVISED-NATIONAL-POLICY-ON-PWDs-2023.pdf,117,"These interventions will be implemented in coordination with OPDs to ensure empowerment and ownership. This will be addressed through the following Specific action areas: Strategies and Actions Build the capacity of duty bearers on disability inclusion; Strengthen capacity of institutions at all levels to mainstream disability; Promote training of specialised personnel (in health and education) in disability management; Strengthen implementation of laws, policies and guidelines on disability; Strengthen data collection, utilization, and storage (MIS); Strengthen partnership with research and academic institutions on disability research; Promote mindset change towards persons with disabilities and; Strengthen coordination with OPDs and other partners working in the field of disability . 20 Priority Area 5: Enhanced participation of persons with disabilities in decision making Persons with Disabilities seldom participate in development processes. Limited participation is a key precipitate of powerlessness and ultimately access and utilization of goods and services for persons with disabilities.",148
FINAL-REVISED-NATIONAL-POLICY-ON-PWDs-2023.pdf_chunk_118,FINAL-REVISED-NATIONAL-POLICY-ON-PWDs-2023.pdf,118,"Limited participation is a key precipitate of powerlessness and ultimately access and utilization of goods and services for persons with disabilities. The interventions will focus on improving participation of persons with disabilities in development processes as well as protecting their rights. This will be addressed through enhancing access to inclusive communication and information for persons with disabilities. This will be addressed through the following action areas; Enhance participation of persons with disabilities in planning and budgeting processes at all levels; Strengthen disability sensitive budgeting across all sectors; Ensure involvement of representatives of persons with disabilities on boards, commissions, Authorities and other State and Non-State entities; Strengthen access to customized disability information technology IT System; Promote digital access for all persons with disabilities and; Develop inclusive ICT guidelines and actions.",129
FINAL-REVISED-NATIONAL-POLICY-ON-PWDs-2023.pdf_chunk_119,FINAL-REVISED-NATIONAL-POLICY-ON-PWDs-2023.pdf,119,"This will be addressed through the following action areas; Enhance participation of persons with disabilities in planning and budgeting processes at all levels; Strengthen disability sensitive budgeting across all sectors; Ensure involvement of representatives of persons with disabilities on boards, commissions, Authorities and other State and Non-State entities; Strengthen access to customized disability information technology IT System; Promote digital access for all persons with disabilities and; Develop inclusive ICT guidelines and actions. Priority Area 6: Enhanced disability inclusion in humanitarian and disaster risk response The action aims at improving inclusive actions and visibility of persons with disabilities in humanitarian and disaster situations.",102
FINAL-REVISED-NATIONAL-POLICY-ON-PWDs-2023.pdf_chunk_120,FINAL-REVISED-NATIONAL-POLICY-ON-PWDs-2023.pdf,120,"Priority Area 6: Enhanced disability inclusion in humanitarian and disaster risk response The action aims at improving inclusive actions and visibility of persons with disabilities in humanitarian and disaster situations. This will be addressed through the following Specific action areas: Strategies and Actions Promote mainstreaming of disability in humanitarian and disaster risk preparedness and management at all levels; Build capacity of humanitarian and disaster risk management institutions to appreciate and promote inclusion of Persons with Disabilities and; Advocate for inclusion of impacted populations with disabilities 14 in government programmes. Priority Area 7: Enhanced access to health services The priority area will ensure that there is Universal Health Coverage (UHC) with a focus on Community Based Rehabilitation, Habilitation and other Rehabilitative Services.",121
FINAL-REVISED-NATIONAL-POLICY-ON-PWDs-2023.pdf_chunk_121,FINAL-REVISED-NATIONAL-POLICY-ON-PWDs-2023.pdf,121,"Priority Area 7: Enhanced access to health services The priority area will ensure that there is Universal Health Coverage (UHC) with a focus on Community Based Rehabilitation, Habilitation and other Rehabilitative Services. This will be addressed through the following Specific acti on areas: 14 Wherever Refugees with Disabilities are mention, it is implied that the policy target is 70 refugees and 30 host communities 21 Strategies and Actions Promote disability sensitive preventive and curative health services; Promote habilitation and rehabilitation services for persons with disabilities Enhance access to reasonable accommodation through access to assistive technology and services. Scale up provision of sexual and reproductive health services to Persons with Disabilities; Priority Area 8: enhanced access to education services The priority area will focus on a quality, equitable, sustainable and inclusive education, training and lifelong learning for all persons with disabilities in Uganda.",142
FINAL-REVISED-NATIONAL-POLICY-ON-PWDs-2023.pdf_chunk_122,FINAL-REVISED-NATIONAL-POLICY-ON-PWDs-2023.pdf,122,"Scale up provision of sexual and reproductive health services to Persons with Disabilities; Priority Area 8: enhanced access to education services The priority area will focus on a quality, equitable, sustainable and inclusive education, training and lifelong learning for all persons with disabilities in Uganda. This will be addressed through the following Specific action areas: Promote access and participation to successful quality and equitable education for learners with disabilities; Enhance access to scholarships for students with disabilities at all levels Provide meaningful inclusion and reasonable accommodation in education services Enhance access to assistive technology and services to teachers, schools and learners with disabilities. 22 7 POLICY IMPLEMENTATION FRAMEWORK AND STRATEGIES FOR PARTNERSHIP FOR COMPLIANCE The implementation of the policy will be underpinned by a multi-sectoral approach.",126
FINAL-REVISED-NATIONAL-POLICY-ON-PWDs-2023.pdf_chunk_123,FINAL-REVISED-NATIONAL-POLICY-ON-PWDs-2023.pdf,123,"22 7 POLICY IMPLEMENTATION FRAMEWORK AND STRATEGIES FOR PARTNERSHIP FOR COMPLIANCE The implementation of the policy will be underpinned by a multi-sectoral approach. Taking such an integrated approach will ensure that issues of persons with disabilities are integrated in and across government sectors, ministries, departments and agencies at all levels. The policy will be implemented in the context of decentralization. Furthermore, the policy is aligned to Ugandas commitment to the SDGs, and the NDP To operationalize the policy, National Action Plan on Disability (NAPD) will be developed, identifying specific actions, responsibilities and timeframes for action. The first implementation plan covers the period 2020 - 1 Coordination and Leadership Framework The MGLSD shall take lead in implementation and coordination of the entire policy including communicating and disseminating the policy to ensure that the rights and obligations of persons with disabilities and duty bearers are fully understood, implemented/ protected and realized.",149
FINAL-REVISED-NATIONAL-POLICY-ON-PWDs-2023.pdf_chunk_124,FINAL-REVISED-NATIONAL-POLICY-ON-PWDs-2023.pdf,124,"The first implementation plan covers the period 2020 - 1 Coordination and Leadership Framework The MGLSD shall take lead in implementation and coordination of the entire policy including communicating and disseminating the policy to ensure that the rights and obligations of persons with disabilities and duty bearers are fully understood, implemented/ protected and realized. The ministry will ensure that the interests and rights of persons with disabilities are accorded the highest priority in areas of policy, planning, resource allocation, governance, monitoring and evaluation at all levels. In addition, simplified version of the policy shall also be developed. Resources shall also be committed towards translating the policy in several languages. 2 Institutional Framework The policy implementation mechanism will take into account the required process of designing, implementing and measuring the policy outcomes. The implementation mechanism will include the following. 1 Multi-Sectoral collaboration.",141
FINAL-REVISED-NATIONAL-POLICY-ON-PWDs-2023.pdf_chunk_125,FINAL-REVISED-NATIONAL-POLICY-ON-PWDs-2023.pdf,125,"1 Multi-Sectoral collaboration. Disability issues are crosscutting thus every stakeholder will have a role to play. The welfare and rights of Persons with Disabilities are a responsibility of all stakeholders. Building strong partnerships and linkages with: families of Persons with Disabilities, development partners, civil society, and communities, religious and traditional leaders to address the drivers and consequences of discrimination and vulnerability and reduce the impact thereof at all levels will be a guiding principle. The State shall facilitate the active involvement and participation of stakeholders in securing and ensuring fulfilment of the rights of Persons with Disabilities Overcoming barriers to participation require concerted efforts to include all Persons with Disabilities in Development. All duty bearers (parents, government Ministries, Departments, Agencies, institutions, child-righ ts actors and other non-state actors) to actively consult with Persons with Disabilities and their caretakers in planning, implementation, Monitoring and Evaluation of interventions.",146
FINAL-REVISED-NATIONAL-POLICY-ON-PWDs-2023.pdf_chunk_126,FINAL-REVISED-NATIONAL-POLICY-ON-PWDs-2023.pdf,126,"All duty bearers (parents, government Ministries, Departments, Agencies, institutions, child-righ ts actors and other non-state actors) to actively consult with Persons with Disabilities and their caretakers in planning, implementation, Monitoring and Evaluation of interventions. The policy will therefore continue promoting the slogan of Nothing about us, without us. 2 The Policy Implementation Plan and Key Stakeholders The implementation of the policy will be underpinned by a multi-sectoral approach. Taking such an integrated approach will ensure that issues of Persons with Disabilities are integrated in and across government sectors, 23 ministries, departments and agencies at all levels. The policy will be implemented in the context of decentralization. Furthermore, the policy is aligned to Ugandas commitment to the SDGs, and the NDP To operationalize the policy, National Action Plan on Disability (NAPD) has been developed, identifying specific actions, responsibilities and timeframes for action.",141
FINAL-REVISED-NATIONAL-POLICY-ON-PWDs-2023.pdf_chunk_127,FINAL-REVISED-NATIONAL-POLICY-ON-PWDs-2023.pdf,127,"Furthermore, the policy is aligned to Ugandas commitment to the SDGs, and the NDP To operationalize the policy, National Action Plan on Disability (NAPD) has been developed, identifying specific actions, responsibilities and timeframes for action. The first implementation plan covers the period 2020 - Disability response requires an arra y of sectoral actors and stakeholders. Therefore, the effective implementation of the policy requires effective, efficient and well-coordinated institutional mechanisms that run from national to lower local government level with active engagement of all stakeholders including line Ministries. 3 The MGLSD shall take lead in implementation and coordination of the policy. This will include: communicating and disseminating the policy to ensure that the rights and obligations of Persons with Disabilities and duty bearers are fully understood, implemente d and realized.",129
FINAL-REVISED-NATIONAL-POLICY-ON-PWDs-2023.pdf_chunk_128,FINAL-REVISED-NATIONAL-POLICY-ON-PWDs-2023.pdf,128,"This will include: communicating and disseminating the policy to ensure that the rights and obligations of Persons with Disabilities and duty bearers are fully understood, implemente d and realized. The ministry will ensure that the interests and rights of Persons with Disabilities are accorded the highest priority in areas of policy, planning, resource allocation, governance, monitoring and evaluation at all levels. In addition, simplified version of the policy shall also be developed. Resources shall also be committed towards translating the policy. 3 Policy targets Primary targets: these are Persons with Disabilitie s who face the worst forms of discrimination and the effects thereof regardless of their cradle, gender and impairments.",110
FINAL-REVISED-NATIONAL-POLICY-ON-PWDs-2023.pdf_chunk_129,FINAL-REVISED-NATIONAL-POLICY-ON-PWDs-2023.pdf,129,"3 Policy targets Primary targets: these are Persons with Disabilitie s who face the worst forms of discrimination and the effects thereof regardless of their cradle, gender and impairments. Emphasis will be laid on persons with disabilities who are isolated, face specific vulnerabilities due to their impairments; Persons with intellectual impairments; Persons with disabilities living with HIV/AIDs, Persons with disabilities Orphaned by HIV/AIDs and other conditions; Persons with disabilities in Child- headed households and those looked after by older persons; Persons with disabilities living under forced migration and settlement conditions  including refugees and asylum seekers; Persons affected with nodding disease; Persons with disabilities living in slum areas, disaster prone areas, war and post- war zones, hard-to- reach and remote places of the country and; girl s with disabilitie s Secondary targets: these are stakeholders who are major decision makers in regard to the welfare of Persons with disabilities.",148
FINAL-REVISED-NATIONAL-POLICY-ON-PWDs-2023.pdf_chunk_130,FINAL-REVISED-NATIONAL-POLICY-ON-PWDs-2023.pdf,130,"Emphasis will be laid on persons with disabilities who are isolated, face specific vulnerabilities due to their impairments; Persons with intellectual impairments; Persons with disabilities living with HIV/AIDs, Persons with disabilities Orphaned by HIV/AIDs and other conditions; Persons with disabilities in Child- headed households and those looked after by older persons; Persons with disabilities living under forced migration and settlement conditions  including refugees and asylum seekers; Persons affected with nodding disease; Persons with disabilities living in slum areas, disaster prone areas, war and post- war zones, hard-to- reach and remote places of the country and; girl s with disabilitie s Secondary targets: these are stakeholders who are major decision makers in regard to the welfare of Persons with disabilities. They include: service providers, policy makers, CSOs, FBOs, parents, clan elders and members, influential community members like community civic leaders, school teachers and officials, health workers, religious, traditional and cultural leaders, and peers.",152
FINAL-REVISED-NATIONAL-POLICY-ON-PWDs-2023.pdf_chunk_131,FINAL-REVISED-NATIONAL-POLICY-ON-PWDs-2023.pdf,131,"They include: service providers, policy makers, CSOs, FBOs, parents, clan elders and members, influential community members like community civic leaders, school teachers and officials, health workers, religious, traditional and cultural leaders, and peers. MGLSD will collaboratively work with other stakeholders inc luding local government s, technical teams and committees, development partners and the private sector actors in effective delivery of the Policy. 4 Information, Education, Communication and Dissemination Strategies 1 Communication and Dissemination Strategy The MGLSD shall take lead in communicating and disseminating the policy in an accessible way.",89
FINAL-REVISED-NATIONAL-POLICY-ON-PWDs-2023.pdf_chunk_132,FINAL-REVISED-NATIONAL-POLICY-ON-PWDs-2023.pdf,132,"4 Information, Education, Communication and Dissemination Strategies 1 Communication and Dissemination Strategy The MGLSD shall take lead in communicating and disseminating the policy in an accessible way. The policy and action plan will be printed and versions that are in large print, braille soft copy and sign language (videos) will be produced and disseminated; 24 The policy dissemination will be during a national conference as well as other for a where persons with disabilities and their leaders gather, a newspaper supplement on the policy priorities will be developed and, the policy will be disseminated through other engagements with persons with disabilities and their leaders. An advocacy and communication strategy shall be developed to guide the communication and dissemination efforts. In addition, simplified version of the policy shall also be developed. 2 Feedback Mechanism There will be regular feedback on the implementation of the policy among the stakeholders.",147
FINAL-REVISED-NATIONAL-POLICY-ON-PWDs-2023.pdf_chunk_133,FINAL-REVISED-NATIONAL-POLICY-ON-PWDs-2023.pdf,133,"2 Feedback Mechanism There will be regular feedback on the implementation of the policy among the stakeholders. The beneficiaries that is the Persons with Disabilities through their umbrella organisations will give regular updates on the status of achieving or not achieving the interventions therein the policy document. 5 Implementation Stages and Drivers Implementation of the policy will commence immediately after approval by Cabinet. All stakeholders will be involved in the implementation of the Policy. The roles and responsibilities of stakeholders, the timelines of delivery, funding, and indicators will be detailed in the policy implementation plan. 6 Funding Mechanism Financing the policy will require a concerted effort from the Government of Uganda (GoU), Development Partners and non- state actors including the private sector, civil society and local communities.",127
FINAL-REVISED-NATIONAL-POLICY-ON-PWDs-2023.pdf_chunk_134,FINAL-REVISED-NATIONAL-POLICY-ON-PWDs-2023.pdf,134,"6 Funding Mechanism Financing the policy will require a concerted effort from the Government of Uganda (GoU), Development Partners and non- state actors including the private sector, civil society and local communities. The primary funding mechanisms shall be: (GOU funding from both domestic revenues and, (ii ) development support through the budget and/or off-budget support Government recognizes that there are different potential sources for financing rights, goods and services for persons with disabilities. These include revenues from the Government, grants from Development Partners, private sector investment, CSO financing, community support, household savings, individual and employer contributions. Disability is considered a cross cutting issue in the current programming and therefore, the implementation of the NAPD will be multi-sectoral. Financing the priority intervention areas of the NAPD transcends the realms of one single sector. Therefore, its implementation will be funded within the respective PIAP and budget ceilings.",145
FINAL-REVISED-NATIONAL-POLICY-ON-PWDs-2023.pdf_chunk_135,FINAL-REVISED-NATIONAL-POLICY-ON-PWDs-2023.pdf,135,"Therefore, its implementation will be funded within the respective PIAP and budget ceilings. The total financial resources required to implement this policy will be Two trillion, nine hundred, ninety -four billion and seventy-five million shillings only (2,994,075,000,000/ -) over a period of 10 years. The financing of the NAPD will be undertaken by Government , other individuals and non-state actors (development partners) . The costs of implementing this Policy are reflected in the National Implementation Programme Plan of Action. The Plan gives detail of cost of the interventions and proposed financing arrangements for implementation of the commitments in the Policy. The private sector, being significant source of paid employment, shall play a 25 critical role in financing disability inclusion. In addition, the private sector will provide resources for disability inclusion through corporate social responsibility. Government shall encourage individuals to contribute towards disability inclusion.",143
FINAL-REVISED-NATIONAL-POLICY-ON-PWDs-2023.pdf_chunk_136,FINAL-REVISED-NATIONAL-POLICY-ON-PWDs-2023.pdf,136,"Government shall encourage individuals to contribute towards disability inclusion. In particular, Government shall educate the public about opportunities and benefits for personal contribution towards disability inclusion. In addition, Government shall promote traditional and informal empowerment and inclusion initiatives to ensure that families and communities provide support for persons with disabilities. 7 Legal Implications The Government of Uganda has put in place a number of legal and policy frameworks to promote, protect and uphold the rights of Persons with Disabilities. These have been part of the bigger political agenda of the National Resistance Movement (NRM) from 1986, casted in the Constitution of the Republic of Uganda 1995, passed in the Persons with Disabilities Act 2020 and ratified disability -leaning conventions and protocols among others. Despite the legal and policy provisions in place, Persons with Disabilities still miss out on so many services.",141
FINAL-REVISED-NATIONAL-POLICY-ON-PWDs-2023.pdf_chunk_137,FINAL-REVISED-NATIONAL-POLICY-ON-PWDs-2023.pdf,137,"Despite the legal and policy provisions in place, Persons with Disabilities still miss out on so many services. This is often a result of the high costs of getting the services, the long distances to the service points, the stigma and discrimination attached to disability and the negative attitude of the service users and providers. Disability is considered a cross cutting issue in the current programming and therefore, the implementation of the NAPD will be multi-sectoral. 26 ROLES AND RESPONSIBILITIES OF STAKEHOLDERS 1 Key stakeholders and actors Disability response requires an array of sectoral actors and stakeholders.",97
FINAL-REVISED-NATIONAL-POLICY-ON-PWDs-2023.pdf_chunk_138,FINAL-REVISED-NATIONAL-POLICY-ON-PWDs-2023.pdf,138,"26 ROLES AND RESPONSIBILITIES OF STAKEHOLDERS 1 Key stakeholders and actors Disability response requires an array of sectoral actors and stakeholders. Therefore, the effective implementation of the policy requires effective, efficient and well-coordinated institutional mechanisms that run from national to lower local government level with active engagement of all stakeholders including line ministries  Ministry of Edcuation and Sports (MoES), Ministry of Health (MoH), Ministry of Internal Affairs (MIA), Ministry of Public Service (MPS), Ministry of ICT and national Guidance (MICT), Ministry of Local Government (MLG) with MGLSD taking the lead role. The policy targets to work with Persons with disabilities themselves (irrespective of impairment, age and gender), their parents/ caretakers and communities to change attitudes and for sustainability of interventions as the first line of response.",126
FINAL-REVISED-NATIONAL-POLICY-ON-PWDs-2023.pdf_chunk_139,FINAL-REVISED-NATIONAL-POLICY-ON-PWDs-2023.pdf,139,"The policy targets to work with Persons with disabilities themselves (irrespective of impairment, age and gender), their parents/ caretakers and communities to change attitudes and for sustainability of interventions as the first line of response. MGLSD will collaboratively work with other stakeholders including local and lower local government officials, technical teams and committees, development partners and the private sector actors in effective delivery of the Policy. The different roles and responsibilities of the stakeholders engaged in the implementation of the policy are shown in the table below. Table 1: Policy stakeholders and their roles and responsibilities Key Stakeholder and Actors Roles and Responsibilities Ministry of Gender, Labour and Social Development (MGLSD) This is the main coordinating agency responsible for Disability and inclusion. It will provide overall leadership, technical support, coordination, Monitoring and Evaluation.",133
FINAL-REVISED-NATIONAL-POLICY-ON-PWDs-2023.pdf_chunk_140,FINAL-REVISED-NATIONAL-POLICY-ON-PWDs-2023.pdf,140,"It will provide overall leadership, technical support, coordination, Monitoring and Evaluation. MGLSD will specifically:  Circulate global and national laws, policies, guidelines and regulations relating to disability to all government ministries, departments, agencies, non-state actors and all governance structures;  Constitute and host a CBR/ Disability Technical working group  That will be convening at least quarterly to support and track progress on the implementation of the policy;  Capacity building and motivation of technical staff including CDOs to implement the policy;  Support the organisation of annual Disability symposia and document all lessons and good practices for replications;  Establish and operationalize the DMIS in accordance with the existent structures and system and;  Maintain a national Mapping tracker of all Persons with disabilities and Disability -related interventions undertaken in Uganda  By District.",127
FINAL-REVISED-NATIONAL-POLICY-ON-PWDs-2023.pdf_chunk_141,FINAL-REVISED-NATIONAL-POLICY-ON-PWDs-2023.pdf,141,"MGLSD will specifically:  Circulate global and national laws, policies, guidelines and regulations relating to disability to all government ministries, departments, agencies, non-state actors and all governance structures;  Constitute and host a CBR/ Disability Technical working group  That will be convening at least quarterly to support and track progress on the implementation of the policy;  Capacity building and motivation of technical staff including CDOs to implement the policy;  Support the organisation of annual Disability symposia and document all lessons and good practices for replications;  Establish and operationalize the DMIS in accordance with the existent structures and system and;  Maintain a national Mapping tracker of all Persons with disabilities and Disability -related interventions undertaken in Uganda  By District. 27 Ministry of Education and Sports (MoE To promote the education and technology related areas of the policy especially:  Ensure that persons with disabilities access and utilize education and training programmes by delivering the curriculum in the most appropriate way to persons with disabilitie s;  Advocate for a review and passing of the NIEP;  Draft, design, pre- test and circulate in-school guidelines on implementation of Inclusive Education in all schools;  Document education-related practices that support education and learning of Persons with disabilities ;  Ensure adequate educational assessment and Individual Support programming (ISP) for Persons with disabilities;  Ensuring standardized physical access in all education institutions;  Provide teaching and learning materials or support local development of teaching and learning materials for Persons with disabilities ;  Adequate staffing and remuneration SNE trained teachers and;  Capacity development of teachers in SNIE through the existent TDMS programmes.",258
FINAL-REVISED-NATIONAL-POLICY-ON-PWDs-2023.pdf_chunk_142,FINAL-REVISED-NATIONAL-POLICY-ON-PWDs-2023.pdf,142,"27 Ministry of Education and Sports (MoE To promote the education and technology related areas of the policy especially:  Ensure that persons with disabilities access and utilize education and training programmes by delivering the curriculum in the most appropriate way to persons with disabilitie s;  Advocate for a review and passing of the NIEP;  Draft, design, pre- test and circulate in-school guidelines on implementation of Inclusive Education in all schools;  Document education-related practices that support education and learning of Persons with disabilities ;  Ensure adequate educational assessment and Individual Support programming (ISP) for Persons with disabilities;  Ensuring standardized physical access in all education institutions;  Provide teaching and learning materials or support local development of teaching and learning materials for Persons with disabilities ;  Adequate staffing and remuneration SNE trained teachers and;  Capacity development of teachers in SNIE through the existent TDMS programmes. Ministry of Health (MoH) The Ministry of Health has a Division responsible for Disability and Rehabilitation.",158
FINAL-REVISED-NATIONAL-POLICY-ON-PWDs-2023.pdf_chunk_143,FINAL-REVISED-NATIONAL-POLICY-ON-PWDs-2023.pdf,143,"Ministry of Health (MoH) The Ministry of Health has a Division responsible for Disability and Rehabilitation. The Ministry will primarily be responsible for the health aspects of disability such as: identification and detection, assessment, prevention and management, health education and, provision of Assistive Devices and essential drugs/ regimens. The Ministry will also be responsible for:  Training, recruitment, skilling and deployment of disability - leaning specialists in the entire country;  Procure and/or produce and distribute assistive technologies and devices;  Develop a national Priority Assistive Product List (APL) and include it in the essential equipment list;  Train relevant personnel and institutions in designing, identifying users, fitting, distribution and maintenance of assistive technologies; 28  Strengthen use of assistive technologies and devices in institutions of learning and;  Commission health and disability-leaning studies including on emerging and disabling conditions and assistive technologies among others.",139
FINAL-REVISED-NATIONAL-POLICY-ON-PWDs-2023.pdf_chunk_144,FINAL-REVISED-NATIONAL-POLICY-ON-PWDs-2023.pdf,144,"The Ministry will also be responsible for:  Training, recruitment, skilling and deployment of disability - leaning specialists in the entire country;  Procure and/or produce and distribute assistive technologies and devices;  Develop a national Priority Assistive Product List (APL) and include it in the essential equipment list;  Train relevant personnel and institutions in designing, identifying users, fitting, distribution and maintenance of assistive technologies; 28  Strengthen use of assistive technologies and devices in institutions of learning and;  Commission health and disability-leaning studies including on emerging and disabling conditions and assistive technologies among others. Ministry of Finance, Planning and Economic Development (MFPED) Ensure that Persons with disabilities  issues receive adequate resources in the national budget  especially the key sectors of education, health and social development.",122
FINAL-REVISED-NATIONAL-POLICY-ON-PWDs-2023.pdf_chunk_145,FINAL-REVISED-NATIONAL-POLICY-ON-PWDs-2023.pdf,145,"Ministry of Finance, Planning and Economic Development (MFPED) Ensure that Persons with disabilities  issues receive adequate resources in the national budget  especially the key sectors of education, health and social development. The MFPED will specifically:  Ensure that there are disability quotas in all sector plans and budgets;  Generate sector-based disability disaggregated data;  Conduct budget analysis for disability responsiveness;  Build capacity of sectors for disability inclusive planning and budgeting;  Disseminate the National Disability Inclusive Planning Guidelines for Uganda;  Revise the schools capitation grant formula to factor in Inclusive education in funds allocated to mainstream schools;  Finance the construction of at least 2 secondary schools per region of Uganda and;  Support training of SNE teachers (for both primary and secondary schools) and Rehabilitation staff in accordance with the National Development Plan III and;  Working with the National Planning Authority, provide funding to implement CBR/ Social rehabilitation in accordance with the NDP II Ministry of Local Government (MoLG), Decentralised Local and lower local Government Administration The delivery of policies and action plans will take place in local governments with the CDO (charged or responsible for Disability and elderly affairs) as the focal person and, the Councils for Persons with Disabilities playing an oversight role.",201
FINAL-REVISED-NATIONAL-POLICY-ON-PWDs-2023.pdf_chunk_146,FINAL-REVISED-NATIONAL-POLICY-ON-PWDs-2023.pdf,146,"The MFPED will specifically:  Ensure that there are disability quotas in all sector plans and budgets;  Generate sector-based disability disaggregated data;  Conduct budget analysis for disability responsiveness;  Build capacity of sectors for disability inclusive planning and budgeting;  Disseminate the National Disability Inclusive Planning Guidelines for Uganda;  Revise the schools capitation grant formula to factor in Inclusive education in funds allocated to mainstream schools;  Finance the construction of at least 2 secondary schools per region of Uganda and;  Support training of SNE teachers (for both primary and secondary schools) and Rehabilitation staff in accordance with the National Development Plan III and;  Working with the National Planning Authority, provide funding to implement CBR/ Social rehabilitation in accordance with the NDP II Ministry of Local Government (MoLG), Decentralised Local and lower local Government Administration The delivery of policies and action plans will take place in local governments with the CDO (charged or responsible for Disability and elderly affairs) as the focal person and, the Councils for Persons with Disabilities playing an oversight role. Local government will offer the primary structures for the implementation of the strategy.",183
FINAL-REVISED-NATIONAL-POLICY-ON-PWDs-2023.pdf_chunk_147,FINAL-REVISED-NATIONAL-POLICY-ON-PWDs-2023.pdf,147,"Local government will offer the primary structures for the implementation of the strategy. Ministry of Information Communication The Ministry will be responsible for designing and enforcing communication in alternative formats; develop disability ICT and communication strategy and ensure its implementation 29 and Technology (MICT) and lead in ICT innovations for inclusion of Persons with disabilities among others. Development partners for example: UNICEF, WHO, FCDO/UKAID , EU, AUSAID, USAID These will largely provide financial, material and technical resources for the implementation of the POLICY . In addition, the development partners will play a key monitoring role. Civil Society Organisations and Organisations of Persons with Disabilities (OPDs) These shall be operational partners to implement strategy.",113
FINAL-REVISED-NATIONAL-POLICY-ON-PWDs-2023.pdf_chunk_148,FINAL-REVISED-NATIONAL-POLICY-ON-PWDs-2023.pdf,148,"Civil Society Organisations and Organisations of Persons with Disabilities (OPDs) These shall be operational partners to implement strategy. They will also support government on policy related issues, research on disability and suggesting workable actions for government and her partners The OPDs will mainly support the implementation and advocacy components of the policy Government agencies (UNEB, DES, UCC, UHRC, NCC, NCPD , EOC) Implement specific actions, Monitoring, Evaluation and oversight in accordance with their establishing law(Training and research Institutions such as, Kyambogo University, COMBRA and CORSU Enhance performance of stakeholders and actors in the fields relating to rehabilitation. The institutions will also undertake research on emergent issues in disability and try out the workable solutions therein. Community members, Religious and cultural leaders (including elders) The community consists of key gatekeepers of social norms and practices.",134
FINAL-REVISED-NATIONAL-POLICY-ON-PWDs-2023.pdf_chunk_149,FINAL-REVISED-NATIONAL-POLICY-ON-PWDs-2023.pdf,149,"Community members, Religious and cultural leaders (including elders) The community consists of key gatekeepers of social norms and practices. They will be the major implementers, advocates and monitors of the progress in respect of changing of norms and practices towards disability discrimination. Ministry of Internal Affairs/ Uganda Police, Ministry of Justice and Constitutional Affairs The role of these ministries is to work in partnership with MGLSD to implement PIAP specific interventions; Office of the Prime Minister will provide overall oversight and coordination of sectors and programmes. These will take lead in ensuring protection of the rights of Persons with disabilities . Private sector - led Institutions These will lead in making services accessible to Persons with disabilities .",118
FINAL-REVISED-NATIONAL-POLICY-ON-PWDs-2023.pdf_chunk_150,FINAL-REVISED-NATIONAL-POLICY-ON-PWDs-2023.pdf,150,"Private sector - led Institutions These will lead in making services accessible to Persons with disabilities . Specially, the Private sector led institutions will: Subsidise services for Persons with disabilities ;  Enter into Public-Private Partnership (PPP) with government on the provision of scarce equipment and resources;  Have a disability responsive focal person for inclusive service delivery;  Give back for the welfare of Persons with disabilities as part of their Corporate Social Responsibility and ; 30  Provides incentives for Persons with disabilities to participate in their programmes Persons with Disabilitie s These are directly responsible for all actions geared towards their welfare.",101
FINAL-REVISED-NATIONAL-POLICY-ON-PWDs-2023.pdf_chunk_151,FINAL-REVISED-NATIONAL-POLICY-ON-PWDs-2023.pdf,151,"Specially, the Private sector led institutions will: Subsidise services for Persons with disabilities ;  Enter into Public-Private Partnership (PPP) with government on the provision of scarce equipment and resources;  Have a disability responsive focal person for inclusive service delivery;  Give back for the welfare of Persons with disabilities as part of their Corporate Social Responsibility and ; 30  Provides incentives for Persons with disabilities to participate in their programmes Persons with Disabilitie s These are directly responsible for all actions geared towards their welfare. Persons with disabilities will be consulted and make decisions on all actions to be undertaken (regardless of impairment and gender) Parents of Persons with disabilities The parents will provide all the necessit ies of life but above all ensure that their Persons are no discriminated against and they continue participating in all programmes.",137
FINAL-REVISED-NATIONAL-POLICY-ON-PWDs-2023.pdf_chunk_152,FINAL-REVISED-NATIONAL-POLICY-ON-PWDs-2023.pdf,152,"Persons with disabilities will be consulted and make decisions on all actions to be undertaken (regardless of impairment and gender) Parents of Persons with disabilities The parents will provide all the necessit ies of life but above all ensure that their Persons are no discriminated against and they continue participating in all programmes. Parents will be encouraged to belong to Parents Support Groups (PSGs) for continued and sustained learning. In addition, the y will provide: The Home-based Therapies, the physiological needs of the Persons with disabilities and; ensure that Persons with disabilities access all services and support due a child. Persons without Disabilities Persons without disabilities will prov ide direct support to Persons with disabilities both in the community and at school.",122
FINAL-REVISED-NATIONAL-POLICY-ON-PWDs-2023.pdf_chunk_153,FINAL-REVISED-NATIONAL-POLICY-ON-PWDs-2023.pdf,153,"Persons without Disabilities Persons without disabilities will prov ide direct support to Persons with disabilities both in the community and at school. They will be Child to child champions, provide both physiological and psychological support but above all be a champion of behavioural change in as far as disability is concerned. Councils for Persons with Disabilities The councils will monitor and report on inclusion and take on other components of the policy as prescribed in the Persons with Disabilities Act Uganda Bureau of Statistics (UBOS) Provide annual statistical analysis with Disability, make disability -related projections and provide statistical data required for planning and implementation.",104
FINAL-REVISED-NATIONAL-POLICY-ON-PWDs-2023.pdf_chunk_154,FINAL-REVISED-NATIONAL-POLICY-ON-PWDs-2023.pdf,154,"Councils for Persons with Disabilities The councils will monitor and report on inclusion and take on other components of the policy as prescribed in the Persons with Disabilities Act Uganda Bureau of Statistics (UBOS) Provide annual statistical analysis with Disability, make disability -related projections and provide statistical data required for planning and implementation. Other actors will include:  Ministry of Public Service and the constituent service commissions/ appointing authorities  ensure that there are disability quotas in national employment, adequate work-mans and disability compensation and supporting reasonable accommodation in recruitment, employment and deployment among others;  Parliament and other pollical councils  appropriation of resources and legislation for inclusion and; follow up on cases of abuse (for persons with disabilities and resources);  Ministry of Works and Transport and the Constituent Building Control Board  ensure accessibility to public works and enforcement of accessibility standards; 31  Ministry of Foreign Affairs  support ratifications, domestication of ratified protocols and conventions and, monitor implementation of ratified protocols and conventions among others and;  Uganda Revenue Authority  Design and implement all services that are of equity to persons with disabilities including tax holidays, exceptions on goods and services and, invocation and revocation on disability performance issues among others.",197
FINAL-REVISED-NATIONAL-POLICY-ON-PWDs-2023.pdf_chunk_155,FINAL-REVISED-NATIONAL-POLICY-ON-PWDs-2023.pdf,155,"Other actors will include:  Ministry of Public Service and the constituent service commissions/ appointing authorities  ensure that there are disability quotas in national employment, adequate work-mans and disability compensation and supporting reasonable accommodation in recruitment, employment and deployment among others;  Parliament and other pollical councils  appropriation of resources and legislation for inclusion and; follow up on cases of abuse (for persons with disabilities and resources);  Ministry of Works and Transport and the Constituent Building Control Board  ensure accessibility to public works and enforcement of accessibility standards; 31  Ministry of Foreign Affairs  support ratifications, domestication of ratified protocols and conventions and, monitor implementation of ratified protocols and conventions among others and;  Uganda Revenue Authority  Design and implement all services that are of equity to persons with disabilities including tax holidays, exceptions on goods and services and, invocation and revocation on disability performance issues among others. 32 MONITORING, EVALUATION REV IEW AND LEARNING FRAMEWORK 1 Monitoring and Evaluation Framework The policy is expected to foster resilience and inclusion of Persons with disabilities in development and therefore improve the lives of persons with disabilities in Uganda.",183
FINAL-REVISED-NATIONAL-POLICY-ON-PWDs-2023.pdf_chunk_156,FINAL-REVISED-NATIONAL-POLICY-ON-PWDs-2023.pdf,156,"32 MONITORING, EVALUATION REV IEW AND LEARNING FRAMEWORK 1 Monitoring and Evaluation Framework The policy is expected to foster resilience and inclusion of Persons with disabilities in development and therefore improve the lives of persons with disabilities in Uganda. This impact will be monitored and evaluated based on the set-out intervals. Monitoring of the implementation of the Policy shall be carried out on a regular basis using appropriate indicators. The Policy measures shall be evaluated at midterm (at 5 years) and after 10 years to establish impact, gaps, emerging issues and challenges. Monitoring and Evaluation shall involve full participation of the Government Ministries, Departments and Agencies, Private Sector and Civil Society  including Organisations of Persons with Disabilities (OPDs ). A National Action Plan on Disability (with ME indicators and targets) has been developed along the policy to support the ME function.",141
FINAL-REVISED-NATIONAL-POLICY-ON-PWDs-2023.pdf_chunk_157,FINAL-REVISED-NATIONAL-POLICY-ON-PWDs-2023.pdf,157,"A National Action Plan on Disability (with ME indicators and targets) has been developed along the policy to support the ME function. 2 Policy Review Best practice requires that Public Policies are regularly reviewed to determine what has worked and what has not worked in serving the citizens for better impact. In line with the best practice, the policy will be reviewed regularly to assess the status of implementation and identify areas that require improvement. 3 Policy Audit Policy audit will be conducted to determine whether the planned interventions were achieved or not achieved as per the released funds. Efforts will be made to ensure that the funds are spent in line with the planned activities.",116
FINAL-REVISED-NATIONAL-POLICY-ON-PWDs-2023.pdf_chunk_158,FINAL-REVISED-NATIONAL-POLICY-ON-PWDs-2023.pdf,158,"Efforts will be made to ensure that the funds are spent in line with the planned activities. 33 10 CONCLUSION The Ministry of Gender, Labour and Social Development anticipates that the National Disability Policy will make significant progress towards the achievement of the National Development Plan objectives as spelt out in the NRM manifesto 2021  2026, the Strategic Plan of MGLSD - 2020/21  2024/25 and the National Development Plan III -2020/21  2024/The policy is addressing vulnerability associated to income insecurity, and therefore is in sync with the NDP III goal. The major goal of the NDP III is to increase household income and improve the quality of life of all Ugandans in line with the adopted a programmatic approach to planning, budgeting, and implementation and reporting. Section 4 of the Vision 2040 provides for care and protection for the vulnerable population groups.",142
FINAL-REVISED-NATIONAL-POLICY-ON-PWDs-2023.pdf_chunk_159,FINAL-REVISED-NATIONAL-POLICY-ON-PWDs-2023.pdf,159,"Section 4 of the Vision 2040 provides for care and protection for the vulnerable population groups. In here the State recognizes the need to provide assistance to people who are vulnerable either by age, social class ,location, disability, and gender, disaster or dont earn any income. The national disability policy builds on government commitment to care and project persons with disabilities who are among vulnerable populations groups. ANNEXES Annex 1: Policy Implementation Plan Annex 2: Regulatory Impact Assessment Report Annex 3: Stakeholders Consultative Report 34 APPENDICES Annex 1: Report on the regional consultations in relation to the policy priorities and action areas Priority Strategies And Priority Actions Economic Empowerment The priority area aims at addressing a significant determinant of exclusion and vulnerability  poverty as a result of limited access and utilisation of economic opportunities by Persons with Disabilities.",138
FINAL-REVISED-NATIONAL-POLICY-ON-PWDs-2023.pdf_chunk_160,FINAL-REVISED-NATIONAL-POLICY-ON-PWDs-2023.pdf,160,ANNEXES Annex 1: Policy Implementation Plan Annex 2: Regulatory Impact Assessment Report Annex 3: Stakeholders Consultative Report 34 APPENDICES Annex 1: Report on the regional consultations in relation to the policy priorities and action areas Priority Strategies And Priority Actions Economic Empowerment The priority area aims at addressing a significant determinant of exclusion and vulnerability  poverty as a result of limited access and utilisation of economic opportunities by Persons with Disabilities. The policy will address this by supporting social security interventions; market- led skills development; employment and; access and effective utilisation of financial services as addressed in the strategies and priority actions below.,103
FINAL-REVISED-NATIONAL-POLICY-ON-PWDs-2023.pdf_chunk_161,FINAL-REVISED-NATIONAL-POLICY-ON-PWDs-2023.pdf,161,"The policy will address this by supporting social security interventions; market- led skills development; employment and; access and effective utilisation of financial services as addressed in the strategies and priority actions below. Create direct income support schemes for vulnerable Persons with Disa bilities;  Develop and implement direct income support programmes for vulnerable Persons with Disabilities;  Advocate for, implement and support financing of direct income support programmes for Persons with Disabilities and/or their caregivers;  Mobilize Persons with Disabilities and their caretakers to participate in direct income support schemes.",87
FINAL-REVISED-NATIONAL-POLICY-ON-PWDs-2023.pdf_chunk_162,FINAL-REVISED-NATIONAL-POLICY-ON-PWDs-2023.pdf,162,"Create direct income support schemes for vulnerable Persons with Disa bilities;  Develop and implement direct income support programmes for vulnerable Persons with Disabilities;  Advocate for, implement and support financing of direct income support programmes for Persons with Disabilities and/or their caregivers;  Mobilize Persons with Disabilities and their caretakers to participate in direct income support schemes. Step-up financing for and effectively implement the special grants programme for Persons with Disabilities  Increase the special grant for Persons wit h Disabilities;  Provide management and other skills -based trainings to grantees of the special grant for Persons with Disabilities grantees;  Measure impact of the special grants programme and generate learning for effective implementation and;  Periodically review the special grants guidelines, update and disseminate them to the special grants committees and Persons with Disabilities.",129
FINAL-REVISED-NATIONAL-POLICY-ON-PWDs-2023.pdf_chunk_163,FINAL-REVISED-NATIONAL-POLICY-ON-PWDs-2023.pdf,163,"Step-up financing for and effectively implement the special grants programme for Persons with Disabilities  Increase the special grant for Persons wit h Disabilities;  Provide management and other skills -based trainings to grantees of the special grant for Persons with Disabilities grantees;  Measure impact of the special grants programme and generate learning for effective implementation and;  Periodically review the special grants guidelines, update and disseminate them to the special grants committees and Persons with Disabilities. Enhance participation of Persons with Disabilities in all existing and future mainstream economic empowerment programmes a nd policies  Mobilize Persons with Disabilities to participate in all existing and future economic empowerment programmes;  Provide a platform for information and participation of Persons with Disabilities and their leaders in economic empowerment programmes and policies at regional and national levels;  Provide affirmative action for Persons with Disabilities to access, learn, utilize and benefit from all economic empowerment programmes;  Create awareness about the existing economic empowerment programmes;  Train service providers in disability mainstreaming during implementation of economic empowerment programmes;  Empower Persons with Disabilities with vocational and employable skills;  Provide Persons with Disabilities with adapted and other star t-up capital and tools.",191
FINAL-REVISED-NATIONAL-POLICY-ON-PWDs-2023.pdf_chunk_164,FINAL-REVISED-NATIONAL-POLICY-ON-PWDs-2023.pdf,164,"Enhance participation of Persons with Disabilities in all existing and future mainstream economic empowerment programmes a nd policies  Mobilize Persons with Disabilities to participate in all existing and future economic empowerment programmes;  Provide a platform for information and participation of Persons with Disabilities and their leaders in economic empowerment programmes and policies at regional and national levels;  Provide affirmative action for Persons with Disabilities to access, learn, utilize and benefit from all economic empowerment programmes;  Create awareness about the existing economic empowerment programmes;  Train service providers in disability mainstreaming during implementation of economic empowerment programmes;  Empower Persons with Disabilities with vocational and employable skills;  Provide Persons with Disabilities with adapted and other star t-up capital and tools. Enhance access to financial services  Promote inclusion of Persons with Disabilities in financial programmes by enforcing inclusion regulations and laws and incentivization approaches;  Provide financial and capacity building suppor t to small scale saving groups inclusive of Persons with Disabilities and their caretakers;  Create awareness among Persons with Disabilities on existing financial enhancement programmes and;  In partnership with Organisations of Persons with Disabilities, b uild capacity of financial institutions on disability inclusion and mainstreaming.",191
FINAL-REVISED-NATIONAL-POLICY-ON-PWDs-2023.pdf_chunk_165,FINAL-REVISED-NATIONAL-POLICY-ON-PWDs-2023.pdf,165,"Enhance access to financial services  Promote inclusion of Persons with Disabilities in financial programmes by enforcing inclusion regulations and laws and incentivization approaches;  Provide financial and capacity building suppor t to small scale saving groups inclusive of Persons with Disabilities and their caretakers;  Create awareness among Persons with Disabilities on existing financial enhancement programmes and;  In partnership with Organisations of Persons with Disabilities, b uild capacity of financial institutions on disability inclusion and mainstreaming. Promote affirmative action for Persons with Disabilitie s in employment  Create employment quotas for Persons with Disabilities in public, civil society and private sectors ; 35  Develop, disseminate and implement guidelines for disability inclusion for the service commissions and public employment agencies (Public Service Commission, Health Service Commission, Judicial Service Commission, District Service Commissions and various appointment, service and promotion boards);  Provide incentives (both financial and non- financial) for companies employing and/to employ Persons with Disabilities;  Engage Federation of Uganda Employers (FUE) and, other trade and labour organisations to provide opportunities for Persons with Disabilities in the private sector;  Engage labour unions to advocate for inclusion of Persons with Disabilities in employment;  Train employers on disability awareness and reasonable accommodation for Persons with Disabilities at the workplace - including on recruitment, hiring and retention practices;  Train employers on occupational health and safety for workers.",218
FINAL-REVISED-NATIONAL-POLICY-ON-PWDs-2023.pdf_chunk_166,FINAL-REVISED-NATIONAL-POLICY-ON-PWDs-2023.pdf,166,"Promote affirmative action for Persons with Disabilitie s in employment  Create employment quotas for Persons with Disabilities in public, civil society and private sectors ; 35  Develop, disseminate and implement guidelines for disability inclusion for the service commissions and public employment agencies (Public Service Commission, Health Service Commission, Judicial Service Commission, District Service Commissions and various appointment, service and promotion boards);  Provide incentives (both financial and non- financial) for companies employing and/to employ Persons with Disabilities;  Engage Federation of Uganda Employers (FUE) and, other trade and labour organisations to provide opportunities for Persons with Disabilities in the private sector;  Engage labour unions to advocate for inclusion of Persons with Disabilities in employment;  Train employers on disability awareness and reasonable accommodation for Persons with Disabilities at the workplace - including on recruitment, hiring and retention practices;  Train employers on occupational health and safety for workers. Promote descent employment for Persons with Disabilitiesin all sectors  Continually insp ect employment facilities to ensure that Persons with Disabilities are not held in slavery or in servitude, and are protected, on an equal basis with others, from forced or compulsory labour and;  Expedite cases associated with disability -based discriminati on brought to courts of law, human rights and other accountability commissions, tribunals and councils;  Ensure equal pay for equal work;  Employ auxiliary support service provides (sign and tactile language interpreters, guides and aids) for Persons with Disabilities who need them;  Continually undertake health audits for all employees and adequately advise and place Persons with Disabilities and;  Undertake workers compensation for all including Persons with Disabilities.",260
FINAL-REVISED-NATIONAL-POLICY-ON-PWDs-2023.pdf_chunk_167,FINAL-REVISED-NATIONAL-POLICY-ON-PWDs-2023.pdf,167,"Promote descent employment for Persons with Disabilitiesin all sectors  Continually insp ect employment facilities to ensure that Persons with Disabilities are not held in slavery or in servitude, and are protected, on an equal basis with others, from forced or compulsory labour and;  Expedite cases associated with disability -based discriminati on brought to courts of law, human rights and other accountability commissions, tribunals and councils;  Ensure equal pay for equal work;  Employ auxiliary support service provides (sign and tactile language interpreters, guides and aids) for Persons with Disabilities who need them;  Continually undertake health audits for all employees and adequately advise and place Persons with Disabilities and;  Undertake workers compensation for all including Persons with Disabilities. Train persons in employable and market -led skills  Undertake a market assessment to ascertain new and emerging as well as employment and trade trajectories of and for Persons with Disabilities;  Review the training curricular of the Vocational Rehabilitation Centres (VRCs) in order provide market- led employable skills for Persons with Disabilities;  Equip VRCs with tools for market production;  Incorporate life and social skills training in the VRC training curriculum and;  Utilise the existent sheltered workshops and VRCs to m anage production lines in the production sector.",202
FINAL-REVISED-NATIONAL-POLICY-ON-PWDs-2023.pdf_chunk_168,FINAL-REVISED-NATIONAL-POLICY-ON-PWDs-2023.pdf,168,"Train persons in employable and market -led skills  Undertake a market assessment to ascertain new and emerging as well as employment and trade trajectories of and for Persons with Disabilities;  Review the training curricular of the Vocational Rehabilitation Centres (VRCs) in order provide market- led employable skills for Persons with Disabilities;  Equip VRCs with tools for market production;  Incorporate life and social skills training in the VRC training curriculum and;  Utilise the existent sheltered workshops and VRCs to m anage production lines in the production sector. Protection of Persons with Disabilities against abuse, neglect, and exploitation: The priority area will focus on addressing the socially constructed knowledge, attitudes, practices, perceptions and behavio urs towards Persons with Disabilities.",117
FINAL-REVISED-NATIONAL-POLICY-ON-PWDs-2023.pdf_chunk_169,FINAL-REVISED-NATIONAL-POLICY-ON-PWDs-2023.pdf,169,"Protection of Persons with Disabilities against abuse, neglect, and exploitation: The priority area will focus on addressing the socially constructed knowledge, attitudes, practices, perceptions and behavio urs towards Persons with Disabilities. The proposed strategies and priority actions will sustainably reduce the stigma and discrimination experienced by Persons with Disabilities whilst offering soft alternatives to enforcement of non-discrimination laws as enshrined in the Constitution of the Republic of Uganda 1995 and the Persons with Disabilities Act Mitigate violence against Persons with Disabilities  Create awareness on the rights of Persons with Disabilitie s (in the communities and amongst the Persons with Disabilities themselves); 36  Create avenues for Persons with Disabilities to access justice;  Strengthen family and community support systems to prevent and respond to abuse against people with disabilities;  Mainstream disability in the Sexual and Gender Based Violence (SGBV) tracking, referral and reporting system;  Train institutions in the Justice, Law and Order Sector (JLOS), including judicial officers, lawyers, advocates, probation officers and police forces on disability rights, m ainstreaming and inclusion  Advocate for disability inclusive planning, budgeting and reporting in the Justice, Law and Order Sector (JLOS);  Strengthen investigation and reporting of cases of disability -based discrimination and abuse;  Mobilise care -givers o f /and Persons with Disabilities to form support groups for response and mutual support;  Build capacity of OPDs, CSOs, care -giver and Persons with Disabilities support groups to respond, report and address cases of violence against Persons with Disabilitie s. Enhance Communication to report, investigate, mitigate and eliminate disability -based discrimination and abuse;  Strengthen disability inclusion in the SGBV Management Information System (MIS);  Provide information on rights and legal procedures in accessible formats and;  Provide legal aid and related support services to Persons with Disabilities.",286
FINAL-REVISED-NATIONAL-POLICY-ON-PWDs-2023.pdf_chunk_170,FINAL-REVISED-NATIONAL-POLICY-ON-PWDs-2023.pdf,170,"The proposed strategies and priority actions will sustainably reduce the stigma and discrimination experienced by Persons with Disabilities whilst offering soft alternatives to enforcement of non-discrimination laws as enshrined in the Constitution of the Republic of Uganda 1995 and the Persons with Disabilities Act Mitigate violence against Persons with Disabilities  Create awareness on the rights of Persons with Disabilitie s (in the communities and amongst the Persons with Disabilities themselves); 36  Create avenues for Persons with Disabilities to access justice;  Strengthen family and community support systems to prevent and respond to abuse against people with disabilities;  Mainstream disability in the Sexual and Gender Based Violence (SGBV) tracking, referral and reporting system;  Train institutions in the Justice, Law and Order Sector (JLOS), including judicial officers, lawyers, advocates, probation officers and police forces on disability rights, m ainstreaming and inclusion  Advocate for disability inclusive planning, budgeting and reporting in the Justice, Law and Order Sector (JLOS);  Strengthen investigation and reporting of cases of disability -based discrimination and abuse;  Mobilise care -givers o f /and Persons with Disabilities to form support groups for response and mutual support;  Build capacity of OPDs, CSOs, care -giver and Persons with Disabilities support groups to respond, report and address cases of violence against Persons with Disabilitie s. Enhance Communication to report, investigate, mitigate and eliminate disability -based discrimination and abuse;  Strengthen disability inclusion in the SGBV Management Information System (MIS);  Provide information on rights and legal procedures in accessible formats and;  Provide legal aid and related support services to Persons with Disabilities. Promote positive cultural practices, beliefs and expectations  Create awareness on causes of disability and disability rights among authori ties, service providers, opinion leaders, communities and Persons with Disabilities;  Mobilize traditional and cultural leaders to promote positive cultural practices and beliefs on disability;  Promote disability cultures and arts performed by Persons with Disabilities.",307
FINAL-REVISED-NATIONAL-POLICY-ON-PWDs-2023.pdf_chunk_171,FINAL-REVISED-NATIONAL-POLICY-ON-PWDs-2023.pdf,171,"Promote positive cultural practices, beliefs and expectations  Create awareness on causes of disability and disability rights among authori ties, service providers, opinion leaders, communities and Persons with Disabilities;  Mobilize traditional and cultural leaders to promote positive cultural practices and beliefs on disability;  Promote disability cultures and arts performed by Persons with Disabilities. Enhance counselling and psychosocial support to Persons with Disabilities and their caretakers  Train counsellors on disability rights and inclusion;  Provide psychosocial support to victims of abuse and caretakers of Persons with Disabilities. Access to goods, services and facilities: Access to essential goods, services and facilities is at the helm of participation of Persons with Disabilities.",107
FINAL-REVISED-NATIONAL-POLICY-ON-PWDs-2023.pdf_chunk_172,FINAL-REVISED-NATIONAL-POLICY-ON-PWDs-2023.pdf,172,"Access to goods, services and facilities: Access to essential goods, services and facilities is at the helm of participation of Persons with Disabilities. Participation equally enhances inclusion and therefore Government of Uganda and her partners will promote equal and equity -based access to goods, services and facilities by addressing the institutional, environmental and attitudinal barriers to access and utilisation through the Accessibility, Affordability, Availability and Quality ( AAAQ) approach.",69
FINAL-REVISED-NATIONAL-POLICY-ON-PWDs-2023.pdf_chunk_173,FINAL-REVISED-NATIONAL-POLICY-ON-PWDs-2023.pdf,173,"Participation equally enhances inclusion and therefore Government of Uganda and her partners will promote equal and equity -based access to goods, services and facilities by addressing the institutional, environmental and attitudinal barriers to access and utilisation through the Accessibility, Affordability, Availability and Quality ( AAAQ) approach. Below are the strategies and priority actions to address the strategy Step-up provision of assistive technologies and devices  Conduct assistive technology needs assessment for Persons with Disabilities;  Advocate for funding for procurement of the assistive technologies and devices;  Procure and distribute assistive devices and technologies to users taking into consideration mechanisms for servicing and repair;  Train Persons with Disabilities on the use of assistive technologies and devices;  Support training of specialist technicians (including Allied Health Workers) in management of Assistive devices and technologies;  Map service providers for assistive technologies and devices; 37  Lobby for tax exemptions on assistive technologies, d evices and the spare - parts thereof;  Promote local production of assistive technologies and devices;  Develop a national Priority Assistive Product List (APL) and include it in the essential equipment list;  Strengthen production and innovation for assistive technologies;  Advocate for domestication of the Marrakesh Treaty to address the requirements for patents, loyalties and other intellectual property rights on Assistive Devices and technologies;  Create awareness on the importance of assistive technologies among key stakeholders;  Strengthen assistive technologies workshops across the country;  Train relevant personnel and institutions in designing, identifying users, fitting, distribution and maintenance of assistive technologies;  Strengthen use of assistive technologies and devices in institutions of learning;  Conduct research on assistive technologies;  Advocate for financing on assistive technologies by government and other partners;  Ensure meaningful participation of Persons with Disabilities a nd their representative organisations in the decision- making processes regarding the development of assistive technologies and devices plans and policies;  Integrate assistive technologies in national plans;  Advocate for finalization of the ICT disability p olicy;  Promote use of assistive devices and technologies;  Commission studies on assistive technologies for Persons with Disabilities and;  Advocate for financing of assistive technologies for Persons with Disabilities.",339
FINAL-REVISED-NATIONAL-POLICY-ON-PWDs-2023.pdf_chunk_174,FINAL-REVISED-NATIONAL-POLICY-ON-PWDs-2023.pdf,174,"Below are the strategies and priority actions to address the strategy Step-up provision of assistive technologies and devices  Conduct assistive technology needs assessment for Persons with Disabilities;  Advocate for funding for procurement of the assistive technologies and devices;  Procure and distribute assistive devices and technologies to users taking into consideration mechanisms for servicing and repair;  Train Persons with Disabilities on the use of assistive technologies and devices;  Support training of specialist technicians (including Allied Health Workers) in management of Assistive devices and technologies;  Map service providers for assistive technologies and devices; 37  Lobby for tax exemptions on assistive technologies, d evices and the spare - parts thereof;  Promote local production of assistive technologies and devices;  Develop a national Priority Assistive Product List (APL) and include it in the essential equipment list;  Strengthen production and innovation for assistive technologies;  Advocate for domestication of the Marrakesh Treaty to address the requirements for patents, loyalties and other intellectual property rights on Assistive Devices and technologies;  Create awareness on the importance of assistive technologies among key stakeholders;  Strengthen assistive technologies workshops across the country;  Train relevant personnel and institutions in designing, identifying users, fitting, distribution and maintenance of assistive technologies;  Strengthen use of assistive technologies and devices in institutions of learning;  Conduct research on assistive technologies;  Advocate for financing on assistive technologies by government and other partners;  Ensure meaningful participation of Persons with Disabilities a nd their representative organisations in the decision- making processes regarding the development of assistive technologies and devices plans and policies;  Integrate assistive technologies in national plans;  Advocate for finalization of the ICT disability p olicy;  Promote use of assistive devices and technologies;  Commission studies on assistive technologies for Persons with Disabilities and;  Advocate for financing of assistive technologies for Persons with Disabilities. Enhance social care and support for Persons with Disabilities  Lobby and advocate for inclusion of Persons with Disabilities in social care and support service provision;  Mobilise and link Persons with Disabilities to access social care and support services;  Coordinate service pr oviders in provision of social care and support services;  Map, assess capacities and document existing service providers for social care and support;  Scale up habitation and rehabilitation programmes for Persons with Disabilities;  Build capacity of the ser vice providers on disability inclusion and service provision;  Develop a minimum care package for Persons with Disabilities to access social care and support services;  Build capacity of care givers, guardians and parents on existing social care and support services and  Monitor service providers of social care and support services.",420
FINAL-REVISED-NATIONAL-POLICY-ON-PWDs-2023.pdf_chunk_175,FINAL-REVISED-NATIONAL-POLICY-ON-PWDs-2023.pdf,175,"Enhance social care and support for Persons with Disabilities  Lobby and advocate for inclusion of Persons with Disabilities in social care and support service provision;  Mobilise and link Persons with Disabilities to access social care and support services;  Coordinate service pr oviders in provision of social care and support services;  Map, assess capacities and document existing service providers for social care and support;  Scale up habitation and rehabilitation programmes for Persons with Disabilities;  Build capacity of the ser vice providers on disability inclusion and service provision;  Develop a minimum care package for Persons with Disabilities to access social care and support services;  Build capacity of care givers, guardians and parents on existing social care and support services and  Monitor service providers of social care and support services. Promote provision of appropriate social services for Persons with Disabilities as a human right  Advocate for provision of support and other auxiliary services to Persons with Disa bilities;  Provide information in accessible formats for Persons with Disabilities;  Provide disability identifiers (on functional limitation and disability category) on the National Identity Card;  Provide timely and accurate information for Persons with Disabilities on how to access, utilize and keep their national identity cards; 38  Provide alternative authenticators for Persons with Disabilities whose thumb prints are not readable;  Mobilise and link Persons with Disabilities to access social services;  Build capacity of service providers to provide disability responsive services;  Strengthen implementation and training in Community Based Rehabilitation in partnership with local and national organisations;  Advocate for accessibility for Persons with Disabilities to service centres;  Advocate for disability responsive planning and budgeting in all sectors;  Map, assess capacities and mobilise service providers for inclusion of Persons with Disabilities;  Coordinate service providers for appropriate service delivery;  Advocate for inclusion of disability in Social Development Sector Management Information System and Scale up provision of sexual and reproductive health services to Persons with Disabilities  Mobilise adolescents and young Persons with Dis abilities to access and utilise sexual and reproductive health services;  Promote Sexual and Reproductive Health education for Persons with Disabilities in appropriate and using varied and accessible communication methods best understood by Persons with Dis abilities;  Involve Persons with Disabilities, OPDs and CSOs in community mobilization and SRHR outreaches services;  Ensure meaningful participation of Persons with Disabilities and/or their representative organisations in national and local SRHR committees.",387
FINAL-REVISED-NATIONAL-POLICY-ON-PWDs-2023.pdf_chunk_176,FINAL-REVISED-NATIONAL-POLICY-ON-PWDs-2023.pdf,176,"Promote provision of appropriate social services for Persons with Disabilities as a human right  Advocate for provision of support and other auxiliary services to Persons with Disa bilities;  Provide information in accessible formats for Persons with Disabilities;  Provide disability identifiers (on functional limitation and disability category) on the National Identity Card;  Provide timely and accurate information for Persons with Disabilities on how to access, utilize and keep their national identity cards; 38  Provide alternative authenticators for Persons with Disabilities whose thumb prints are not readable;  Mobilise and link Persons with Disabilities to access social services;  Build capacity of service providers to provide disability responsive services;  Strengthen implementation and training in Community Based Rehabilitation in partnership with local and national organisations;  Advocate for accessibility for Persons with Disabilities to service centres;  Advocate for disability responsive planning and budgeting in all sectors;  Map, assess capacities and mobilise service providers for inclusion of Persons with Disabilities;  Coordinate service providers for appropriate service delivery;  Advocate for inclusion of disability in Social Development Sector Management Information System and Scale up provision of sexual and reproductive health services to Persons with Disabilities  Mobilise adolescents and young Persons with Dis abilities to access and utilise sexual and reproductive health services;  Promote Sexual and Reproductive Health education for Persons with Disabilities in appropriate and using varied and accessible communication methods best understood by Persons with Dis abilities;  Involve Persons with Disabilities, OPDs and CSOs in community mobilization and SRHR outreaches services;  Ensure meaningful participation of Persons with Disabilities and/or their representative organisations in national and local SRHR committees. Develop Inclusive Information Education and Communications (IECs) on Sexual and Reproductive Health  Train health workers and other service providers on disability rights, inclusion and mainstreaming in sexual and reproductive health programmes;  Advocate for accessible healthcare facilities and services;  Advocate for recruitment and placement of disability support personnel at healthcare facilities and;  Advocate for inclusion of Persons with Disabilities in sexual and reproductive health programm es.",325
FINAL-REVISED-NATIONAL-POLICY-ON-PWDs-2023.pdf_chunk_177,FINAL-REVISED-NATIONAL-POLICY-ON-PWDs-2023.pdf,177,"Develop Inclusive Information Education and Communications (IECs) on Sexual and Reproductive Health  Train health workers and other service providers on disability rights, inclusion and mainstreaming in sexual and reproductive health programmes;  Advocate for accessible healthcare facilities and services;  Advocate for recruitment and placement of disability support personnel at healthcare facilities and;  Advocate for inclusion of Persons with Disabilities in sexual and reproductive health programm es. Promote access and participation to successful quality and equitable education for learners with disabilities  Review pre -service and in -service training curriculum to include inclusive education for all level teachers from pre- school to higher educa tion, including TVET and non- formal education;  Advocate for recruitment and training of teachers in special needs (visual, hearing and intellectual disabilities) and inclusive education;  Support development and distribution in schools of specialized learni ng materials for learners with disabilities;  Develop with the Ministry of Education and Sports minimum standards for accessibility and verification accessibility checklist for school infrastructures;  Provide technical support to school authorities to impro ve school accessibility;  Advocate for curriculum review regarding needs of learners with disabilities;  Advocate for examinations adaptations to cater for the needs of learners with disabilities;  Advocate for early identification and assessment of learners with disabilities to allow school and teacher to cater for their needs;  Promote use of ICT in education of learners with disabilities;  Advocate for recruitment of support personnel (e.g.",231
FINAL-REVISED-NATIONAL-POLICY-ON-PWDs-2023.pdf_chunk_178,FINAL-REVISED-NATIONAL-POLICY-ON-PWDs-2023.pdf,178,"Promote access and participation to successful quality and equitable education for learners with disabilities  Review pre -service and in -service training curriculum to include inclusive education for all level teachers from pre- school to higher educa tion, including TVET and non- formal education;  Advocate for recruitment and training of teachers in special needs (visual, hearing and intellectual disabilities) and inclusive education;  Support development and distribution in schools of specialized learni ng materials for learners with disabilities;  Develop with the Ministry of Education and Sports minimum standards for accessibility and verification accessibility checklist for school infrastructures;  Provide technical support to school authorities to impro ve school accessibility;  Advocate for curriculum review regarding needs of learners with disabilities;  Advocate for examinations adaptations to cater for the needs of learners with disabilities;  Advocate for early identification and assessment of learners with disabilities to allow school and teacher to cater for their needs;  Promote use of ICT in education of learners with disabilities;  Advocate for recruitment of support personnel (e.g. braille transcribers, sign language interpreters and guides) in the education service; 39  Support, along with OPDs and CSOs, awareness raising campaigns on the rights of children with disabilities, including the right to go to school;  Support, along with OPDs and CSOs, targeted campaign towards parents of child ren with disabilities;  Advocate and support programmes ensuring free access to school for children with disabilities and supporting additional costs linked to disability;  Advocate for inclusion on children with disabilities in pre- primary education;  Advoca te for inclusion of Persons with Disabilities in skilling and other BTVET programmes;  Determine a quota for students with disabilities to receive the Higher Education Financing;  Popularise the disability quota for public universities scholarship;  Increase the number of students admitted to public universities on government scholarship;  Lobby and advocate for increased financing for the capitation grant for leaners with disabilities  Management and Leadership: Build capacity of education sector and service providers on disability rights, inclusion and mainstreaming as well as on inclusive education principles;  Laws and policies: Advocate for financing and implementation of the National Inclusive Education Policy and  Data and evidence: Advocate for systematic d isaggregated data collection at all levels of the school system to monitor performance and progress.",369
FINAL-REVISED-NATIONAL-POLICY-ON-PWDs-2023.pdf_chunk_179,FINAL-REVISED-NATIONAL-POLICY-ON-PWDs-2023.pdf,179,"braille transcribers, sign language interpreters and guides) in the education service; 39  Support, along with OPDs and CSOs, awareness raising campaigns on the rights of children with disabilities, including the right to go to school;  Support, along with OPDs and CSOs, targeted campaign towards parents of child ren with disabilities;  Advocate and support programmes ensuring free access to school for children with disabilities and supporting additional costs linked to disability;  Advocate for inclusion on children with disabilities in pre- primary education;  Advoca te for inclusion of Persons with Disabilities in skilling and other BTVET programmes;  Determine a quota for students with disabilities to receive the Higher Education Financing;  Popularise the disability quota for public universities scholarship;  Increase the number of students admitted to public universities on government scholarship;  Lobby and advocate for increased financing for the capitation grant for leaners with disabilities  Management and Leadership: Build capacity of education sector and service providers on disability rights, inclusion and mainstreaming as well as on inclusive education principles;  Laws and policies: Advocate for financing and implementation of the National Inclusive Education Policy and  Data and evidence: Advocate for systematic d isaggregated data collection at all levels of the school system to monitor performance and progress. Promote advocacy for disability responsive planning and budgeting in all sectors  Advocate for disability quotas in all sector plans and budgets;  Generate sector -based disability disaggregated data;  Conduct budget analysis for disability responsiveness;  Build capacity of sectors for disability inclusive planning and budgeting  Disseminate the National Disability Inclusive Planning Guidelines for Ugan da; Enhance access to public information  Engage OPDs and CSOs in partnerships to develop inclusive public information materials;  Advocate for production of public information in accessible formats;  Promote the development and use of tactile communication;  Promote the use of sign language in all public communication as well as the use of easy -to-read versions adapted for persons with intellectual or cognitive disabilities;  Strengthen partnerships with service providers on disability inclusive information pr ovision;  Train the media in disability inclusive communication and  Regulate and certify sign language interpretation and tactile communication services.",346
FINAL-REVISED-NATIONAL-POLICY-ON-PWDs-2023.pdf_chunk_180,FINAL-REVISED-NATIONAL-POLICY-ON-PWDs-2023.pdf,180,"Promote advocacy for disability responsive planning and budgeting in all sectors  Advocate for disability quotas in all sector plans and budgets;  Generate sector -based disability disaggregated data;  Conduct budget analysis for disability responsiveness;  Build capacity of sectors for disability inclusive planning and budgeting  Disseminate the National Disability Inclusive Planning Guidelines for Ugan da; Enhance access to public information  Engage OPDs and CSOs in partnerships to develop inclusive public information materials;  Advocate for production of public information in accessible formats;  Promote the development and use of tactile communication;  Promote the use of sign language in all public communication as well as the use of easy -to-read versions adapted for persons with intellectual or cognitive disabilities;  Strengthen partnerships with service providers on disability inclusive information pr ovision;  Train the media in disability inclusive communication and  Regulate and certify sign language interpretation and tactile communication services. Advocate for inclusive physical environment  Lobby for reasonable accommodation where accessibility is limited;  Popularize and implement the building control Act 2013, regulations , and accessibility standards ;  Promote research and development of universally designed goods, services, facilities, and equipment  Review and update Ugandas accessibility standards to meet internationally recognised standards;  Promote modification of the built- up environment and; 40  Build the capacity of building control committees and disability councils at national and district levels to monitor disability inclusion.",221
FINAL-REVISED-NATIONAL-POLICY-ON-PWDs-2023.pdf_chunk_181,FINAL-REVISED-NATIONAL-POLICY-ON-PWDs-2023.pdf,181,"Advocate for inclusive physical environment  Lobby for reasonable accommodation where accessibility is limited;  Popularize and implement the building control Act 2013, regulations , and accessibility standards ;  Promote research and development of universally designed goods, services, facilities, and equipment  Review and update Ugandas accessibility standards to meet internationally recognised standards;  Promote modification of the built- up environment and; 40  Build the capacity of building control committees and disability councils at national and district levels to monitor disability inclusion. Capacity building for disability inclusion: Limited. capacities have always been reported as a barrier to access and utilisation of essential goods, services and facilities for Persons with Disabil ities. The interventions will focus on the three performance tenets of: capacity enhancement, motivation for work and, creation of an enabling environment.",128
FINAL-REVISED-NATIONAL-POLICY-ON-PWDs-2023.pdf_chunk_182,FINAL-REVISED-NATIONAL-POLICY-ON-PWDs-2023.pdf,182,"The interventions will focus on the three performance tenets of: capacity enhancement, motivation for work and, creation of an enabling environment. These interventions will be implemented in coordination with OPDs to ensure empowerment and ownershi p. This will be addressed through the following Specific action areas: Strategies and priority actions on capacity building on disability inclusion Build the capacity of duty bearers on disability inclusion  Enhance knowledge and skills on disability issues for duty bearers and rights holders;  Mapping to identify duty bearers and rights holders;  Undertake capacity needs assessment of duty bearers and rights holders on disability;  Develop disability resource manuals and;  Carry out training, a wareness creation, coaching, and mentoring of duty bearers and rights holders Strengthen capacity of institutions at all levels to mainstream disability  Capacity needs assessment of institutions;  Adapt disability resource manuals;  Carry out training, coaching, and mentoring of institutions;  Advocate for recruitment of support personnel in institutions;  Exchange programmes for institutions to model disability inclusive programmes and;  Strengthen community -based response mechanisms for supporti ng Persons with Disabilities.",174
FINAL-REVISED-NATIONAL-POLICY-ON-PWDs-2023.pdf_chunk_183,FINAL-REVISED-NATIONAL-POLICY-ON-PWDs-2023.pdf,183,"These interventions will be implemented in coordination with OPDs to ensure empowerment and ownershi p. This will be addressed through the following Specific action areas: Strategies and priority actions on capacity building on disability inclusion Build the capacity of duty bearers on disability inclusion  Enhance knowledge and skills on disability issues for duty bearers and rights holders;  Mapping to identify duty bearers and rights holders;  Undertake capacity needs assessment of duty bearers and rights holders on disability;  Develop disability resource manuals and;  Carry out training, a wareness creation, coaching, and mentoring of duty bearers and rights holders Strengthen capacity of institutions at all levels to mainstream disability  Capacity needs assessment of institutions;  Adapt disability resource manuals;  Carry out training, coaching, and mentoring of institutions;  Advocate for recruitment of support personnel in institutions;  Exchange programmes for institutions to model disability inclusive programmes and;  Strengthen community -based response mechanisms for supporti ng Persons with Disabilities. Promote training of specialised personnel (in health and education) in disability management  Advocate for review of the training institutions curricula;  Advocate for incentives and rewards for specialist and specialized per sonnel;  Support refresher training for specialist personnel in new technologies and emerging disabilities and;  Strengthen training for specialist personnel in disability management.",205
FINAL-REVISED-NATIONAL-POLICY-ON-PWDs-2023.pdf_chunk_184,FINAL-REVISED-NATIONAL-POLICY-ON-PWDs-2023.pdf,184,"Promote training of specialised personnel (in health and education) in disability management  Advocate for review of the training institutions curricula;  Advocate for incentives and rewards for specialist and specialized per sonnel;  Support refresher training for specialist personnel in new technologies and emerging disabilities and;  Strengthen training for specialist personnel in disability management. Strengthen implementation of laws, policies and guidelines on disability  Advocate for implementation of the legal and policy framework on disability;  Disseminate and popularise the policy and legal framework on disability;  Train duty bearers on disability specific and inclusive laws, policies, and guidelines;  Advocate for financing of the implementation of the disability specific and inclusive policies and;  Ensure laws, policies and guidelines on disability are enforced and that action can be engaged when those are not implemented.",128
FINAL-REVISED-NATIONAL-POLICY-ON-PWDs-2023.pdf_chunk_185,FINAL-REVISED-NATIONAL-POLICY-ON-PWDs-2023.pdf,185,"Strengthen implementation of laws, policies and guidelines on disability  Advocate for implementation of the legal and policy framework on disability;  Disseminate and popularise the policy and legal framework on disability;  Train duty bearers on disability specific and inclusive laws, policies, and guidelines;  Advocate for financing of the implementation of the disability specific and inclusive policies and;  Ensure laws, policies and guidelines on disability are enforced and that action can be engaged when those are not implemented. Strengthen data collection, utilization, and storage (MIS)  Advocate for inclusion of disability disaggregated data in national researches;  Adapt the Washington group questions to suit Ugandas data needs  Advocate for the inclusion of SDG disability indicators in data collection;  Build the capacity of the SDG secretariat and SDG focal personnel to include disability in SDG monitoring and reporting (leave no one behind transversal goal);  Commission periodic surveys on disability; 41  Lobby NCST to include mandatory disability sensitivity c heck in their research ethical approval processes and;  Advocate for financing of disability related research Strengthen partnership with research and academic institutions on disability research  Build synergies between academic and practitioner disability research;  Build capacity of NIRA to understand and include disability;  Promote registration of Persons with Disabilities for national identification and programmes;  Lobby registration institutions to provide reasonable accommodation for Persons with Disabilities;  Lobby for improvement of registration mechanisms for Persons with Disabilities in NIRA and  Mobilise Persons with Disabilities to register for national identification and other programmes.",242
FINAL-REVISED-NATIONAL-POLICY-ON-PWDs-2023.pdf_chunk_186,FINAL-REVISED-NATIONAL-POLICY-ON-PWDs-2023.pdf,186,"Strengthen data collection, utilization, and storage (MIS)  Advocate for inclusion of disability disaggregated data in national researches;  Adapt the Washington group questions to suit Ugandas data needs  Advocate for the inclusion of SDG disability indicators in data collection;  Build the capacity of the SDG secretariat and SDG focal personnel to include disability in SDG monitoring and reporting (leave no one behind transversal goal);  Commission periodic surveys on disability; 41  Lobby NCST to include mandatory disability sensitivity c heck in their research ethical approval processes and;  Advocate for financing of disability related research Strengthen partnership with research and academic institutions on disability research  Build synergies between academic and practitioner disability research;  Build capacity of NIRA to understand and include disability;  Promote registration of Persons with Disabilities for national identification and programmes;  Lobby registration institutions to provide reasonable accommodation for Persons with Disabilities;  Lobby for improvement of registration mechanisms for Persons with Disabilities in NIRA and  Mobilise Persons with Disabilities to register for national identification and other programmes. Promote mindset change towards Persons with Disabilities  Undertake media campaigns to change negative attitudes towards disability;  Promote the use of role models of Persons with Disabilities in mind -set change;  Undertake community dialogue on disability issues and  Develop common programmes with national OPDs to tackle attitudinal barriers and stigma Strengthen coordination with OPDs and other partners working in the field of disability  Map OPDs and partners working in the field of disability and inclusive development;  Build partnerships and networks for disability inclusion.",248
FINAL-REVISED-NATIONAL-POLICY-ON-PWDs-2023.pdf_chunk_187,FINAL-REVISED-NATIONAL-POLICY-ON-PWDs-2023.pdf,187,"Promote mindset change towards Persons with Disabilities  Undertake media campaigns to change negative attitudes towards disability;  Promote the use of role models of Persons with Disabilities in mind -set change;  Undertake community dialogue on disability issues and  Develop common programmes with national OPDs to tackle attitudinal barriers and stigma Strengthen coordination with OPDs and other partners working in the field of disability  Map OPDs and partners working in the field of disability and inclusive development;  Build partnerships and networks for disability inclusion. Develop guidelines and r egulate operations of OPDs and partners working with Persons with Disabilities;  Create an enabling environment for OPDs and other partners to support Persons with Disabilities;  Promote partnership between government, OPDs and other partners and;  Promote meaningful participation of Persons with Disabilities and their representative organisations (OPDs) across governmental processes at local, national and international levels.",141
FINAL-REVISED-NATIONAL-POLICY-ON-PWDs-2023.pdf_chunk_188,FINAL-REVISED-NATIONAL-POLICY-ON-PWDs-2023.pdf,188,"Develop guidelines and r egulate operations of OPDs and partners working with Persons with Disabilities;  Create an enabling environment for OPDs and other partners to support Persons with Disabilities;  Promote partnership between government, OPDs and other partners and;  Promote meaningful participation of Persons with Disabilities and their representative organisations (OPDs) across governmental processes at local, national and international levels. Enhanced participation of Persons with Disabilities in decision making Persons with Disabilities seldom participate in development processes. Limited participation is a key precipitate of powerlessness and ultimately access and utilization of goods and services for Persons with Disabilities. The interventions will focus on im proving participation of Persons with Disabilities in development processes as well as protecting their rights. This will be addressed through the following Specific action areas.",128
FINAL-REVISED-NATIONAL-POLICY-ON-PWDs-2023.pdf_chunk_189,FINAL-REVISED-NATIONAL-POLICY-ON-PWDs-2023.pdf,189,"This will be addressed through the following Specific action areas. Enhance access to inclusive communication and information for Persons with Disabilities  Step-up mobilization of Persons with Disabilities to participate in development initiatives;  Support Ministries, Departments and Agencies (MDAs) to mainstream disability in all programmes;  Advocate for representation and meaningf ul participation of Persons with Disabilities in all councils, committees and associations;  Promote affirmative action and assignment of responsibility in decision making spaces at all levels;  Build the capacities of councils and other human rights institutions such as, the Equal Opportunities Commission (EoC), National Council for Persons with Disabilities (NCPD) and disability departments in disability inclusion; 42  Advocate for strengthening of Ministries, Departments and Agencies particularly the Equal Opp ortunities Commission, NCPD, Department of Disability and Elderly and, Uganda Human Rights Commission (UHRC) charged with equity and inclusion of Persons with Disabilities to effectively execute their mandates.",146
FINAL-REVISED-NATIONAL-POLICY-ON-PWDs-2023.pdf_chunk_190,FINAL-REVISED-NATIONAL-POLICY-ON-PWDs-2023.pdf,190,"Enhance access to inclusive communication and information for Persons with Disabilities  Step-up mobilization of Persons with Disabilities to participate in development initiatives;  Support Ministries, Departments and Agencies (MDAs) to mainstream disability in all programmes;  Advocate for representation and meaningf ul participation of Persons with Disabilities in all councils, committees and associations;  Promote affirmative action and assignment of responsibility in decision making spaces at all levels;  Build the capacities of councils and other human rights institutions such as, the Equal Opportunities Commission (EoC), National Council for Persons with Disabilities (NCPD) and disability departments in disability inclusion; 42  Advocate for strengthening of Ministries, Departments and Agencies particularly the Equal Opp ortunities Commission, NCPD, Department of Disability and Elderly and, Uganda Human Rights Commission (UHRC) charged with equity and inclusion of Persons with Disabilities to effectively execute their mandates. Monitor the performance, participation and abilities of representatives of Persons with Disabilities in decision making processes;  Undertake disability audits, monitoring and supervision of institutions and agencies for disability inclusion;  Support the networking and sharing of i nformation with MDAs and coordination and;  Effectively coordinate government, private sector and civil society to ensure they are disability inclusive and compliant with the equity laws of Uganda.",200
FINAL-REVISED-NATIONAL-POLICY-ON-PWDs-2023.pdf_chunk_191,FINAL-REVISED-NATIONAL-POLICY-ON-PWDs-2023.pdf,191,"Monitor the performance, participation and abilities of representatives of Persons with Disabilities in decision making processes;  Undertake disability audits, monitoring and supervision of institutions and agencies for disability inclusion;  Support the networking and sharing of i nformation with MDAs and coordination and;  Effectively coordinate government, private sector and civil society to ensure they are disability inclusive and compliant with the equity laws of Uganda. Enhanced disability inclusion in humanitarian and disaster risk response The action aims at improving inclusive actions and visibility of Persons with Disabilities in humanitarian and disaster situations.",91
FINAL-REVISED-NATIONAL-POLICY-ON-PWDs-2023.pdf_chunk_192,FINAL-REVISED-NATIONAL-POLICY-ON-PWDs-2023.pdf,192,"Enhanced disability inclusion in humanitarian and disaster risk response The action aims at improving inclusive actions and visibility of Persons with Disabilities in humanitarian and disaster situations. This will be addressed through the following Specific action areas: Promote mainstreaming of disabil ity in humanitarian and disaster risk preparedness and management at all levels  Map service providers in humanitarian and disaster risk preparedness and response;  Promote disability -inclusive humanitarian and disaster risk management information;  Advocate for inclusion of Persons with Disabilities and OPDs in preparedness, planning and designing of humanitarian and disaster response interventions;  Strengthen coordination between MGLSD, OPM, and other MDAs on humanitarian and DRM functions;  Step-up inclusive education and livelihood opportunities in humanitarian and disaster risk response programmes;  Ensure all sectors of intervention, ie protection, health and nutrition, WASH, Livelihood, Education, Environment and Energy, Shelter and NFI have inclu ded Persons with Disabilities in their needs assessments, plans and budgets;  Ensure SGBV, child protection and SRHR services are inclusive of men and women, boys and girls with disabilities;  Ensure humanitarian programming accounts for caretakers of Persons with Disabilities;  Promote participation of impacted populations with disabilities to all steps of the humanitarian project cycle: needs identification, response design, response monitoring and evaluation;  Ensure feedback and complaints mechanisms are accessible for all Persons with Disabilities;  Ensure information on humanitarian services are accessible for all Persons with Disabilities;  Promote participation of Persons with Disabilities and their representative organisations to humanitarian response coordination mechanisms and;  Undertake early identification and assessment of Persons with Disabilities.",251
FINAL-REVISED-NATIONAL-POLICY-ON-PWDs-2023.pdf_chunk_193,FINAL-REVISED-NATIONAL-POLICY-ON-PWDs-2023.pdf,193,"This will be addressed through the following Specific action areas: Promote mainstreaming of disabil ity in humanitarian and disaster risk preparedness and management at all levels  Map service providers in humanitarian and disaster risk preparedness and response;  Promote disability -inclusive humanitarian and disaster risk management information;  Advocate for inclusion of Persons with Disabilities and OPDs in preparedness, planning and designing of humanitarian and disaster response interventions;  Strengthen coordination between MGLSD, OPM, and other MDAs on humanitarian and DRM functions;  Step-up inclusive education and livelihood opportunities in humanitarian and disaster risk response programmes;  Ensure all sectors of intervention, ie protection, health and nutrition, WASH, Livelihood, Education, Environment and Energy, Shelter and NFI have inclu ded Persons with Disabilities in their needs assessments, plans and budgets;  Ensure SGBV, child protection and SRHR services are inclusive of men and women, boys and girls with disabilities;  Ensure humanitarian programming accounts for caretakers of Persons with Disabilities;  Promote participation of impacted populations with disabilities to all steps of the humanitarian project cycle: needs identification, response design, response monitoring and evaluation;  Ensure feedback and complaints mechanisms are accessible for all Persons with Disabilities;  Ensure information on humanitarian services are accessible for all Persons with Disabilities;  Promote participation of Persons with Disabilities and their representative organisations to humanitarian response coordination mechanisms and;  Undertake early identification and assessment of Persons with Disabilities. Provide food, Non- food items (NFIs) and medical supplies including assistive devices to impacted populations with disabilities;  Make available inclu sive Mental Health and Psychosocial Services to all impacted populations at all levels of the pyramid of services.",262
FINAL-REVISED-NATIONAL-POLICY-ON-PWDs-2023.pdf_chunk_194,FINAL-REVISED-NATIONAL-POLICY-ON-PWDs-2023.pdf,194,"Provide food, Non- food items (NFIs) and medical supplies including assistive devices to impacted populations with disabilities;  Make available inclu sive Mental Health and Psychosocial Services to all impacted populations at all levels of the pyramid of services. 43  Support design of a response plan inclusive of Persons with Disabilities needs in humanitarian response interventions;  Promote participation of Persons with Disabilities and their representative organisations to humanitarian workers trainings;  Train humanitarian workers in disability inclusive programming, implementation and monitoring;  Ensure humanitarian response data includes age, gender and disability disaggregated data and;  Promote accessibility in humanitarian undertakings Advocate for inclusion of impacted populations with disabilities15 in government programmes  Support social protection interventions for Persons with Disabilitie s (social care and support) in humanitarian settings and;  Undertake Labour intensive public works for refugees with disabilities .",134
FINAL-REVISED-NATIONAL-POLICY-ON-PWDs-2023.pdf_chunk_195,FINAL-REVISED-NATIONAL-POLICY-ON-PWDs-2023.pdf,195,"43  Support design of a response plan inclusive of Persons with Disabilities needs in humanitarian response interventions;  Promote participation of Persons with Disabilities and their representative organisations to humanitarian workers trainings;  Train humanitarian workers in disability inclusive programming, implementation and monitoring;  Ensure humanitarian response data includes age, gender and disability disaggregated data and;  Promote accessibility in humanitarian undertakings Advocate for inclusion of impacted populations with disabilities15 in government programmes  Support social protection interventions for Persons with Disabilitie s (social care and support) in humanitarian settings and;  Undertake Labour intensive public works for refugees with disabilities . Annex 2: S takeholders and their roles and responsibilities Stakeholder s/Actors Roles and Responsibilities Ministry of Gender, Labour and Social Development (MGLSD)  This is the main coordinating agency responsible for Disability and inclusion. It will provide overall leadership, technical support, coordination, Monitoring and Evaluation.",140
FINAL-REVISED-NATIONAL-POLICY-ON-PWDs-2023.pdf_chunk_196,FINAL-REVISED-NATIONAL-POLICY-ON-PWDs-2023.pdf,196,"It will provide overall leadership, technical support, coordination, Monitoring and Evaluation. MGLSD will specifically:  Circulate global and national laws, policies, guidelines and regulations relating to disability to all government ministries, departments, agencies, non- state actors and all governance structures;  Constitute and host a CBR/ Disability Technical working group  That will be convening at least quarterly to support and track progress on the implementation of the policy;  Capacity building and motivation of technical staff including CDOs to implement the policy;  Support the organisation of annual Disability symposia and document all lessons and good practices for replications;  Establish and operationalize the DMIS in accordance with the existent structures and system and;  Maintain a national Mapping tracker of all Persons with Disabilities and Disability - related interventions undertaken in Uganda  By District.",129
FINAL-REVISED-NATIONAL-POLICY-ON-PWDs-2023.pdf_chunk_197,FINAL-REVISED-NATIONAL-POLICY-ON-PWDs-2023.pdf,197,"MGLSD will specifically:  Circulate global and national laws, policies, guidelines and regulations relating to disability to all government ministries, departments, agencies, non- state actors and all governance structures;  Constitute and host a CBR/ Disability Technical working group  That will be convening at least quarterly to support and track progress on the implementation of the policy;  Capacity building and motivation of technical staff including CDOs to implement the policy;  Support the organisation of annual Disability symposia and document all lessons and good practices for replications;  Establish and operationalize the DMIS in accordance with the existent structures and system and;  Maintain a national Mapping tracker of all Persons with Disabilities and Disability - related interventions undertaken in Uganda  By District. Wherever Refugees with Disabilities are mention, it is implied that the policy t arget is 70 refugees and 30 host communities 44 Ministry of Education and Sports (MoES)  To promote the education and technology related areas of the policy especially:  Ensure that Persons with Disabilities access and utilize education and training programmes by delivering the curriculum in the most appropriate way to Persons with Disabilities;  Advocate for a review and passing of the NIEP;  Draft, design, pre- test and circulate in- school guidelines on implementation of Inclusive Education in all schools;  Document education- related practices that support education and learning of Persons with Disabilities;  Ensure adequate educational assessment and Individual Support programming (ISP) for Persons with Disabilities;  Ensuring standardized physical access in all education institutions;  Provide teaching and learning materials or support local development of teaching and learning materials for Persons with Disabilities;  Adequate staffing and remuneration SNE trained teachers and;  Capacity development of teachers in SNIE through the existent TDMS programmes.",280
FINAL-REVISED-NATIONAL-POLICY-ON-PWDs-2023.pdf_chunk_198,FINAL-REVISED-NATIONAL-POLICY-ON-PWDs-2023.pdf,198,"Wherever Refugees with Disabilities are mention, it is implied that the policy t arget is 70 refugees and 30 host communities 44 Ministry of Education and Sports (MoES)  To promote the education and technology related areas of the policy especially:  Ensure that Persons with Disabilities access and utilize education and training programmes by delivering the curriculum in the most appropriate way to Persons with Disabilities;  Advocate for a review and passing of the NIEP;  Draft, design, pre- test and circulate in- school guidelines on implementation of Inclusive Education in all schools;  Document education- related practices that support education and learning of Persons with Disabilities;  Ensure adequate educational assessment and Individual Support programming (ISP) for Persons with Disabilities;  Ensuring standardized physical access in all education institutions;  Provide teaching and learning materials or support local development of teaching and learning materials for Persons with Disabilities;  Adequate staffing and remuneration SNE trained teachers and;  Capacity development of teachers in SNIE through the existent TDMS programmes. Ministry of Health (MoH)  The Ministry of Health has a Division responsible for Disability and Rehabilitation.",178
FINAL-REVISED-NATIONAL-POLICY-ON-PWDs-2023.pdf_chunk_199,FINAL-REVISED-NATIONAL-POLICY-ON-PWDs-2023.pdf,199,"Ministry of Health (MoH)  The Ministry of Health has a Division responsible for Disability and Rehabilitation. The Ministry will primarily be responsible for the health aspects of disability such as: identification and detection, assessment, prevention and management, health education and, provision of Assistive Devices and essential drugs/ regimens. The Ministry will also be responsible for:  Training, recruitment, skilling and deployment of disability - leaning specialists in the entire country;  Procure and/or produce and distribute assistive technologies and devices;  Develop a national Priority Assistive Product List (APL) and include it in the essential equipment list;  Train relevant personnel and institutions in designing , identifying users, fitting, distribution and maintenance of assistive technologies;  Strengthen use of assistive technologies and devices in institutions of learning and;  Commission health and disability -leaning studies including on emerging and disabling conditions and assistive technologies among others.",140
FINAL-REVISED-NATIONAL-POLICY-ON-PWDs-2023.pdf_chunk_200,FINAL-REVISED-NATIONAL-POLICY-ON-PWDs-2023.pdf,200,"The Ministry will also be responsible for:  Training, recruitment, skilling and deployment of disability - leaning specialists in the entire country;  Procure and/or produce and distribute assistive technologies and devices;  Develop a national Priority Assistive Product List (APL) and include it in the essential equipment list;  Train relevant personnel and institutions in designing , identifying users, fitting, distribution and maintenance of assistive technologies;  Strengthen use of assistive technologies and devices in institutions of learning and;  Commission health and disability -leaning studies including on emerging and disabling conditions and assistive technologies among others. Ministry of Finance, Planning and Economic Development (MoFPED)  Ensure that Persons with Disabilities issues receive adequate resources in the national budget  especially the key sectors of education, health and social development.",123
FINAL-REVISED-NATIONAL-POLICY-ON-PWDs-2023.pdf_chunk_201,FINAL-REVISED-NATIONAL-POLICY-ON-PWDs-2023.pdf,201,"Ministry of Finance, Planning and Economic Development (MoFPED)  Ensure that Persons with Disabilities issues receive adequate resources in the national budget  especially the key sectors of education, health and social development. The MFPED will specifically:  Ensure that there are disability quotas in all sector pl ans and budgets;  Generate sector -based disability disaggregated data;  Conduct budget analysis for disability responsiveness;  Build capacity of sectors for disability inclusive planning and budgeting;  Disseminate the National Disability Inclusive Planning Guidelines for Uganda;  Revise the schools capitation grant formula to factor in Inclusive education in funds allocated to mainstream schools;  Finance the construction of at least 2 secondary schools per region of Uganda and;  Support training of S NE teachers (for both primary and secondary schools) and Rehabilitation staff in accordance with the National Development Plan III and;  Working with the National Planning Authority, provide funding to implement CBR/ Social rehabilitation in accordance with the NDP III Ministry of Local Government (MoLG), Decentralised Local and  The delivery of policies and action plans will take place in local governments with the CDO (charged or responsible for Disability and elderly affairs) as the focal person and, 45 lower local Government Administration the Councils for Persons with Disabilities playing an oversight role.",205
FINAL-REVISED-NATIONAL-POLICY-ON-PWDs-2023.pdf_chunk_202,FINAL-REVISED-NATIONAL-POLICY-ON-PWDs-2023.pdf,202,"The MFPED will specifically:  Ensure that there are disability quotas in all sector pl ans and budgets;  Generate sector -based disability disaggregated data;  Conduct budget analysis for disability responsiveness;  Build capacity of sectors for disability inclusive planning and budgeting;  Disseminate the National Disability Inclusive Planning Guidelines for Uganda;  Revise the schools capitation grant formula to factor in Inclusive education in funds allocated to mainstream schools;  Finance the construction of at least 2 secondary schools per region of Uganda and;  Support training of S NE teachers (for both primary and secondary schools) and Rehabilitation staff in accordance with the National Development Plan III and;  Working with the National Planning Authority, provide funding to implement CBR/ Social rehabilitation in accordance with the NDP III Ministry of Local Government (MoLG), Decentralised Local and  The delivery of policies and action plans will take place in local governments with the CDO (charged or responsible for Disability and elderly affairs) as the focal person and, 45 lower local Government Administration the Councils for Persons with Disabilities playing an oversight role. Local government will offer the primary structures for the implementation of the strategy.",187
FINAL-REVISED-NATIONAL-POLICY-ON-PWDs-2023.pdf_chunk_203,FINAL-REVISED-NATIONAL-POLICY-ON-PWDs-2023.pdf,203,"Local government will offer the primary structures for the implementation of the strategy. Ministry of Information Communication and Technology (MICT)  The Ministry will be responsible for designing and enforcing communication in alternative formats; develop disability ICT and communication strategy and ensure its implementation and lead in ICT innovations for inclusion of Persons with D isabilities among others. Development partners for example: UNICEF, WHO, FCDO/UKAID, EU, AUSAID, USAID  These will largely provide financial, material and technical resources for the implementation of the POLICY. In addition, the development partners will play a key monitoring role. Civil Society Organisations and Organisations of Persons with Disabilities ( OPDs)  These shall be operational partners to implement strategy.",112
FINAL-REVISED-NATIONAL-POLICY-ON-PWDs-2023.pdf_chunk_204,FINAL-REVISED-NATIONAL-POLICY-ON-PWDs-2023.pdf,204,"Civil Society Organisations and Organisations of Persons with Disabilities ( OPDs)  These shall be operational partners to implement strategy. They will also support government on policy related issues, research on disability an d suggesting workable actions for government and her partners  The OPDs will mainly support the implementation and advocacy components of the policy Government agencies (UNEB, DES, UCC, UHRC, NCC, NCPD, EOC)  Implement specific actions, Monitoring, Evaluati on and oversight in accordance with their establishing law(Training and research Institutions such as, Kyambogo University, COMBRA and CORSU  Enhance performance of stakeholders and actors in the fields relating to rehabilitation. The institutions will also undertake research on emergent issues in disability and try out the workable solutions therein. Community members, Religious and cultural leaders (including elders)  The community consists of key gatekeepers of social norms and practices.",136
FINAL-REVISED-NATIONAL-POLICY-ON-PWDs-2023.pdf_chunk_205,FINAL-REVISED-NATIONAL-POLICY-ON-PWDs-2023.pdf,205,"Community members, Religious and cultural leaders (including elders)  The community consists of key gatekeepers of social norms and practices. They will be the major implementers, advocates and monitors of the progress in respect of changing of norms and practices towards disability discrimination. Ministry of Internal Affairs/ Uganda Police, Ministry of Justice and Constitutional Affairs  The role of these ministries is to work in partnership with MGLSD to implement sector specific interventions; Office of the Prime Minister will provide overall oversight and coordination of sectors. These will take lead in ensuring protection of the rights of Persons with Disabilities. Private sector - led Institutions  These will lead in making services accessible to Persons with Disabilities.",114
FINAL-REVISED-NATIONAL-POLICY-ON-PWDs-2023.pdf_chunk_206,FINAL-REVISED-NATIONAL-POLICY-ON-PWDs-2023.pdf,206,"Private sector - led Institutions  These will lead in making services accessible to Persons with Disabilities. Specially, the Private sector led institutio ns will:  Subsidise services for Persons with Disabilities;  Enter into Public -Private Partnership (PPP) with government on the provision of scarce equipment and resources;  Have a disability responsive focal person for inclusive service delivery;  Give back f or the welfare of Persons with Disabilities as part of their Corporate Social Responsibility and;  Provides incentives for Persons with Disabilities to participate in their programmes Persons with Disabilities  These are directly responsible for all actions geared towards their welfare.",99
FINAL-REVISED-NATIONAL-POLICY-ON-PWDs-2023.pdf_chunk_207,FINAL-REVISED-NATIONAL-POLICY-ON-PWDs-2023.pdf,207,"Specially, the Private sector led institutio ns will:  Subsidise services for Persons with Disabilities;  Enter into Public -Private Partnership (PPP) with government on the provision of scarce equipment and resources;  Have a disability responsive focal person for inclusive service delivery;  Give back f or the welfare of Persons with Disabilities as part of their Corporate Social Responsibility and;  Provides incentives for Persons with Disabilities to participate in their programmes Persons with Disabilities  These are directly responsible for all actions geared towards their welfare. Persons with Disabilities will be consulted and make decisions on all actions to be undertaken (regardless of impairment and gender) 46 Parents of Persons with Disabilities  The parents will provide all the necessities of life but above all ensure that their Persons are not discriminated against and they continue participating in all programmes.",136
FINAL-REVISED-NATIONAL-POLICY-ON-PWDs-2023.pdf_chunk_208,FINAL-REVISED-NATIONAL-POLICY-ON-PWDs-2023.pdf,208,"Persons with Disabilities will be consulted and make decisions on all actions to be undertaken (regardless of impairment and gender) 46 Parents of Persons with Disabilities  The parents will provide all the necessities of life but above all ensure that their Persons are not discriminated against and they continue participating in all programmes. Parents will be encouraged to belong to Parents Support Groups (PSGs) for continued and sustained learning. In addition, they wil l provide: The Home- based Therapies, the physiological needs of the Persons with Disabilities and; ensure that Persons with Disabilities access all services and support due a child. Persons without Disabilities  Persons without disabilities will provide di rect support to Persons with Disabilities both in the community and at school.",123
FINAL-REVISED-NATIONAL-POLICY-ON-PWDs-2023.pdf_chunk_209,FINAL-REVISED-NATIONAL-POLICY-ON-PWDs-2023.pdf,209,"Persons without Disabilities  Persons without disabilities will provide di rect support to Persons with Disabilities both in the community and at school. They will be Child to child champions, provide both physiological and psychological support but above all be a champion of behavioural change in as far as disability is concerned. Councils for Persons with Disabilities  The councils will monitor and report on inclusion and take on other components of the policy as prescribed in the Persons with Disabilities Act Uganda Bureau of Statistics (UBOS)  Provide annual statistica l analysis with Disability, make disability -related projections and provide statistical data required for planning and implementation. 47 48 Revised National Policy on Persons with Disabilities 2023 Ministry of Gender Labour and Social Development P.O.",123
FINAL-REVISED-NATIONAL-POLICY-ON-PWDs-2023.pdf_chunk_210,FINAL-REVISED-NATIONAL-POLICY-ON-PWDs-2023.pdf,210,"47 48 Revised National Policy on Persons with Disabilities 2023 Ministry of Gender Labour and Social Development P.O. Box 7136 Kampala  Uganda Website :http//.mglsd.go.ug Email : psmglsd.go.ug February 2023 Published by : Ministry of Gender, Labour and Social Development Copyright : Ministry of Gender, Labour and Social Development ISBN :",50
Makerere-Safeguarding-Policy.pdf_chunk_0,Makerere-Safeguarding-Policy.pdf,0,MAKERERE UNIVERSITY SAFEGUARDING POLICY 2024 TABLE OF CONTENTS 0 DEFINITIONS AND INTERPRETATION OF TERMS 0 INTRODUCTION. ....scscssessesssessesessssesecesseseseusesecencenaceananesenseeseen sgn ng ggg test te Cg See oo 0 POLICY ISSUE/PROBLEM 0 RATIONALE FOR THE SAFEGUARDING POLICY ... 0 PURPOSE .ncccscsccsecsessssstsccsscsncneeneeneesescnsecnecnscnssnecsseneanesneesenseseeg gen tnt geese 200 gt 000000 eos 0 SCOPE AND APPLICATION OF THE POLICY 0 THE POLICY STATEMENTS/OBJECTIVES 0 GUIDING PRINCIPLES. ........:::ecceseeerieees 0 IMPLEMENTATION OF THE POLICY ......-. :ssescsesseseseestssesesserscnnennennn ence ttt eo 0 THE RELEVANT LAWS AND POLICIES 0 ROLES AND RESPONSIBILITIES ..........-. ::c:cerere trees eteret ttt: 0 THE CO-ORDINATION STRUCTURE 0 THE COMMUNICATION STRATEGY.......ce:se:scececesee terete ret eet ttt 0 POLICY REVIEW. ..cccsccsseseesssessesssesseesnseessecsscaneeesseneeannense cen geste tee ge eI EE 19 0 DEFINITIONS AND INTERPRETATION OF TERMS Abuse: Act or pattern of behaviour (often by someone in a position of power) that causes harm or injury to another person (usually in a less powerful position).,142
Makerere-Safeguarding-Policy.pdf_chunk_1,Makerere-Safeguarding-Policy.pdf,1,"..cccsccsseseesssessesssesseesnseessecsscaneeesseneeannense cen geste tee ge eI EE 19 0 DEFINITIONS AND INTERPRETATION OF TERMS Abuse: Act or pattern of behaviour (often by someone in a position of power) that causes harm or injury to another person (usually in a less powerful position). Associated Personnel: Individuals formally related to Makerere University in a paid or unpaid capacity who are not staff/employees including Board or Council members, volunteers, interns or apprentices and University visitors. Code of Conduct: Clear and concise guide of what is and what is not acceptable behaviour or conduct of Makerere University Staff, Students, Partners, Representatives or other associated personnel. Contractor: Any person or company that has entered into an agreement with Makerere University to provide goods or services. Prevention: Refers to the proactive actions, strategies and measures implemented to avoid or reduce the occurrence of undesirable events, injury, damage, harm or risks.",144
Makerere-Safeguarding-Policy.pdf_chunk_2,Makerere-Safeguarding-Policy.pdf,2,"Prevention: Refers to the proactive actions, strategies and measures implemented to avoid or reduce the occurrence of undesirable events, injury, damage, harm or risks. Response: Taking appropriate action when abuse or harm is suspected, or risk reported Risk: The possibility of harm, loss, injury, damage or negative impact that may arise from various factors or situations. Safeguarding: Is about protecting Children, Young people or adults who may be vulnerable to abuse and exploitation. Safeguarding in the context of Makerere University also refers more broadly to concerns about the safety and well-being of students, staff, partners and any individual that accesses Makerere University premises for a designated service or purpose. Staff: Individuals formally employed by Makerere University or any of is Structures either as academic, administrative, support staff or project staff. This may be on permanent, contract or part-time basis, as well as staff on exchange programmes. .",147
Makerere-Safeguarding-Policy.pdf_chunk_3,Makerere-Safeguarding-Policy.pdf,3,". Student: All individuals enrolled on different Academic Programmes of the University including, Students on exchange programmes. Partner: Any external individual, institution, company or other entity that has a formal relationship with Makerere University. . Survivor: A person who has been abused or exploited. Preference for this term survivor instead of victim is due to the need to recognise the strength and resilience of those who have lived through abuse and exploitation; acknowledging that those who have lived through abuse have a right to define how they wish to identify. . Survivor-Centred Approach: This is a support approach that places the Survivors experiences, considerations, needs, and resiliencies at the centre of the process. A survivor-centred approach reinforces that it is the survivor who should generally decide what action(, if any, to take after an incident of violence or abuse. .",140
Makerere-Safeguarding-Policy.pdf_chunk_4,Makerere-Safeguarding-Policy.pdf,4,". Trauma-Informed Approach: An Approach that is centred at providing support and services that recognize the widespread impact of trauma on individuals and seeks to create an environment that promotes safety, trust healing and wellbeing. University Community: This refers to all students, staff, alumni, contractors, partners and visitors who are living and or working in any University space. . Sexual Harassment: Shall include the definition of the term in the Makerere University Policy and Regulations against Sexual Harrasment (2006 as amended) 3 and also include any unwelcome sexual advance, request for sexual favour, verbal or physical conduct or gesture of a sexual nature, or any other behaviour of a sexual nature that might reasonably be expected or be perceived to cause offence or humiliation to another. Sexual harassment may occur when it interferes with work, is made a condition of employment or creates an intimidating, hostile or offensive environment.",149
Makerere-Safeguarding-Policy.pdf_chunk_5,Makerere-Safeguarding-Policy.pdf,5,"Sexual harassment may occur when it interferes with work, is made a condition of employment or creates an intimidating, hostile or offensive environment. It can include a one-off incident or a series of incidents. Sexual harassment may be deliberate, unsolicited and coercive. Both male and female colleagues can either be the victim or offender. Sexual harassment may also occur outside the workplace and/or outside working hours. Sexual Harassment does not necessarily imply a sexual act. If there is a sexual act, it might be considered sexual assault.",87
Makerere-Safeguarding-Policy.pdf_chunk_6,Makerere-Safeguarding-Policy.pdf,6,"If there is a sexual act, it might be considered sexual assault. Sexual Exploitation: Any actual or threatened abuse of a position of vulnerability, differential power, or trust for sexual purposes including, but not limited to, profiting monetarily, socially or politically from the sexual exploitation of another, Sexual exploitation is a broad term, which includes a number of acts described, including transactional sex, solicitation of transactional sex and exploitative relationship Can take the form of: Gaining the trust of a child or vulnerable adult in order to sexually abuse, exploit or traffic them committed online or in person for this purpose (sexual grooming). . Sexual Abuse: The actual or threatened physical intrusion of a sexual nature, whether by force or under unequal or coercive conditions. All sexual activity with a minor is considered sexual abuse.",135
Makerere-Safeguarding-Policy.pdf_chunk_7,Makerere-Safeguarding-Policy.pdf,7,"All sexual activity with a minor is considered sexual abuse. Sexual abuse is a broad term, which includes a number of acts described below, including rape, sexual assault (attempted rape, kissing, touching, forcing someone to perform oral sex / touching), and sexual activity with a minor. Can take the form of: Being touched in a way that is inappropriate; Being forced to look at sexual pictures or videos; Being forced to watch someone do something sexual; Being forced to make sexually explicit pictures or videos; Sharing sexually explicit pictures or videos of children or vulnerable adults; Made to do something sexual to someone that may make them feel uncomfortable or wrong. Signs and symptoms may include Bruises around the breasts or genital area; Unexplained vaginal or anal bleeding; torn, stained or bloody underclothing.",133
Makerere-Safeguarding-Policy.pdf_chunk_8,Makerere-Safeguarding-Policy.pdf,8,"Signs and symptoms may include Bruises around the breasts or genital area; Unexplained vaginal or anal bleeding; torn, stained or bloody underclothing. Material loss and or Theft of personal property: Loss of personal belongings, assets, or resources that may result from various forms of abuse, neglect, or exploitation. Emotional harm and or risk: The potential or actual damage, distress, or negative impact on an individuals emotional well-being and psychological state. Can be caused by: Restriction of movement, belittling, denigrating, threatening, scaring. Signs and symptoms may include Psychological Distress; Erosion of Self-esteem; Emotional upset or agitation; Being extremely withdrawn, non-communicative or non-responsive; Unusual behaviour usually attributed to dementia; nervousness around certain people. Physical harm and or risk: The potential or actual damage, injury, or threats to an individuals physical well-being, safety, or health.",132
Makerere-Safeguarding-Policy.pdf_chunk_9,Makerere-Safeguarding-Policy.pdf,9,"Physical harm and or risk: The potential or actual damage, injury, or threats to an individuals physical well-being, safety, or health. Can take the form of: Smacking, Caning, Corporal punishment, Hitting, Shaking, Poisoning, Burning, Drowning, Suffocating, deliberately making someone Signs and symptoms may include Injuries, burns or Bruises, black eyes, welts, lacerations, rope marks; Broken/fractured limbs/bones; Open wounds, cuts, punctures, untreated injuries in various stages of healing; Laboratory findings of either an overdose or underdose medications; sudden change in behavior; Caregivers refusal to see a vulnerable adult alone. Discrimination: Treating individuals unfairly or unjustly based on certain characteristics or attributes, such as their race, ethnicity, gender, age, disability, religion. Can take the form of: Differential Treatment, Hate Speech or Slurs, Exclusion or Segregation. Neglect: Failure to provide essential care, support, or protection to individuals, especially those who are vulnerable.",139
Makerere-Safeguarding-Policy.pdf_chunk_10,Makerere-Safeguarding-Policy.pdf,10,"Neglect: Failure to provide essential care, support, or protection to individuals, especially those who are vulnerable. Can take the form of deliberately not providing care or attention, failing to provide support and supervision. Signs and symptoms may include Unmet Basic Needs, Failure to Thrive; Dehydration; Malnutrition; Untreated bed sores and poor personal hygiene; Unattended or untreated health problems; Hazardous or unsafe living condition; Unsanitary and unclean living conditions; an individuals report of being mistreated. Financial exploitation: Unethical or illegal act of taking advantage of someone financially for personal gain. Substance abuse: Misuse or excessive consumption of substances such as alcohol, drugs, or other addictive substances that can result in physical, mental, or social harm to individuals and potentially compromise their safety, well-being, and overall quality of life.",127
Makerere-Safeguarding-Policy.pdf_chunk_11,Makerere-Safeguarding-Policy.pdf,11,"Substance abuse: Misuse or excessive consumption of substances such as alcohol, drugs, or other addictive substances that can result in physical, mental, or social harm to individuals and potentially compromise their safety, well-being, and overall quality of life. Unfair and illegitimate response to civic engagement: Actions or reactions by institutions or individuals that fail to recognize, respect, or address the concerns and rights of activists, resorting to hostility or retaliation, lack support or engagement, attempt to silence or censor activists, and avoid accountability. Cyber security threats: A range of potential risks and attacks in the digital realm that have the potential to compromise the safety, security, and privacy of individuals, organizations, or systems. Harassment: Unwanted physical, verbal, or non-verbal conduct that has the purpose or indirect effect of violating a persons dignity; creating an intimidating hostile, degrading, humiliating or offensive environment for them; a single incident can amount to harassment.",150
Makerere-Safeguarding-Policy.pdf_chunk_12,Makerere-Safeguarding-Policy.pdf,12,"Harassment: Unwanted physical, verbal, or non-verbal conduct that has the purpose or indirect effect of violating a persons dignity; creating an intimidating hostile, degrading, humiliating or offensive environment for them; a single incident can amount to harassment. Bullying: Can take the form of physical, verbal and non-verbal conduct, physical or psychological threats, overbearing and intimidating levels of supervision, inappropriate derogatory remarks about someones performance (Legitimate, reasonable and constructive feedback of a student or employees performance or behavior or reasonable instructions given to the student or employee during their study or employment, will not amount to bullying on their own). Harm: Psychological, emotional, physical and any other infringement of an individuals human rights. Safety: The state of being protected from danger or harm/risk 0 INTRODUCTION Safeguarding is an important aspect in todays organisational landscape and management in the quest for ensuring safety of employees, customers, programme participants and partners.",148
Makerere-Safeguarding-Policy.pdf_chunk_13,Makerere-Safeguarding-Policy.pdf,13,"Safety: The state of being protected from danger or harm/risk 0 INTRODUCTION Safeguarding is an important aspect in todays organisational landscape and management in the quest for ensuring safety of employees, customers, programme participants and partners. In this era of heightened awareness and scrutiny surrounding safeguarding practices, institutions of higher learning are increasingly rated by not only their academic excellence but also on their commitment to creating a safe and supportive environment for all members of their community. Moreso, safeguarding has become a requirement for international recognition and accreditation of Public Institutions to foster high level competitiveness. Universities are institutions where safeguarding is critical mainly because of the moral and sometimes legal obligations to ensure the safety of students, staff, partners and the University Community at large.",127
Makerere-Safeguarding-Policy.pdf_chunk_14,Makerere-Safeguarding-Policy.pdf,14,"Universities are institutions where safeguarding is critical mainly because of the moral and sometimes legal obligations to ensure the safety of students, staff, partners and the University Community at large. The potential safeguarding risks in Institutions of higher learning include emotional distress, Sexual Exploitation, Abuse and Harassment (SEAH); material loss, financial exploitation, discrimination and neglect, unfair and illegitimate response to civic engagements, cyber security/threats, psychological and emotional harm substance abuse and physical assault. Discrimination and neglect are often high risks for students with disabilities and international students. Makerere University has a duty of care and to promote the wellbeing of all students, staff and other University community stakeholders. It seeks to enhance the learning environment to make it more secure, inclusive, and ethically sound for all stakeholders.",127
Makerere-Safeguarding-Policy.pdf_chunk_15,Makerere-Safeguarding-Policy.pdf,15,"It seeks to enhance the learning environment to make it more secure, inclusive, and ethically sound for all stakeholders. This policy lays out the Universitys framework for embedding viable safeguarding measures into its ethos and all institutional activities and processes to: Identify, detect, and act swiftly on safeguarding risks; prevent the occurrence of harm; provide mechanisms for reporting all allegations or incidents that have occurred; respond appropriately to all reported incidences; and, continuously monitor, evaluate and learn from practices and experiences of managing safeguarding concerns. Makerere University has, overtime, developed and implemented policies to ensure the safety and wellbeing of students and staff in response to emerging concerns. While some of the policies are case-specific (such as anti-sexual harassment, disability inclusion, gender equity, data security), there are also more general policies/regulations encompassing different aspects of safeguarding for example The Human Resource Manual and Student Regulations.",145
Makerere-Safeguarding-Policy.pdf_chunk_16,Makerere-Safeguarding-Policy.pdf,16,"While some of the policies are case-specific (such as anti-sexual harassment, disability inclusion, gender equity, data security), there are also more general policies/regulations encompassing different aspects of safeguarding for example The Human Resource Manual and Student Regulations. In addition, the University established support units including the Gender Mainstreaming Directorate, the Counselling and Guidance Centre, Directorate of Legal Affairs, the Disability Support Unit, the Makerere University International Office, the University hospital and the University security service including the police station. However, it has been observed that internationally recognised contemporary principles and practices for safeguarding are not adequately integrated in the current University mechanisms to address all safeguarding concerns comprehensively. More so, the reporting and management of various safeguarding concerns is not well co-ordinated, and this has affected the quality of safeguarding at Makerere University.",133
Makerere-Safeguarding-Policy.pdf_chunk_17,Makerere-Safeguarding-Policy.pdf,17,"More so, the reporting and management of various safeguarding concerns is not well co-ordinated, and this has affected the quality of safeguarding at Makerere University. The University has continued to register 6 safeguarding concerns which not only undermines the safety and well-being of students, staff, and partners but also damages the institutions brand and reputation. 0 POLICY ISSUE/PROBLEM While the University has developed and is implementing several policies and regulations aimed at addressing specific safeguarding concerns, it is evident that these policies are not comprehensive enough to address some of the emerging forms of harms, risks and some elements of safety and protection within the University environment. li)  Makerere University lacks an overarching framework to coordinate the implementation of the different policies and practices aimed at addressing various safeguarding concerns.",130
Makerere-Safeguarding-Policy.pdf_chunk_18,Makerere-Safeguarding-Policy.pdf,18,"li)  Makerere University lacks an overarching framework to coordinate the implementation of the different policies and practices aimed at addressing various safeguarding concerns. This leads to inconsistency and inefficiency in the effectiveness of addressing the different safeguarding concerns within the University environment hence exacerbating existing vulnerabilities and inequalities. 0 RATIONALE FOR THE SAFEGUARDING POLICY The development of this Safeguarding Policy is driven by the moral and legal obligation that the University has of safeguarding students, staff, and its stakeholders. The University has a moral imperative to ensure that students, staff and other stakeholders are safe, and treated with dignity and respect regardless of their role or status. There are National Policies and Laws that require Organisations such as the University to ensure that there is a comprehensive mechanism to address safeguarding concerns.",132
Makerere-Safeguarding-Policy.pdf_chunk_19,Makerere-Safeguarding-Policy.pdf,19,"There are National Policies and Laws that require Organisations such as the University to ensure that there is a comprehensive mechanism to address safeguarding concerns. Chapter 4 of the 1995 Constitution of the Republic of Uganda (as amended) provides for protection and promotion of fundamental and other human rights and freedoms. A safeguarding Policy in a University such as Makerere University is critical in ensuring that these rights and freedoms are promoted, protected and respected. Section 37  of The University and Other Tertiary Institutions Act, 2001 provides for the position of Dean of Students who is responsible for the welfare of the students. Section 41(of the above Act provides for the powers of the University Council to interlia include, providing for the welfare and discipline of students.",127
Makerere-Safeguarding-Policy.pdf_chunk_20,Makerere-Safeguarding-Policy.pdf,20,"Section 41(of the above Act provides for the powers of the University Council to interlia include, providing for the welfare and discipline of students. Further Section 68  of the same Act provides that each Public University may have an Academic Staff Association, Administrative Staff Association and Supporting Staff Association. Section 93 provides for Academic Staff Associations for Tertiary Institutions whose objective is to promote academic and welfare interests of academic staff. These provisions also demonstrate that welfare of students and Staff is recognised as paramount in The University and Other Tertiary Institutions Act, There are several policies in the University addressing specific safeguarding concerns without a framework that can foster coordination and ensure multi-actor approach in identifying, preventing, reporting and managing incidences. Moreover, the current support units/structures to a great extent work in silos, making it difficult for the University community to have a comprehensive appreciation of the safeguarding ecosystem.",150
Makerere-Safeguarding-Policy.pdf_chunk_21,Makerere-Safeguarding-Policy.pdf,21,"Moreover, the current support units/structures to a great extent work in silos, making it difficult for the University community to have a comprehensive appreciation of the safeguarding ecosystem. This Policy is therefore necessary for coordinating the implementation of the various policies and practices addressing safeguarding concerns by various responsible actors in the University. The policy will promote consistency, effective coordination, collaboration and alignment of efforts across units and individuals in the safeguarding ecosystem to harness existing synergies in order to achieve quality safeguarding against current and emerging risks/harms. Organisations that prioritise safeguarding are likely to generate more public trust as stakeholders feel safe and secure. These Organisations tend to  have a competitive brand as productivity increases, the overall well-being of staff also improves, and the relations between participants and partners also improve because of the safe environment.",137
Makerere-Safeguarding-Policy.pdf_chunk_22,Makerere-Safeguarding-Policy.pdf,22,"These Organisations tend to  have a competitive brand as productivity increases, the overall well-being of staff also improves, and the relations between participants and partners also improve because of the safe environment. 0 PURPOSE To support the implementation of policies related to safeguarding in a multi-actor approach that is characterized by effective coordination. ii) To support safeguarding of students, staff and other stakeholders against emerging risks/harms that are currently not addressed by existing policies.",74
Makerere-Safeguarding-Policy.pdf_chunk_23,Makerere-Safeguarding-Policy.pdf,23,"ii) To support safeguarding of students, staff and other stakeholders against emerging risks/harms that are currently not addressed by existing policies. iii)  To ensure that students, staff and other stakeholders live free from fear of all forms of harm in all university spaces iv) To empower students, staff, and other stakeholders to recognize and respond appropriately to safeguarding concerns in the quest for promoting a sense of agency and accountability To provide strategic guidance that can foster dynamic and responsive approach to addressing safeguarding concerns 0SCOPE AND APPLICATION OF THE POLICY This policy applies to all members of University Staff, University Council members, students across all programmes of study in the University as well as partners and contractors who participate in Makerere University programmes and activities both on- and off-campus settings.",131
Makerere-Safeguarding-Policy.pdf_chunk_24,Makerere-Safeguarding-Policy.pdf,24,"iii)  To ensure that students, staff and other stakeholders live free from fear of all forms of harm in all university spaces iv) To empower students, staff, and other stakeholders to recognize and respond appropriately to safeguarding concerns in the quest for promoting a sense of agency and accountability To provide strategic guidance that can foster dynamic and responsive approach to addressing safeguarding concerns 0SCOPE AND APPLICATION OF THE POLICY This policy applies to all members of University Staff, University Council members, students across all programmes of study in the University as well as partners and contractors who participate in Makerere University programmes and activities both on- and off-campus settings. ii, The policy applies to Makerere University and all its affiliated branches (including Jinja Branch) and any other campuses that may be established during the implementation of this policy.",139
Makerere-Safeguarding-Policy.pdf_chunk_25,Makerere-Safeguarding-Policy.pdf,25,"ii, The policy applies to Makerere University and all its affiliated branches (including Jinja Branch) and any other campuses that may be established during the implementation of this policy. It does not apply to campuses which are separate legal entities that have responsibility for their own internal safeguarding policies and procedures. The Policy applies to all contractors and service providers at Makerere University including accredited hostels, stationary facilities and food centres. The policy will apply to all spaces where teaching, learning, research, community engagement programmes and other activities of Makerere University students and staff occur. The policy will apply to all Halls of residence for Students and Accommodation spaces that are property of Makerere University for Staff.",117
Makerere-Safeguarding-Policy.pdf_chunk_26,Makerere-Safeguarding-Policy.pdf,26,"The policy will apply to all Halls of residence for Students and Accommodation spaces that are property of Makerere University for Staff. The Policy applies to all administrative and support units in Makerere University 8 Ecosystem The persons to whom this Policy applies are described collectively in the rest of the policies as Members of the Makerere University Community. This policy covers safeguarding concerns/risks/harms including but not limited to; Sexual Harassment, Exploitation and Abuse; Material loss and or Theft of personal property; Emotional harm and or risk; Physical harm and or risk; Discrimination; Neglect; Financial exploitation; Substance abuse; unfair and illegitimate response to civic engagements; Cybersecurity threats; and Attempt by students to offer Money for Academic favours. A detailed interpretation of the different forms of risk and or harm is presented under definitions and interpretation of terms.",137
Makerere-Safeguarding-Policy.pdf_chunk_27,Makerere-Safeguarding-Policy.pdf,27,A detailed interpretation of the different forms of risk and or harm is presented under definitions and interpretation of terms. 0 THE POLICY STATEMENTS/OBJECTIVES Policy Statement 1: Enhance Co-ordination in the Safeguarding Ecosystem at Makerere University Safeguarding at Makerere University involves the engagement of several stakeholders and a few semi-autonomous decision-making units that are currently operating without a framework that can foster coordination and collaboration. These circumstances have stifled harnessing of existing synergies and strengths among these stakeholders and designated units in the safeguarding ecosystem. Makerere University will therefore enhance coordination of all stakeholders and any designated units in the safeguarding ecosystem through the following strategies.,106
Makerere-Safeguarding-Policy.pdf_chunk_28,Makerere-Safeguarding-Policy.pdf,28,"Makerere University will therefore enhance coordination of all stakeholders and any designated units in the safeguarding ecosystem through the following strategies. Create and continuously update the safeguarding risk register for Makerere University ii) Create, continuously update and monitor the register for safeguarding harms reported by different stakeholders to the existing mandated units (for example Gender Mainstreaming Directorate (GMD), Center for Guidance and Counselling, the Uganda Police) and other points of contact mentioned in this policy iii) Prepare monthly safeguarding performance reports to be considered by University Administration. iv) Standardize protocols and procedures for recording safeguarding risks and managing reported safeguarding concerns. Develop systems and processes for multi-unit data and lesson-sharing. vi) Ensure periodic strategic meetings for Support Units to enhance co-ordination and promote good working relationships in the safeguarding ecosystem.",130
Makerere-Safeguarding-Policy.pdf_chunk_29,Makerere-Safeguarding-Policy.pdf,29,"vi) Ensure periodic strategic meetings for Support Units to enhance co-ordination and promote good working relationships in the safeguarding ecosystem. Policy Statement 2: Empower the Students and Staff in regard to their Rights and Responsibilities Makerere University will be intentional in empowering the students and staff in regard to their rights and responsibilities so as to ensure their safeguarding through the following strategies:  Awareness sessions for students, staff and other stakeholders on the different forms of 9 risks and harm. ii)  Awareness sessions for students and staff about identification and prevention of different forms of risks and or harm to promote personal safety and safety for others. iii)  Awareness sessions about the provisions of this policy and all other related policies on safeguarding. iv) Publicize the University commitments to Safeguarding and the points of contact and support for any identified risk and or experienced harm.",145
Makerere-Safeguarding-Policy.pdf_chunk_30,Makerere-Safeguarding-Policy.pdf,30,"iv) Publicize the University commitments to Safeguarding and the points of contact and support for any identified risk and or experienced harm. Policy Statement 3: Strengthen systems to identify safeguarding risks at Makerere University The University will strengthen systems to identify safeguarding risks within its operational environment through the following strategies; Regular Safeguarding Risk Mapping and situation analysis. ii)  Establish a risk management framework and risk management register. iii)  Establish a reliable and accessible risk reporting system. The University will be intentional in establishing and strengthening mechanisms of preventing the occurrence of harms. The following strategies will be applied to establish and strengthen mechanisms of preventing the occurrence of risks/harms;  Enhance awareness among students, staff, and other stakeholders of their roles and responsibilities in relation to Safeguarding. ii) Improve infrastructure (physical and cyber-related) that is critical for the prevention of the occurrence of risks and or harms.",147
Makerere-Safeguarding-Policy.pdf_chunk_31,Makerere-Safeguarding-Policy.pdf,31,"ii) Improve infrastructure (physical and cyber-related) that is critical for the prevention of the occurrence of risks and or harms. iii)  Promote and ensure safety of all residences of students on campus and privately owned accredited hostels affiliated to the University. iv) Promote and ensure safety of all teaching, learning and research sites on and off- campus. Develop codes of conduct and practice to deter occurrence of harm and or risks. vi) Conduct independent audit of practices and investigations on safeguarding to detect new risks and or harms. Policy Statement 5: Establish procedures for reporting and managing safeguarding concerns Reporting and addressing safeguarding concerns effectively is important in minimising re- occurrence. The University will ensure that the following strategies are implemented to facilitate reporting and managing safeguarding concerns; Provide inclusive and accessible reporting mechanisms (digital and conventional) for safeguarding concerns.",140
Makerere-Safeguarding-Policy.pdf_chunk_32,Makerere-Safeguarding-Policy.pdf,32,"The University will ensure that the following strategies are implemented to facilitate reporting and managing safeguarding concerns; Provide inclusive and accessible reporting mechanisms (digital and conventional) for safeguarding concerns. ii) Develop a guide to ensure appropriate, timely and effective management of safeguarding concerns. iii)  Ensure Survivor-centered approaches while addressing all safeguarding concerns iv) Ensure protection of the survivor during the incident management process. Popularize use of existing reporting infrastructure such as MakSafeSpace and any other 10 that may be developed during the implementation of this policy. vi) Institute mechanisms to ensure all units responsible for different safeguarding concerns are implementing existing safeguarding frameworks. vii) Develop frameworks to report and manage emerging safeguarding concerns that are not addressed in existing frameworks. Policy Statement 6: Review and amend existing policies, regulations and guidelines to strengthen safeguarding Review and strengthen existing frameworks for management of emerging safeguarding concerns.",145
Makerere-Safeguarding-Policy.pdf_chunk_33,Makerere-Safeguarding-Policy.pdf,33,"Policy Statement 6: Review and amend existing policies, regulations and guidelines to strengthen safeguarding Review and strengthen existing frameworks for management of emerging safeguarding concerns. Review the general code of conduct of Staff in the Human Resources Manual, 2009 (as amended) to include all aspects of conduct that are relevant to safeguarding. Amend the Makerere University Students-Regulations, 2015 to include emerging safeguarding abuses and harms on the list of non-permissible conduct of students. Amend the Procurement  Disposal of Public Assets Manual for supplies, works and services 2014, to include safeguarding as one of the basic principles governing this process and Monitoring and Control of Contract Performance. Policy Statement 7: Provision of support services to individuals that have experienced harm and or risk Providing psycho-social and mental wellness support to individuals that have experienced different forms of harm/risk is crucial for relieving distress to support the recovery process.",147
Makerere-Safeguarding-Policy.pdf_chunk_34,Makerere-Safeguarding-Policy.pdf,34,Policy Statement 7: Provision of support services to individuals that have experienced harm and or risk Providing psycho-social and mental wellness support to individuals that have experienced different forms of harm/risk is crucial for relieving distress to support the recovery process. The University will ensure that the following strategies are implemented to provide support to individuals that have experienced different forms of harm and or risk;  Enhance the current support systems for survivors of abuse and or harm ii)  Strengthen referral pathways for survivors of abuse and or harm to ensure timely access to medical and psychosocial services. iii)  Regularly review and improve the quality of support services rendered to individuals that have experienced harm and or risk Policy Statement 8: Establish mechanisms of building capacity and supporting Incident Management Teams Safeguarding concerns are dynamic and vary in space and time.,141
Makerere-Safeguarding-Policy.pdf_chunk_35,Makerere-Safeguarding-Policy.pdf,35,"iii)  Regularly review and improve the quality of support services rendered to individuals that have experienced harm and or risk Policy Statement 8: Establish mechanisms of building capacity and supporting Incident Management Teams Safeguarding concerns are dynamic and vary in space and time. This requires continuous capacity building for the teams involved in addressing and managing these concerns. Additionally, incident management may have a toll on the mental health and wellbeing of the teams addressing and managing such incidents. If these concerns are not addressed, it can result into vicarious trauma. The following strategies will be applied to build capacity and support Incident Management Teams; Develop capacity building plans for the safeguarding Teams and Safeguarding Champions. ii)  Develop mechanisms for supporting and incentivizing teams involved in addressing and managing safeguarding concerns. iii)  Establish mechanisms for mental health and wellbeing of teams involved in addressing 11 and managing safeguarding concerns.",149
Makerere-Safeguarding-Policy.pdf_chunk_36,Makerere-Safeguarding-Policy.pdf,36,"iii)  Establish mechanisms for mental health and wellbeing of teams involved in addressing 11 and managing safeguarding concerns. Policy Statement 9: Promote adaptive management in addressing safeguarding concerns Safeguarding concerns are complex problems that require adaptive learning due to variations in the context in which they occur. In order to prevent re-occurrence of safeguarding risks and or harms, adaptive management based on lessons learned in the process of addressing safeguarding concerns is crucial. The following strategies will be applied to promote adaptive management in addressing safeguarding concerns; Develop a data and knowledge management system on safeguarding concerns. ii)  Conduct regular safeguarding assessments, compliance checks, audits, reviews and evaluations to inform learning and timely changes. iii) Ensure periodic strategic meetings for Support Units to enhance co-ordination and promote good working relationships in the safeguarding ecosystem.",134
Makerere-Safeguarding-Policy.pdf_chunk_37,Makerere-Safeguarding-Policy.pdf,37,"iii) Ensure periodic strategic meetings for Support Units to enhance co-ordination and promote good working relationships in the safeguarding ecosystem. iv) Routine Communication by the University Administration that is emphatic on Safeguarding Integrate Safeguarding in the implementation of all University operations and activities. 0 GUIDING PRINCIPLES Makerere University is committed to upholding the guiding principles in all its actions to mitigate and address all safeguarding risks. The University will implement this Policy according to the mutually reinforcing and cross-cutting safeguarding principles described below: Accountability and Transparency: All stakeholders affected by this Policy shall appraise themselves of their respective roles and responsibilities in addressing safeguarding concerns and will be held responsible for their action or inactions. Subject to the terms and conditions of this Policy, all actions in the implementation of this Policy shall be conducted in such a transparent manner.",140
Makerere-Safeguarding-Policy.pdf_chunk_38,Makerere-Safeguarding-Policy.pdf,38,"Subject to the terms and conditions of this Policy, all actions in the implementation of this Policy shall be conducted in such a transparent manner. Confidentiality: Each safeguarding incident will be handled discretely, and information will be disclosed on a need-to-know basis to protect the privacy and dignity of all Parties involved. Collaborations and Partnerships: Makerere University will promote collaboration and partnerships in its pursuit of enhancing safeguarding of students, staff, partners and other stakeholders. The university will leverage resources and expertise to better protect the well- being of its community. Duty of care: Makerere University has duty of care for its students and staff.",105
Makerere-Safeguarding-Policy.pdf_chunk_39,Makerere-Safeguarding-Policy.pdf,39,"Duty of care: Makerere University has duty of care for its students and staff. Ethics: Makerere university will ensure that the implementation processes of this Policy adhere to ethical considerations 12 Empowerment: Subject to the Laws and Regulations that govern Makerere University, all staff, students and partners shall enjoy their rights and shall be involved in processes leading to decisions that may affect them as maybe applicable. Equity: All decisions made in the implementation of this Policy shall be based on equity and justice. Fairness: All students, staff, partners and other stakeholders will be treated equally irrespective of their backgrounds and status in relation to safeguarding concerns. Decisions will be made based on merit and without discrimination and those accused of engaging in safeguarding risks and or harms will have a right to be heard.",135
Makerere-Safeguarding-Policy.pdf_chunk_40,Makerere-Safeguarding-Policy.pdf,40,"Decisions will be made based on merit and without discrimination and those accused of engaging in safeguarding risks and or harms will have a right to be heard. Independence: Makerere university will ensure that all decisions and actions taken in the implementation of this policy are free from undue influence or bias. Decisions and actions must be conducted based on professionalism and technical competence. Inclusion: Amplifying the voices of marginalized categories of people and ensuring that their concerns are integrated in decision-making will be emphasised in the implementation of this policy. Objectivity: The University will ensure that safeguarding decisions are made based on impartial assessment of facts, without bias or personal judgment influencing the outcome. Professionalism: Makerere University will uphold the importance of conducting safeguarding activities with integrity, honesty, competence and respect for all individuals involved.",136
Makerere-Safeguarding-Policy.pdf_chunk_41,Makerere-Safeguarding-Policy.pdf,41,"Professionalism: Makerere University will uphold the importance of conducting safeguarding activities with integrity, honesty, competence and respect for all individuals involved. Participation: There will be active involvement of all categories of people in the implementation of this policy. Proactiveness: Makerere University commits to creating a work environment that minimizes safeguarding risks to its members. All students, staff and partners shall be obligated to prevent occurrence of safeguarding risks and or harms. Presumption of Innocence: All persons accused of safeguarding concerns will be treated as innocent until proven guilty through a fair and transparent process. Proportionality: Makerere University shall ensure that all actions in the implementation of this policy are adequate, necessary, fair, just, context-appropriate and ideally unintrusive. They shall be proportional to the nature and seriousness of the concern. Responsiveness: The University diligently and in a timely manner handle all safeguarding concerns once they are reported.",146
Makerere-Safeguarding-Policy.pdf_chunk_42,Makerere-Safeguarding-Policy.pdf,42,"Responsiveness: The University diligently and in a timely manner handle all safeguarding concerns once they are reported. All reported concerns shall be treated with confidentiality, urgency and thoroughness. Additionally, all decisions made on safeguarding will be documented and lessons learned recorded to strengthen safeguarding. 0 IMPLEMENTATION OF THE POLICY The general implementation of this Policy shall be guided by an implementation plan that is to be provided as an Annex to this Policy. Specifically, this Policy shall be implemented in 13 consonance with the laws of Uganda and other University policies, regulations and any other relevant framework. The regulatory provisions in the existing Institutional policies and regulations shall be applied in the implementation of aspects of this policy that require sanctions/penalties.",121
Makerere-Safeguarding-Policy.pdf_chunk_43,Makerere-Safeguarding-Policy.pdf,43,"The regulatory provisions in the existing Institutional policies and regulations shall be applied in the implementation of aspects of this policy that require sanctions/penalties. 0 THE RELEVANT LAWS AND POLICIES At the global level, there are key international safeguarding standards and principles which can be adopted and applied globally regardless of where the place of work. These principles should underpin standards of behaviour and they include the following: Inter-agency Standing Committee Six (IASC6) Core Principles of PSEA and Minimum Operating Standards Inter-Agency Standing Committee Minimum Operating Standards: Protection from Sexual Exploitation and Abuse by Own Personnel (MOS-PSEA)  The Core Humanitarian Standards on Quality and Accountability.",105
Makerere-Safeguarding-Policy.pdf_chunk_44,Makerere-Safeguarding-Policy.pdf,44,"These principles should underpin standards of behaviour and they include the following: Inter-agency Standing Committee Six (IASC6) Core Principles of PSEA and Minimum Operating Standards Inter-Agency Standing Committee Minimum Operating Standards: Protection from Sexual Exploitation and Abuse by Own Personnel (MOS-PSEA)  The Core Humanitarian Standards on Quality and Accountability. The International Child Safeguarding Standards by Keeping Children Safe Development Assistance Committee Recommendation on Ending SEAH in Development Co-operation and Humanitarian Assistance: Key Pillars of Prevention and Response Foreign and Commonwealth Development Office (FCDO) Enhanced Due Diligence Standards United Nations Secretary-Generals Bulletin on Preventing Sexual Abuse and Exploitation  Accountability to Affected Populations At the national level, the Government of Uganda has formulated several policies and laws on safeguarding persons at risk, which apply to Makerere University including the following: The Constitution of the Republic of Uganda, 1995 as amended University and Other Tertiary Institutions Act, 2001 (as amended in 2003, as amended 2006)  Persons with Disabilities Act, 2020 Mental Health Act, 2019 Education Act, 2008 The Employment Act, The children Act, 2003  The Occupational Safety and Health Act, 2006 The Domestic Violence Act,  The Penal Code Act as amended in  The Whistle Blowers Protection Act,  Code of Conduct and Ethics for Uganda Public Service,  The Uganda Public Service Standing Orders 2021 The National Ethical Values Policy, At the institutional level, the University has formulated policies which are relevant to safeguarding staff and students including the following: 14 The Policy and Regulations against Sexual Harassment (As Amended), December  The Gender Equality Policy, December 2021  The Policy on Student Accommodation, August 2021 The Human Resources Manual (As amended), December 2022 Makerere University Risk Management Policy, February 2022 Makerere University Policy on Persons with Disabilities, May 2022  Policy on Web Content Publishing, 2009  The Data Security Policy, 2009 The Makerere University Students Guild Constitution as amended in 2022/23  The Makerere University Learning and Teaching Policy, 2023 Guidelines for Field Attachment, 2012  The Makerere University Students Regulations 2015 0 ROLES AND RESPONSIBILITIES Makerere University recognises that Safeguarding is everyones responsibility.",335
Makerere-Safeguarding-Policy.pdf_chunk_45,Makerere-Safeguarding-Policy.pdf,45,"The International Child Safeguarding Standards by Keeping Children Safe Development Assistance Committee Recommendation on Ending SEAH in Development Co-operation and Humanitarian Assistance: Key Pillars of Prevention and Response Foreign and Commonwealth Development Office (FCDO) Enhanced Due Diligence Standards United Nations Secretary-Generals Bulletin on Preventing Sexual Abuse and Exploitation  Accountability to Affected Populations At the national level, the Government of Uganda has formulated several policies and laws on safeguarding persons at risk, which apply to Makerere University including the following: The Constitution of the Republic of Uganda, 1995 as amended University and Other Tertiary Institutions Act, 2001 (as amended in 2003, as amended 2006)  Persons with Disabilities Act, 2020 Mental Health Act, 2019 Education Act, 2008 The Employment Act, The children Act, 2003  The Occupational Safety and Health Act, 2006 The Domestic Violence Act,  The Penal Code Act as amended in  The Whistle Blowers Protection Act,  Code of Conduct and Ethics for Uganda Public Service,  The Uganda Public Service Standing Orders 2021 The National Ethical Values Policy, At the institutional level, the University has formulated policies which are relevant to safeguarding staff and students including the following: 14 The Policy and Regulations against Sexual Harassment (As Amended), December  The Gender Equality Policy, December 2021  The Policy on Student Accommodation, August 2021 The Human Resources Manual (As amended), December 2022 Makerere University Risk Management Policy, February 2022 Makerere University Policy on Persons with Disabilities, May 2022  Policy on Web Content Publishing, 2009  The Data Security Policy, 2009 The Makerere University Students Guild Constitution as amended in 2022/23  The Makerere University Learning and Teaching Policy, 2023 Guidelines for Field Attachment, 2012  The Makerere University Students Regulations 2015 0 ROLES AND RESPONSIBILITIES Makerere University recognises that Safeguarding is everyones responsibility. Responsibilities have been assigned to designated persons/offices with emphasis on co- ordination and collaboration in the implementation of the Policies and Regulations.",308
Makerere-Safeguarding-Policy.pdf_chunk_46,Makerere-Safeguarding-Policy.pdf,46,"Responsibilities have been assigned to designated persons/offices with emphasis on co- ordination and collaboration in the implementation of the Policies and Regulations. University Management The University Management shall be represented by the University Safeguarding Steering Committee to be constituted with representation of the key units responsible for safeguarding as well as student leaders. The steering committee shall be comprised of: the Deputy Vice Academic Affairs (Chairperson); Deputy Vice Chancellor Finance and Administration; the Academic Registrar; Dean of Students; Director-Gender Mainstreaming Directorate; Manager-Counselling and Guidance Centre; Director-University Hospital; Director Legal Affairs, Two  student Guild representatives (One male and the other female); and Quality Assurance Directorate as the Secretariat. Membership to the committee may be reviewed and or expanded as deemed necessary. The Safeguarding Steering Committee will be responsible for the following responsibilities: Ensure adequate resource mobilization, allocation, and staffing to support policy implementation and operationalization.",144
Makerere-Safeguarding-Policy.pdf_chunk_47,Makerere-Safeguarding-Policy.pdf,47,"The Safeguarding Steering Committee will be responsible for the following responsibilities: Ensure adequate resource mobilization, allocation, and staffing to support policy implementation and operationalization. Implement periodic safeguarding Audits to inform adjustments in processes and practices. Ensure improvements in infrastructure (ehysical and cyber-related) and systems that are critical for the prevention of the occurrence of risks and or harms, reporting and management of incidents. Promote and ensure safety of all teaching, learning, research and community engagement sites on and off-campus Promote and ensure safety of all residences of students on campus and privately owned hostels associated with Makerere University as well as residences of Staff under Makerere University. Develop mechanisms to improve coordination of all actors involved in addressing 15 safeguarding concerns. Lead Implementing Units The Directorate of Quality Assurance shall oversee the implementation of the Policy and co- ordinate the safeguarding ecosystem at Makerere University.",145
Makerere-Safeguarding-Policy.pdf_chunk_48,Makerere-Safeguarding-Policy.pdf,48,"Lead Implementing Units The Directorate of Quality Assurance shall oversee the implementation of the Policy and co- ordinate the safeguarding ecosystem at Makerere University. The day-to-day implementation of policy shall be the mandate of the Directorate of Human Resources (Staff matters) and Dean of Students (Students matters). The two units shall serve as the Focal points for practices that promote safeguarding at Makerere University. The safeguarding ecosystem shall include all other responsible units including but not limited to Gender Mainstreaming Directorate, Counselling and Guidance Centre, the University Hospital and the University Police. The unit will be responsible for the following; Be the focal point for the implementation of this Policy. Establish a safeguarding Liaison desk to directly co-ordinate the activities of the Safeguarding Policy.",124
Makerere-Safeguarding-Policy.pdf_chunk_49,Makerere-Safeguarding-Policy.pdf,49,"Establish a safeguarding Liaison desk to directly co-ordinate the activities of the Safeguarding Policy. Support the implementation of safeguarding responsibilities assigned to existing mandated units including Office of the Dean of students, Human Resources Directorate, GMD, CGC and the University Police. Co-ordinate Regular Safeguarding Risk Mapping and situation analysis for Makerere University. Establish and manage the risk management register in liaison with support units. Manage the MakSafeSpace Reporting system and connect with units mandated to address different safeguarding concerns. Co-ordinate activities of awareness creation/enhancement among students, staff, and partners of their roles and responsibilities in relation to Safeguarding. Undertake Safeguarding, Crisis Communication and Media Monitoring. Spearhead the monitoring and review of the Makerere University Safeguarding policy. To comply with Makerere Universitys safeguarding standards consistent with this policy, comply established reporting and response procedures and or mechanisms.",136
Makerere-Safeguarding-Policy.pdf_chunk_50,Makerere-Safeguarding-Policy.pdf,50,"To comply with Makerere Universitys safeguarding standards consistent with this policy, comply established reporting and response procedures and or mechanisms. Establish and update an incidence register and prepare incident reports for the consideration of the University Management. Academic Leaders and Heads of Administrative Units The Academic Leaders include all Directors, Principals, Deans and Heads of Departments. These will be responsible for the following; Mainstream safeguarding priorities in unit-based plans and activity budgets. il)  Conduct regular safeguarding risk mapping and situation analysis at the different units. iii)  Enhance awareness among students, staff, partners and other stakeholders of their roles and responsibilities in relation to Safeguarding. iv) Develop and integrate a safeguarding code of conduct in all Unit activities. Integrating safeguarding in codes of conduct/practice and partnership frameworks 16 vi) vii) qd) of engagement. Maintain the condition of spaces and infrastructure relevant for enhancing safeguarding.",143
Makerere-Safeguarding-Policy.pdf_chunk_51,Makerere-Safeguarding-Policy.pdf,51,"Maintain the condition of spaces and infrastructure relevant for enhancing safeguarding. To comply with Makerere Universitys safeguarding standards consistent with this policy, comply established reporting, response procedures and or mechanisms. Makerere University Students Students are all individuals enrolled on the different programs of the University. These will be responsible for the following; ii) iil) vi) vii) These functio ii) ili) iv) vi) vii) viii) ix) Ensure personal safety, the safety of personal and University property. Students should make safe choices regarding the spaces for their academic and social engagements. Promote safeguarding practices and behaviour in execution of their academic engagements within and beyond the University premises as stipulated in the Code of Conduct. Actively participate in safeguarding awareness and education initiatives provided by the University and other mandated institutions and or Partners of the University. Promptly report to designated Offices any safeguarding concerns or incidents they witness or experience.",149
Makerere-Safeguarding-Policy.pdf_chunk_52,Makerere-Safeguarding-Policy.pdf,52,"Promptly report to designated Offices any safeguarding concerns or incidents they witness or experience. Seek support from designated University personnel or Office of support services in case of any safeguarding incident. Cooperate fully and confidentially in any safeguarding investigations. Comply with Makerere Universitys safeguarding standards consistent with this policy including established reporting and response procedures and or mechanisms. Academic, Administrative, Support and Project Staff are individuals who are employed or contracted by the University to support the different ns of the University. They will be responsible for the following; Ensure personal safety, the safety of personal and University property. Promote safeguarding practices in execution of duties and responsibilities as stipulated in the Code of Conduct. Actively participate in safeguarding awareness and education initiatives provided by the University and other mandated institutions. Maintain the condition of spaces and infrastructure relevant for enhancing safeguarding.",142
Makerere-Safeguarding-Policy.pdf_chunk_53,Makerere-Safeguarding-Policy.pdf,53,"Maintain the condition of spaces and infrastructure relevant for enhancing safeguarding. Report any potential harm and or risk to students and staff in terms of incidence, vulnerability of any person, location and or hot spot or potential perpetrator. Seek support from designated University personnel or support services office in case of any safeguarding incidence. Cooperate fully and confidentially in any safeguarding investigation. Comply with Makerere Universitys safeguarding standards consistent with this policy including established reporting and response procedures and or mechanisms. Conduct periodic review and amendment of the existing policies, regulations and guidelines to provide deterrent disciplinary measures for perpetrators of all the enlisted and emerging forms of safeguarding harms or abuses.",112
Makerere-Safeguarding-Policy.pdf_chunk_54,Makerere-Safeguarding-Policy.pdf,54,"Conduct periodic review and amendment of the existing policies, regulations and guidelines to provide deterrent disciplinary measures for perpetrators of all the enlisted and emerging forms of safeguarding harms or abuses. 17 These safegu female These Ensuring all contracts and memoranda of understanding entered into by the University with partners and contractors include a provision obligating adherence to this policy, with breaches constituting likely grounds for termination of the Contract, memoranda of understanding or any other such engagement. Safeguarding Champions/Focal Points include all staff members that take a proactive role in promoting and implementing arding practices. Each School and Administrative unit will have Two ; a male and a safeguarding champions who will be responsible for the following; Be the point of contact between the Quality Assurance Directorate and the respective Units Actively engage in safeguarding awareness and education initiatives provided by the University and other mandated institutions.",148
Makerere-Safeguarding-Policy.pdf_chunk_55,Makerere-Safeguarding-Policy.pdf,55,Each School and Administrative unit will have Two ; a male and a safeguarding champions who will be responsible for the following; Be the point of contact between the Quality Assurance Directorate and the respective Units Actively engage in safeguarding awareness and education initiatives provided by the University and other mandated institutions. Raise awareness about safeguarding guidelines and practices within the respective units. Be open to receive safeguarding concerns by both students and staff in their units Guide and or support the survivor to report an incident through the provided reporting channels. Guide the Survivor to seek support from designated University personnel or support office. Coordinate and facilitate safeguarding training sessions in the respective units. Comply with Makerere Universitys safeguarding standards consistent with this policy including the established reporting and response procedures and or mechanisms.,135
Makerere-Safeguarding-Policy.pdf_chunk_56,Makerere-Safeguarding-Policy.pdf,56,"Comply with Makerere Universitys safeguarding standards consistent with this policy including the established reporting and response procedures and or mechanisms. Safeguarding Support Units units include Gender Mainstreaming Directorate, Counselling and Guidance Centre, University hospital, Directorate of Human Resource, Directorate for ICT Support, Directorate of Legal Affairs and the Disability Support Unit. These will be responsible for the following; Enhance the respective support (psycho-social, mental wellness, health) extended to the survivors of abuse and or harm Receive safeguarding concerns by both students and staff in their units and beyond. Guide and/or support the survivor to report an incident through the provided reporting systems. Guide the Survivor to seek support from designated University personnel or support services office (within and beyond the University). Assess and make appropriate referral for different safeguarding incidents.",130
Makerere-Safeguarding-Policy.pdf_chunk_57,Makerere-Safeguarding-Policy.pdf,57,"Assess and make appropriate referral for different safeguarding incidents. Comply with Makerere Universitys safeguarding standards consistent with this policy including established reporting, response procedures and or mechanisms Conduct periodic review and amendment of the existing policies, regulations and guidelines to provide deterrent disciplinary measures for perpetrators of all the enlisted and emerging forms of safeguarding harms or abuses. Makerere University Security Services The Security services shall be responsible for; 18 Receiving and investigating referred safeguarding concerns of a criminal nature. ii)  Complying with Makerere Universitys safeguarding standards consistent with this policy including established reporting and response procedures and or mechanisms. Contractors and Partners Contractors are all individuals or companies engaged in a formal understanding with the University to provide specific goods or services on a contractual basis. Partners are all external entities and individuals that are engaged in collaborative relationships with the University.",143
Makerere-Safeguarding-Policy.pdf_chunk_58,Makerere-Safeguarding-Policy.pdf,58,"Partners are all external entities and individuals that are engaged in collaborative relationships with the University. Contractors and partners will be responsible for the following;  Complying with Makerere Universitys safeguarding standards consistent with this policy including established reporting, response procedures and or mechanisms in accordance with the Terms of Engagement and or Contract. ii) Cooperating fully and adhering to confidentiality principles in any safeguarding investigations that they are part of. 0 THE CO-ORDINATION STRUCTURE The policy shall be co-ordinated through a structure that recognises multi-level governance with vertical and horizontal integration of units/entities. The co-ordination structure is presented in Annex . 0 THE COMMUNICATION STRATEGY This policy will be communicated widely to all stakeholders in compliance with the Makerere University Communication Strategy and any other good practices.",127
Makerere-Safeguarding-Policy.pdf_chunk_59,Makerere-Safeguarding-Policy.pdf,59,"0 THE COMMUNICATION STRATEGY This policy will be communicated widely to all stakeholders in compliance with the Makerere University Communication Strategy and any other good practices. A communication Plan and inclusivity Information, Education and Communication (IEC) materials will be developed to ensure that all categories of stakeholders are reached, and communication is inclusive, accurate and consistent. 0 POLICY REVIEW The University Council may review this policy in writing from time to time as deemed appropriate. However, the Policy implementation plan may be reviewed after 3 years to accommodate learning and adaptability. ii, These policy shall be effective immediately upon approval by the University Council. 19 APPROVED by the University Council this Signed: Lorna Magara (Mrs) CHAIRPERSON OF THE UNIVERSITY COUNCIL Yusuf Kiranda UNIVERSITY SECRETARY 20 ANNEXES Annex I: The Co-ordination Structure for the Safeguarding Ecosystem E x ne a ae",140
HIV_AIDS_Policy.pdf_chunk_0,HIV_AIDS_Policy.pdf,0,"MAKERERE UNIVERSITY HIV/AIDS POLICY 14/08/06 MAKERERE UNIVERSITY HIV/AIDS POLICY Table of contents PRINCIPLES UNDERPINNING HIV/AIDS POLICY ...................................................................1 0 POLICIES PERTAINING TO STUDENTS .................................................................................2 1 ADMISSIONS ....................................................................................................................................2 2 MEDICAL EXAMINATION FOR STUDENTS .........................................................................................2 3 ACCESS TO FACILITIES .....................................................................................................................2 4 ATTENDANCE .................................................................................................................................2 5 EDUCATION ....................................................................................................................................2 6 FINANCIAL OR OTHER AID ...............................................................................................................3 7 FOOD SERVICES ............................................................................................................................... 3 8 NON-DISCRIMINATION ................................................................................................................3 9 DISABLING CONDITION ...................................................................................................................3 10 UNIVERSITY APPROVED /REGULATED HOUSING ............................................................................3 11 SAFETY PRECAUTIONS ...................................................................................................................3 12 OFF-CAMPUS STUDY PROGRAMS .....................................................................................................4 13 HIV TESTING ................................................................................................................................4 0 POLICIES PERTAINING TO UNIVERSITY EMPLOYEES ...................................................4 1 WORK PLACE SAFETY ......................................................................................................................4 2 EMPLOYMENT .................................................................................................................................4 3 EMPLOYMENT OF AFFECTED PERSONS ............................................................................................4 4 EMPLOYEE REFUSAL TO WORK ........................................................................................................5 5 HIV TESTING ..................................................................................................................................5 6 EMPLOYEE BENEFITS ......................................................................................................................5 0 POLICIES PERTAINING TO HEALTH SERVICES ................................................................6 1 SAFE MEDICAL PRACTICES ...............................................................................................................6 2 MANAGEMENT OF EXPOSURE TO HIV INFECTION ..........................................................................6 3 COUNSELING AND OTHER APPROPRIATE SERVICES ..........................................................................6 4 HIV TESTING SERVICES ...................................................................................................................7 5 PROVISION FOR HIV CARE ..............................................................................................................7 6 CONFIDENTIALITY ..........................................................................................................................7 7 REFERRAL .......................................................................................................................................7 0 POLICIES PERTAINING TO UNIVERSITY RESPONSIBILITIES .......................................8 1 CARE...............................................................................................................................................8 2 RESEARCH .......................................................................................................................................8 3 EDUCATION AND OUTREACH ..........................................................................................................8 4 LEADERSHIP ....................................................................................................................................8 5 COMMUNITY INVOLVEMENT /ADVOCACY ........................................................................................9 0 IMPLEMENTATION, MONITORING AND EVALUATION .................................................9 1 IMPLEMENTATION ...........................................................................................................................9 2 MONITORING AND EVALUATION .....................................................................................................9 ii MAKERERE UNIVERSITY HIV/AIDS POLICY The following policies cover HIV (Human Immunodeficiency Virus) infection and AIDS (Acquired Immunodeficiency Disease Syndrome).",218
HIV_AIDS_Policy.pdf_chunk_1,HIV_AIDS_Policy.pdf,1,"MAKERERE UNIVERSITY HIV/AIDS POLICY 14/08/06 MAKERERE UNIVERSITY HIV/AIDS POLICY Table of contents PRINCIPLES UNDERPINNING HIV/AIDS POLICY ...................................................................1 0 POLICIES PERTAINING TO STUDENTS .................................................................................2 1 ADMISSIONS ....................................................................................................................................2 2 MEDICAL EXAMINATION FOR STUDENTS .........................................................................................2 3 ACCESS TO FACILITIES .....................................................................................................................2 4 ATTENDANCE .................................................................................................................................2 5 EDUCATION ....................................................................................................................................2 6 FINANCIAL OR OTHER AID ...............................................................................................................3 7 FOOD SERVICES ............................................................................................................................... 3 8 NON-DISCRIMINATION ................................................................................................................3 9 DISABLING CONDITION ...................................................................................................................3 10 UNIVERSITY APPROVED /REGULATED HOUSING ............................................................................3 11 SAFETY PRECAUTIONS ...................................................................................................................3 12 OFF-CAMPUS STUDY PROGRAMS .....................................................................................................4 13 HIV TESTING ................................................................................................................................4 0 POLICIES PERTAINING TO UNIVERSITY EMPLOYEES ...................................................4 1 WORK PLACE SAFETY ......................................................................................................................4 2 EMPLOYMENT .................................................................................................................................4 3 EMPLOYMENT OF AFFECTED PERSONS ............................................................................................4 4 EMPLOYEE REFUSAL TO WORK ........................................................................................................5 5 HIV TESTING ..................................................................................................................................5 6 EMPLOYEE BENEFITS ......................................................................................................................5 0 POLICIES PERTAINING TO HEALTH SERVICES ................................................................6 1 SAFE MEDICAL PRACTICES ...............................................................................................................6 2 MANAGEMENT OF EXPOSURE TO HIV INFECTION ..........................................................................6 3 COUNSELING AND OTHER APPROPRIATE SERVICES ..........................................................................6 4 HIV TESTING SERVICES ...................................................................................................................7 5 PROVISION FOR HIV CARE ..............................................................................................................7 6 CONFIDENTIALITY ..........................................................................................................................7 7 REFERRAL .......................................................................................................................................7 0 POLICIES PERTAINING TO UNIVERSITY RESPONSIBILITIES .......................................8 1 CARE...............................................................................................................................................8 2 RESEARCH .......................................................................................................................................8 3 EDUCATION AND OUTREACH ..........................................................................................................8 4 LEADERSHIP ....................................................................................................................................8 5 COMMUNITY INVOLVEMENT /ADVOCACY ........................................................................................9 0 IMPLEMENTATION, MONITORING AND EVALUATION .................................................9 1 IMPLEMENTATION ...........................................................................................................................9 2 MONITORING AND EVALUATION .....................................................................................................9 ii MAKERERE UNIVERSITY HIV/AIDS POLICY The following policies cover HIV (Human Immunodeficiency Virus) infection and AIDS (Acquired Immunodeficiency Disease Syndrome). PREAMBLE Anecdotal reports suggest that the HIV/AI DS epidemic has had major effects on tertiary education institutions especially in African countries south of the Sahara desert.",244
HIV_AIDS_Policy.pdf_chunk_2,HIV_AIDS_Policy.pdf,2,"PREAMBLE Anecdotal reports suggest that the HIV/AI DS epidemic has had major effects on tertiary education institutions especially in African countries south of the Sahara desert. The institutions are also challeng ed by the impact of the epidemic at country, regional and global level. Makere re University like many universities elsewhere has a very high concentration of young people who are a very valuable national resource and yet are extremely vulnerable to HIV acquisition. The institution has also a very high concen tration of well trained personnel that the country can ill-afford to lose through ill health and premature death. Therefore the need of an HIV/AIDS policy for an institution like Makerere University cannot be over emphasized in guiding and streamlining HIV/AIDS related issues.",124
HIV_AIDS_Policy.pdf_chunk_3,HIV_AIDS_Policy.pdf,3,Therefore the need of an HIV/AIDS policy for an institution like Makerere University cannot be over emphasized in guiding and streamlining HIV/AIDS related issues. PRINCIPLES UNDERPINNING HIV/AIDS POLICY Non-discrimination The University recognizes that there is no documented evidence that the Human Immunodeficiency Virus is spread throug h ordinary contact between persons and therefore concern or fear of HIV tr ansmission from one person to another through ordinary contact is NOT a reason to exclude persons who are carriers of the HIV or have AIDS from campus and academic or social activities.,91
HIV_AIDS_Policy.pdf_chunk_4,HIV_AIDS_Policy.pdf,4,"PRINCIPLES UNDERPINNING HIV/AIDS POLICY Non-discrimination The University recognizes that there is no documented evidence that the Human Immunodeficiency Virus is spread throug h ordinary contact between persons and therefore concern or fear of HIV tr ansmission from one person to another through ordinary contact is NOT a reason to exclude persons who are carriers of the HIV or have AIDS from campus and academic or social activities. Standard procedures The fact that there is no current evidence that HIV infection can be transmitted by casual contact suggests that the standard procedures concerning protection of students, staff and researchers in Universi ty laboratories, instruction in classrooms, sanitation standards in student housing and in food service operations, and medical practice in University Health Services adequately address the majority of concerns that may occur.",131
HIV_AIDS_Policy.pdf_chunk_5,HIV_AIDS_Policy.pdf,5,"Standard procedures The fact that there is no current evidence that HIV infection can be transmitted by casual contact suggests that the standard procedures concerning protection of students, staff and researchers in Universi ty laboratories, instruction in classrooms, sanitation standards in student housing and in food service operations, and medical practice in University Health Services adequately address the majority of concerns that may occur. Rule of exceptions If situations arise in which existing po licies and procedures do not apply or in which it is necessary to make a case-by-case decision, the Deputy Vice Chancellor (Finance and Administration), Human Resources Manager and Dean of Students shall consult with the Director of Universi ty Health Services, the University Legal Officer, and any other relevant staff member/party to review the matter and provide a recommendation of action.",135
HIV_AIDS_Policy.pdf_chunk_6,HIV_AIDS_Policy.pdf,6,"Rule of exceptions If situations arise in which existing po licies and procedures do not apply or in which it is necessary to make a case-by-case decision, the Deputy Vice Chancellor (Finance and Administration), Human Resources Manager and Dean of Students shall consult with the Director of Universi ty Health Services, the University Legal Officer, and any other relevant staff member/party to review the matter and provide a recommendation of action. Gender mainstreaming The University recognizes the centrality of gender issues in the fight against HIV/AIDS and will mainstream gender consid erations in all aspects of this Policy. 1 MAKERERE UNIVERSITY HIV/AIDS POLICY 0 POLICIES PERTAINING TO STUDENTS The University policies involv ing students shall include: 1 Admissions Consideration of the existence of HIV infe ction shall not be part of the admission criteria for prospective students.",137
HIV_AIDS_Policy.pdf_chunk_7,HIV_AIDS_Policy.pdf,7,"1 MAKERERE UNIVERSITY HIV/AIDS POLICY 0 POLICIES PERTAINING TO STUDENTS The University policies involv ing students shall include: 1 Admissions Consideration of the existence of HIV infe ction shall not be part of the admission criteria for prospective students. 2 Medical examination for students There will be no requirement for new students to undertake mandatory HIV related medical examination except on clinical grounds and as determined by a health care provider. However, under general university dispensation, new students will be required to undertake basic and routine medical examination when they report to the University. ii) Continuing students may undergo HI V related medical examination on clinical grounds and as determined by a health care provider. 3 Access to facilities Students with HIV infection shall have fu ll access to educational facilities, student assemblies, residential halls, dining area s, swimming pools, restaurants, rest rooms, recreation, entertainment or other common areas.",149
HIV_AIDS_Policy.pdf_chunk_8,HIV_AIDS_Policy.pdf,8,"3 Access to facilities Students with HIV infection shall have fu ll access to educational facilities, student assemblies, residential halls, dining area s, swimming pools, restaurants, rest rooms, recreation, entertainment or other common areas. 4 Attendance Students with HIV infection shall be allowed normal classroom attendance, or other student employment opportunities, and participation in co-curricular activities (e.g. social, cultural, and athlet ic events) without restriction as long as they are physically and mentally able. ii) If the programme load of a student with HIV infection must be modified or reduced for medical reasons, existing guid elines pertaining to reduced course loads shall be followed.",104
HIV_AIDS_Policy.pdf_chunk_9,HIV_AIDS_Policy.pdf,9,"ii) If the programme load of a student with HIV infection must be modified or reduced for medical reasons, existing guid elines pertaining to reduced course loads shall be followed. iii) Students, who experience anxiety about the risk of infection and refuse to attend class or other functions because of the presence of a fellow student or an instructor who is HIV-infected, or pe rceived to be infected, shall receive counseling as to current medical information related to the risk of exposure to HIV infection through routine contact. 5 Education Through Student Health Services and academic units, educatnal programs about HIV infection will be provided to students on an ongoing basis. Current information in the form of programs pamphlets, audiovisual aids, etc will be made easily accessible to the student popu lation.",132
HIV_AIDS_Policy.pdf_chunk_10,HIV_AIDS_Policy.pdf,10,"Current information in the form of programs pamphlets, audiovisual aids, etc will be made easily accessible to the student popu lation. This is further outlined in section 2 MAKERERE UNIVERSITY HIV/AIDS POLICY 6 Financial or other aid University policies relating to financial or any other aid apply equally to all students attending the University irrespective of their HIV status. 7 Food services Students with HIV infection shall have full access to all residence dining halls, rented housing dining rooms, private contracted food facilities, fraternity and sorority dining rooms, and University regulated cash operated restaurants, outlets, stores, and catered events without restriction. i i ) S t u d e n t s m a y h o w e v e r O N L Y b e e x cluded on the basis of not holding membership in the applicable organization or being active participants in the sponsoring organization.",150
HIV_AIDS_Policy.pdf_chunk_11,HIV_AIDS_Policy.pdf,11,i i ) S t u d e n t s m a y h o w e v e r O N L Y b e e x cluded on the basis of not holding membership in the applicable organization or being active participants in the sponsoring organization. 8 Non-discrimination Discrimination based on the actual or assumed disabling effects of HIV infection is prohibited. The University condemns all occurrences of emotional and/or physical abuse as intolerable and will respond to them quickly and effectively. ii) Exclusion may be acceptable if the HIV infected student is a risk to others in pursuance of a particular activity e.g. a medical practitioner could pause a risk to his/her patients while performing invasive procedures. 9 Disabling condition Students with HIV/AIDS may be considered as having disabling conditions. Students with HIV/AIDS seeking assistan ce shall receive appropriate assistance.,144
HIV_AIDS_Policy.pdf_chunk_12,HIV_AIDS_Policy.pdf,12,"Students with HIV/AIDS seeking assistan ce shall receive appropriate assistance. 10 University approved/regulated housing In an effort to serve the needs of HIV-infected students, decisions about housing for students with HIV infectio n will be made on a case-by-case basis. ii) There may be, in some circumstance s, reasonable concern for the health of students with immune deficiencies when those students might be exposed to certain contagious diseases (e.g. to measles or chicken pox) in a close living situation. iii) University administrators and health officers may recommend/require that a student with HIV infection seek spec ial housing arrangements for safety precautions. 11 Safety precautions Makerere University will take the necessary steps to insure the safety of individuals who may be at risk of ex posure to body fluids, blood or blood products.",132
HIV_AIDS_Policy.pdf_chunk_13,HIV_AIDS_Policy.pdf,13,"11 Safety precautions Makerere University will take the necessary steps to insure the safety of individuals who may be at risk of ex posure to body fluids, blood or blood products. ii) In order to prevent student exposure to HIV during electives, internships or other curricular activities at collaborating/patternering institutions, the 3 MAKERERE UNIVERSITY HIV/AIDS POLICY University will liaise with collaborating institutions in assurance of safety of students within the limits of those institutions existing framework. 12 Off-campus study programs Students participating in off campus study programs shall be informed of health risks particularly in regard to the blood supply and medical practice or other related care and support activities that may incr ease their risk of exposure to HIV. Students who have to travel abroad shall also be informed of HIV test requirements to obtain visas to visit certain countries.",141
HIV_AIDS_Policy.pdf_chunk_14,HIV_AIDS_Policy.pdf,14,"Students who have to travel abroad shall also be informed of HIV test requirements to obtain visas to visit certain countries. 13 HIV testing There is no current justification for mandatory HIV diagnostic testing, and the University will not require it for participation in any activity. However, when other institutions, agencies, or governments require testing for participation, enrollment, or travel, diagnostic testin g will be made available by University Health Services or a referral center. ii) There is no current medical justification for mandatory HIV diagnostic testing for enrollment to study at the Universi ty. No individual may be tested for presence of HIV without the informed wri tten consent of that individual except if mentally incapacitated.",117
HIV_AIDS_Policy.pdf_chunk_15,HIV_AIDS_Policy.pdf,15,"No individual may be tested for presence of HIV without the informed wri tten consent of that individual except if mentally incapacitated. 0 POLICIES PERTAINING TO UNIVERSITY EMPLOYEES Makerere University is committed to maintaining a healthy and safe work environment for all employees, as well as providing support for individual employees who may face HIV related illnesses. Unless stated otherwise, the following policies apply to University employees. 1 Work place safety The University is desirous to provide and to have a safe work environment for all employees. 2 Employment Makerere University accepts otherwise qua lified individuals presenting themselves for employment, irrespective of their HI V status. Although a medical examination will be required of all new employees prior to assumption of duties such shall not include HIV testing.",128
HIV_AIDS_Policy.pdf_chunk_16,HIV_AIDS_Policy.pdf,16,"Although a medical examination will be required of all new employees prior to assumption of duties such shall not include HIV testing. 3 Employment of affected persons The Uni versi ty wi ll not refuse to hi re or promote, and will not bar or discharge from employment or otherwise discriminate against, any individual because that person is HIV-infected, or perceived to be infected, so long as the individual can, with reasonable accommodation, perform the duties of the position or unless the individual poses a significant risk of substantial harm to other individuals or 4 MAKERERE UNIVERSITY HIV/AIDS POLICY employees or the public, that can not be eliminated or reduced by reasonable precautions.",113
HIV_AIDS_Policy.pdf_chunk_17,HIV_AIDS_Policy.pdf,17,"3 Employment of affected persons The Uni versi ty wi ll not refuse to hi re or promote, and will not bar or discharge from employment or otherwise discriminate against, any individual because that person is HIV-infected, or perceived to be infected, so long as the individual can, with reasonable accommodation, perform the duties of the position or unless the individual poses a significant risk of substantial harm to other individuals or 4 MAKERERE UNIVERSITY HIV/AIDS POLICY employees or the public, that can not be eliminated or reduced by reasonable precautions. Further, the University will not subject an employee so infected to job conditions, discipline, standards of performance, or other requirements which differ from those applied to applicants or employees not so infected, except as a means of accommodation for a disabling condition which may exist.",136
HIV_AIDS_Policy.pdf_chunk_18,HIV_AIDS_Policy.pdf,18,"Further, the University will not subject an employee so infected to job conditions, discipline, standards of performance, or other requirements which differ from those applied to applicants or employees not so infected, except as a means of accommodation for a disabling condition which may exist. 4 Employee refusal to work Employees who experience anxiety abou t the risk of infection and who refuse to work with a co-worker, student, or member of the public who is HIV- infected, or perceived to be infected, shall receive counseling as to current medical information related to the risk of exposure to HIV infection through routine contact in the work place. ii) Continued unreasonable refusal to work with an HIV-infected person could make an employee subject to disciplinary sanctions consistent with applicable provisions of Uganda laws and regulations, applicable collective bargaining agreements, and applicable Univer sity / administrative rules.",145
HIV_AIDS_Policy.pdf_chunk_19,HIV_AIDS_Policy.pdf,19,"ii) Continued unreasonable refusal to work with an HIV-infected person could make an employee subject to disciplinary sanctions consistent with applicable provisions of Uganda laws and regulations, applicable collective bargaining agreements, and applicable Univer sity / administrative rules. 5 HIV testing There is no current justification for mandatory HIV diagnostic testing, and the University will not require it for participation in any activity. However, when other institutions, agencies, or governments require testing for participation, enrollment, or travel, diagnostic testin g will be made available by University Health Services or a referral center. ii) There is no current medical justification for mandatory HIV diagnostic testing for employment at the University. No individual may be tested for presence of HIV without the informed written consent of that individual except if mentally incapacitated.",130
HIV_AIDS_Policy.pdf_chunk_20,HIV_AIDS_Policy.pdf,20,"No individual may be tested for presence of HIV without the informed written consent of that individual except if mentally incapacitated. 6 Employee benefits With regard to employee benefits programs, the University will treat HIV-related illnesses the same as other life-threatening illnesses. 0 POLICIES PERTAINING TO HIV PREVENTION Although Uganda has made significant pr ogress in the prevention of HIV/AIDS the country as a whole is still vulnerable to the persistent epidemic. There is need for aggressive policies and programmes that promote prevention efforts. The University will persistently pursue pro-acti ve prevention efforts that are in-line with the overall national policies and guidelines. These will include but are not limited to provision of HIV prevention informati on, education and communication (IEC), promotion of the ABC strategy, emphasizing abstinence, safe sex and use of condoms, and avoiding unsteady partnerships.",138
HIV_AIDS_Policy.pdf_chunk_21,HIV_AIDS_Policy.pdf,21,"These will include but are not limited to provision of HIV prevention informati on, education and communication (IEC), promotion of the ABC strategy, emphasizing abstinence, safe sex and use of condoms, and avoiding unsteady partnerships. In addition, infrastructure for easy 5 MAKERERE UNIVERSITY HIV/AIDS POLICY access to HIV testing and counseling serv ices within the University will be enhanced and maintained coupled with promotion of students and staff HIV/AIDS prevention clubs. Programs that lead to prevention of parental transmission of HIV for example through safe transfusions, use of safe syringes and needles, avoiding use and abuse of intravenou s drugs will be established. Other approaches to HIV prevention like prevention of mother to child transmission and treatment of those infected by use of anti-retrovirals will be promoted.",127
HIV_AIDS_Policy.pdf_chunk_22,HIV_AIDS_Policy.pdf,22,"Other approaches to HIV prevention like prevention of mother to child transmission and treatment of those infected by use of anti-retrovirals will be promoted. Other policies which are beneficial to promoting HIV/AIDS prevention like gender mainstreaming policy, sexual harassment policy and any other that may be considered appropriate wi ll be developed or strengthened and enforced. The above measures are inte nded to create a safe environment that is conducive for prevention of acquisition and transmission of HIV. 0 POLICIES PERTAINING TO HEALTH SERVICES Medical information and public health policy regarding HIV/AIDS are rapidly evolving. The policies of Makerere University Health Services are to keep abreast of all relevant information about the epidemic and put it to maximum use for the benefit of students and staff, within the limits that resources allow.",132
HIV_AIDS_Policy.pdf_chunk_23,HIV_AIDS_Policy.pdf,23,"The policies of Makerere University Health Services are to keep abreast of all relevant information about the epidemic and put it to maximum use for the benefit of students and staff, within the limits that resources allow. This will be accomplished by: 1 Safe medical practices University Health Services seek to ensure that no person contracts infectious diseases during medical procedures. Stringent universal precautions for the prevention of HIV and related infect ions through infected body fluid or instruments contaminated by such fluid shall be maintained. These procedures will be under continuous review by the health staff. 2 Management of exposure to HIV infection Post-exposure prophylaxis for those who get accidentally exposed to the virus for example through needle stick injuries or rape will be provided by University through the University Health Services or appropriate referral services.",137
HIV_AIDS_Policy.pdf_chunk_24,HIV_AIDS_Policy.pdf,24,"2 Management of exposure to HIV infection Post-exposure prophylaxis for those who get accidentally exposed to the virus for example through needle stick injuries or rape will be provided by University through the University Health Services or appropriate referral services. 3 Counseling and other appropriate services Counseling of the students shall be coordinated by University Health System and other appropriate designated services. ii) Counseling about safe sex practices, needle precautions, and prenatal transmission is provided by the Heal th and Counseling Services. The staff makes itself available, as much as possibl e at campus lectures, talks at living or 6 MAKERERE UNIVERSITY HIV/AIDS POLICY other campus groups, through the campus media and for campus outreach programs such as HIV/AIDS prevention programs. 4 HIV testing services Confidential, inexpensive diagnostic testing for HIV will be offered to students by University Health Services.",140
HIV_AIDS_Policy.pdf_chunk_25,HIV_AIDS_Policy.pdf,25,"4 HIV testing services Confidential, inexpensive diagnostic testing for HIV will be offered to students by University Health Services. Priority is given to persons with a signif icant risk, by history, of having been infected by HIV. No tests will be give n without informed consent, and results cannot be released to third parties without the specific and express prior authorization of the patient unle ss otherwise required by law. 5 Provision for HIV care As with all other illnesses, the goal of University Health Services will be to assist the HIV infected persons to remain active and be able to perform as normally as possible. ii) Continuing education, treatment, and emotional support to students and staff found to be infected with HIV will be provided.",126
HIV_AIDS_Policy.pdf_chunk_26,HIV_AIDS_Policy.pdf,26,"ii) Continuing education, treatment, and emotional support to students and staff found to be infected with HIV will be provided. Information that may preserve the health of the patient and prevent transmission of th e disease will be provided to the patient and follow up will be encouraged. University Health Services staff will participate up to its capacity, with appropriate referrals to specialists or other centers in the care of those students and staff who become ill with HIV/AIDS. 6 Confidentiality Confidentiality of medical conditi ons shall be maintained. Students and University employees medical records hold confidential information and, as such, may not be released without the individuals written permission except as otherwise provided by law. ii) There is no medical necessity to advise students, faculty, or other staff of the presence of students who have HIV infection.",138
HIV_AIDS_Policy.pdf_chunk_27,HIV_AIDS_Policy.pdf,27,"ii) There is no medical necessity to advise students, faculty, or other staff of the presence of students who have HIV infection. iii) The University encourages its employees and students with serious infectious illnesses such as HIV infection to inform their department heads or administrators so that reasonable accommodation to their conditions can be planned and implemented. Such self-disclosure is entirely voluntary, and the information disclosed may not be released without written authorization unless otherwise required by law. 7 Referral University will partner with institutions , programs and projects that will provide care to those who are infected.",98
HIV_AIDS_Policy.pdf_chunk_28,HIV_AIDS_Policy.pdf,28,"7 Referral University will partner with institutions , programs and projects that will provide care to those who are infected. 7 MAKERERE UNIVERSITY HIV/AIDS POLICY 0 POLICIES PERTAINING TO UNIVERSITY RESPONSIBILITIES 1 Care Makerere University will make the best efforts within the limits of available resources and existing University heal th care policies to provide staff and students affected with HIV/AIDS with the necessary care and refer HIV/AIDS infected staff, their families an d students to suitable treatment sites as appropriate, where additional treatment is required, which is not provided by the University. ii) The University shall offer appropriate counseling and basic health care and maintenance to all staff members and students who are on the different University campuses. The level of care of fered by the Makerere University shall be determined by budgetary considerations, and the reality of the sustainability of such care interventions.",145
HIV_AIDS_Policy.pdf_chunk_29,HIV_AIDS_Policy.pdf,29,"The level of care of fered by the Makerere University shall be determined by budgetary considerations, and the reality of the sustainability of such care interventions. The University will pursue initiatives to demonstrate the highest possible standard of care. 2 Research Makerere University is committed to undertaking extensive empirical and operational public health, biomedical and social science research on HIV/AIDS. ii) Policies, plans and guidelines will be developed which support and promote co- ordination of HIV/AIDS research underw ay while creating mechanisms, which encourage more research to be undertaken by staff and students at the University. iii) Efforts to develop and sustain meaningful collaborations and partnerships with communities other institutions and public and private sector will be encouraged and nurtured. 3 Education and outreach The University shall actively suppor t instruction that mainstreams HIV/AIDS education in the University curri cula, services and activities.",143
HIV_AIDS_Policy.pdf_chunk_30,HIV_AIDS_Policy.pdf,30,"3 Education and outreach The University shall actively suppor t instruction that mainstreams HIV/AIDS education in the University curri cula, services and activities. ii) The University shall support the dist ribution of training materials and make available of training sessions and knowledgeable speakers. iii) Recognizing the regular turnover of students and employees. The University will offer programs and conduct mailings at regular intervals. 4 Leadership Makerere University will play a leadership role in fighting the HIV/AIDS epidemic and mitigating its impact on the University itself and the wider society in Uganda in controlling the HIV/AIDS epidemic. Leadership skills will be developed in areas related to prevention, care and treatment, legal and human rights aspects and other areas relevant to the epidemic.",121
HIV_AIDS_Policy.pdf_chunk_31,HIV_AIDS_Policy.pdf,31,"Leadership skills will be developed in areas related to prevention, care and treatment, legal and human rights aspects and other areas relevant to the epidemic. 8 MAKERERE UNIVERSITY HIV/AIDS POLICY 5 Community involvement/advocacy The University recognizes that the struggle against HIV/AIDS is not restricted to the University campuses and employees or students, but that wider community involvement and participation is required to control the spread of the disease and mitigate its impact. Makerere University, a leading institution in the community, must accordingly establish community partnerships an d outreach programmes for creating HIV/AIDS awareness and prevention. The University will also coordinate its efforts with NGOs, tertiary education institutions, community organizations and the public and private sector. 0 IMPLEMENTATION, MONITORING AND EVALUATION 1 Implementation The Vice-Chancellor shall designate an office(that will coordinate implementation of this policy.",134
HIV_AIDS_Policy.pdf_chunk_32,HIV_AIDS_Policy.pdf,32,"0 IMPLEMENTATION, MONITORING AND EVALUATION 1 Implementation The Vice-Chancellor shall designate an office(that will coordinate implementation of this policy. ii) The University will raise financial resources on an ongoing basis so as to support the implementation of this po licy through grants, donations and internally generated funds. 2 Monitoring and evaluation There is need for the University to put in place a monitoring and evaluation system so as to assess the trends in the Universitys performance in different aspects relevant to this policy e.g. Impact of HIV on student and staff ii) Progress in University HIV prevention, care and treatment programs iii) HIV/AIDS curricular activities iv) HIV/AIDS research HIV related outreach programmes vi) Funding related to HIV/AIDS programmes and activities 9",121
Makerere-Policy-on-Persons-Living-With-Disabilities.pdf_chunk_0,Makerere-Policy-on-Persons-Living-With-Disabilities.pdf,0,"MAKERERE UNIVERSITY POLICY ON PERSONS LIVING WITH DISABILITIES SEPTEMBER 2022 0 PURPOSE The aim of this policy is to support the Universitys provision of a physical, working, learning and social environment that enables and enhances the educational and employment experience of students and staff living with disabilities on the same basis as other members of the University community. This is because the University promotes an environment that values diversity, is free from harassment, unlawful discrimination and promotes equal opportunities. 0 POLICY STATEMENT Makerere University is committed to developing and supporting an inclusive and diverse environment which provides equal opportunity for all staff and students to access, participate and enjoy the benefits of education and employment. The University therefore is committed to respect, promote and protect the rights of persons living with disabilities to work and study on an equitable basis with other members of the University community.",147
Makerere-Policy-on-Persons-Living-With-Disabilities.pdf_chunk_1,Makerere-Policy-on-Persons-Living-With-Disabilities.pdf,1,"The University therefore is committed to respect, promote and protect the rights of persons living with disabilities to work and study on an equitable basis with other members of the University community. The University, its staff and students shall comply with the provisions of the persons with Disabilities Act 2020 and other relevant National and International legislation. Harassment, discrimination and vilification of persons with disabilities shall not be tolerated and all University members will work together in compliance with the Equal Opportunities policy, The University is committed to ensuring the integration of the principles of equal access, equal participation and equal opportunity for persons living with disabilities in all relevant University policies, procedures and operations.",115
Makerere-Policy-on-Persons-Living-With-Disabilities.pdf_chunk_2,Makerere-Policy-on-Persons-Living-With-Disabilities.pdf,2,"Harassment, discrimination and vilification of persons with disabilities shall not be tolerated and all University members will work together in compliance with the Equal Opportunities policy, The University is committed to ensuring the integration of the principles of equal access, equal participation and equal opportunity for persons living with disabilities in all relevant University policies, procedures and operations. In its planning procedures, the University embraces the principle of Universal inclusion and design, e. embedding in the design of the environment, services, work, curricula development, study design and content, the capacity to provide access to a diverse range of users, including persons living with disabilities.",104
Makerere-Policy-on-Persons-Living-With-Disabilities.pdf_chunk_3,Makerere-Policy-on-Persons-Living-With-Disabilities.pdf,3,"In its planning procedures, the University embraces the principle of Universal inclusion and design, e. embedding in the design of the environment, services, work, curricula development, study design and content, the capacity to provide access to a diverse range of users, including persons living with disabilities. The University also seeks to apply the principle of reasonable adjustment to remove barriers to participation in work or study by persons living with disabilities, and to caretakers of persons living with disabilities, including parents, spouses, partners and those with caring responsibilities for persons with a disability. The University will support and foster positive, informed behaviour and attitudes among its staff and students towards persons living with disabilities and will assist staff in developing and offer disability-friendly skills and services to meet the learning and support needs of students and staff living with disabilities.",140
Makerere-Policy-on-Persons-Living-With-Disabilities.pdf_chunk_4,Makerere-Policy-on-Persons-Living-With-Disabilities.pdf,4,"The University will support and foster positive, informed behaviour and attitudes among its staff and students towards persons living with disabilities and will assist staff in developing and offer disability-friendly skills and services to meet the learning and support needs of students and staff living with disabilities. The University will progressively provide resources and facilities for appropriately accessible and supportive learning and working environments, including assistive technologies and other reasonable adjustments for persons living with disabilities and, whenever reasonably possible, will provide access to any service generally provided by the University to staff and students. The University will ensure that the academic integrity of programs offered is maintained at the highest standards and will ensure students living with disabilities are provided with appropriate and reasonable adjustments to enable access and participation in all educational activities including access to written material on the same basis as other students.",147
Makerere-Policy-on-Persons-Living-With-Disabilities.pdf_chunk_5,Makerere-Policy-on-Persons-Living-With-Disabilities.pdf,5,"The University will ensure that the academic integrity of programs offered is maintained at the highest standards and will ensure students living with disabilities are provided with appropriate and reasonable adjustments to enable access and participation in all educational activities including access to written material on the same basis as other students. 0 DEFINITIONS a. Assistive technology - is any device, system or design, whether adapted or commercially available, that allows someone to perform a task that they would otherwise be unable to do, or increases the ease with which a task can be performed. b. Associates - includes people who are a partner, carer, friend, and family member, business/sporting associate or work colleague.",114
Makerere-Policy-on-Persons-Living-With-Disabilities.pdf_chunk_6,Makerere-Policy-on-Persons-Living-With-Disabilities.pdf,6,"Associates - includes people who are a partner, carer, friend, and family member, business/sporting associate or work colleague. c. An Academic Integration Plan (AIP) is a document established by students with disabilities with their Disability Advisor outlining the reasonable adjustments or academic strategies that support them to complete their academic work while managing their symptoms. Carer or Care giver means a person who provides personal care, support and assistance to another person because of their disability and age-related needs. This excludes care, support or assistance provided as part of paid or unpaid work, a service provision contract, and/or education or training program. A person is not inherently considered a carer solely on the basis of their family and/or domestic relationship to the person in need of care.",127
Makerere-Policy-on-Persons-Living-With-Disabilities.pdf_chunk_7,Makerere-Policy-on-Persons-Living-With-Disabilities.pdf,7,"A person is not inherently considered a carer solely on the basis of their family and/or domestic relationship to the person in need of care. Disability is defined as a permanent and substantial functional limitation of daily life activities caused any physical or sensory impairment and environmental barriers resulting in limited participations (National Policy on Disability in Uganda 2006). The policy focuses on the following disabilities; Difficulty in hearing; Difficulty in speaking and conveying messages; Difficulty in moving around and using other body parts; Difficulty in seeing; Strange behavior; Epilepsy;  Difficulty in learning;  Leprosy; Loss of feeling Multiple disabilities (A combination of any of the above disabilities) Flexible work arrangements means arrangements in which the supervisor and staff member jointly decide on friendly work arrangements for example changes to hours of study or work, location, and/or the way work is carried out.",142
Makerere-Policy-on-Persons-Living-With-Disabilities.pdf_chunk_8,Makerere-Policy-on-Persons-Living-With-Disabilities.pdf,8,"The policy focuses on the following disabilities; Difficulty in hearing; Difficulty in speaking and conveying messages; Difficulty in moving around and using other body parts; Difficulty in seeing; Strange behavior; Epilepsy;  Difficulty in learning;  Leprosy; Loss of feeling Multiple disabilities (A combination of any of the above disabilities) Flexible work arrangements means arrangements in which the supervisor and staff member jointly decide on friendly work arrangements for example changes to hours of study or work, location, and/or the way work is carried out. Harassment on the grounds of disability includes s intimidation, insults or humiliation of any person(living with disability. Indirect discrimination on the grounds of disability occurs when a person with a disability is expected to meet criteria, rules or policy that apply to all persons, but that have an unfair effect on people with disabilities.",137
Makerere-Policy-on-Persons-Living-With-Disabilities.pdf_chunk_9,Makerere-Policy-on-Persons-Living-With-Disabilities.pdf,9,"Indirect discrimination on the grounds of disability occurs when a person with a disability is expected to meet criteria, rules or policy that apply to all persons, but that have an unfair effect on people with disabilities. For example, making the only entrance to premises by stairs, which means the premises are inaccessible to people with mobility disability, or the provision of information in forms that are inaccessible to people with a print disability. Inherent requirements are the core activities, tasks or skills that are essential to a workplace in general, and to a specific position. They are a major part of the job, and result in significant consequences if they are not performed. Inherent are also special components of a program or subject that demonstrate the abilities, knowledge and Skills to achieve the core learning outcomes of the program or subject.",142
Makerere-Policy-on-Persons-Living-With-Disabilities.pdf_chunk_10,Makerere-Policy-on-Persons-Living-With-Disabilities.pdf,10,"Inherent are also special components of a program or subject that demonstrate the abilities, knowledge and Skills to achieve the core learning outcomes of the program or subject. On the same basis - means that a person with a disability is able to seek admission, employment, participate in University programs, and use University facilities and services equally like any other member of staff of the University or student. Reasonable adjustments means administrative, environmental and or procedural alterations in the employment or learning situation which remove barriers for people with a disability so that they can perform the inherent requirements of the job or program of study. Reasonable Adjustment Plan (RAP) means the University plan to set up or to cater for the needs of the persons with disabilities using the facilities or accessing the services of the University. .",139
Makerere-Policy-on-Persons-Living-With-Disabilities.pdf_chunk_11,Makerere-Policy-on-Persons-Living-With-Disabilities.pdf,11,". Universal design means a design of products, communications and built environments, to be usable by as many people as possible at a minimum or no extra cost without the need for adaptation to or specialized design. A universal design approach to curricula is student-centered, inclusive and enables students with a disability to demonstrate equivalence in learning outcomes. Unjustifiable hardship means an exception that allows an organization to reject making an adjustment because the cost involved and the impact on the organization and/or other persons would be very high vis-a-vis the Universitys financial 0 situation. In determining whether an adjustment would involve unjustifiable hardship, all relevant circumstances of the situation must be taken into account. o. Unlawful discrimination  means; Treating or proposing to treat a person with a disability less favorably than a person without any disability in circumstances that are the same or not materially different.",147
Makerere-Policy-on-Persons-Living-With-Disabilities.pdf_chunk_12,Makerere-Policy-on-Persons-Living-With-Disabilities.pdf,12,"Unlawful discrimination  means; Treating or proposing to treat a person with a disability less favorably than a person without any disability in circumstances that are the same or not materially different. For the avoidance of doubt, the circumstances shall not be considered materially different due to the fact that different accommodation or services may be required by the person with a disability; unreasonably requiring a person with a disability to comply with a requirement or condition which he or she is unable to comply with due to his or her disability in the circumstances; or Treating a person with a disability less favorably because he or she is accompanied by or is in the possession and or using of a palliative or therapeutic device or an auxiliary aid, or an interpreter, assistant, carer or an assistance animal (e.g. a guide or hearing dog).",143
Makerere-Policy-on-Persons-Living-With-Disabilities.pdf_chunk_13,Makerere-Policy-on-Persons-Living-With-Disabilities.pdf,13,"a guide or hearing dog). p. Victimization means threatening to use or use of less favorable treatment of a person with a disability for his or her participation in making, supporting the resolution and or resolving a complaint, whether that participation was actual, intended or presumed. PROCEDURES a. This Policy should be implemented in conjunction with the 1995 Constitution of the Republic of Uganda (as amended), the Persons with Disability Act 2020 and the national Equal Opportunity Policy The above legislative and policy provisions make it unlawful for any Person to discriminate against any Person, in the provision of educational, employment, services and facilities on the basis of disability. Students and prospective students living with a disability must be able to access and participate in education on the same basis as other students. b.",134
Makerere-Policy-on-Persons-Living-With-Disabilities.pdf_chunk_14,Makerere-Policy-on-Persons-Living-With-Disabilities.pdf,14,"b. The University shall protect the access to confidential information relating to students and staff with disabilities in its possession. Access to such information will be restricted to staff with a legitimate need to access such information in the execution of the mandate of the University. Such members of staff may include Staff designated as Disability Service staff, and Welfare staff, direct supervisors or managers, Program Coordinators, Examinations Officers or Deans. Access to the Medical and diagnostic specifics of the nature of the disability or condition of a person living with disability shall not be accessed by a supervisor or teaching staff except for legitimate reasons; and in such circumstances such information may be accessed only with the written consent of the person with the disability or health condition.",129
Makerere-Policy-on-Persons-Living-With-Disabilities.pdf_chunk_15,Makerere-Policy-on-Persons-Living-With-Disabilities.pdf,15,Access to the Medical and diagnostic specifics of the nature of the disability or condition of a person living with disability shall not be accessed by a supervisor or teaching staff except for legitimate reasons; and in such circumstances such information may be accessed only with the written consent of the person with the disability or health condition. c. A member of Staffand or a Student is not required to disclose his or her disability unless: An Academic Integration Plan (for students) or a Reasonable Adjustment Plan (for staff) is required to be developed and implemented; The disability or chronic health condition is likely to affect the staff or students capacity to meet the inherent requirements of the job or the subject or program.,124
Makerere-Policy-on-Persons-Living-With-Disabilities.pdf_chunk_16,Makerere-Policy-on-Persons-Living-With-Disabilities.pdf,16,"c. A member of Staffand or a Student is not required to disclose his or her disability unless: An Academic Integration Plan (for students) or a Reasonable Adjustment Plan (for staff) is required to be developed and implemented; The disability or chronic health condition is likely to affect the staff or students capacity to meet the inherent requirements of the job or the subject or program. d. In order to assist in the planning, provision of services and timing of implementation of adjustments Plans, prospective or current students and staff with disabilities are encouraged to identify any alternative requirements as soon as practicable. Failure to declare specific requirements at the earliest opportunity may lead to a disruption of a students study program, or a delay in service provision or of a staff members induction/return to the workplace and/or their capacity to maintain reasonable productivity at work.",146
Makerere-Policy-on-Persons-Living-With-Disabilities.pdf_chunk_17,Makerere-Policy-on-Persons-Living-With-Disabilities.pdf,17,"Failure to declare specific requirements at the earliest opportunity may lead to a disruption of a students study program, or a delay in service provision or of a staff members induction/return to the workplace and/or their capacity to maintain reasonable productivity at work. Such disruption or delay shall not be attributed to the University. 1 e. Reasonable adjustments are available to staff and students living with disabilities and will be developed and implemented to enable: a staff member with a disability to undertake the inherent requirements the position; or A student with a disability to access and participate in academic studies and to meet the academic standards and inherent requirements of the program. Reasonable Adjustment Plans for Staff The process for staff to formalise their adjustment requirements is by way of adherence to the Reasonable Adjustment Plan (RAP).",138
Makerere-Policy-on-Persons-Living-With-Disabilities.pdf_chunk_18,Makerere-Policy-on-Persons-Living-With-Disabilities.pdf,18,"Reasonable Adjustment Plans for Staff The process for staff to formalise their adjustment requirements is by way of adherence to the Reasonable Adjustment Plan (RAP). For staff this could mean adjusting access to buildings and rooms, modifying equipment, re-designing jobs or work areas and implementing more flexible work practices. For students it could mean adjustments to the mode of delivery of lectures or written material or the assessment process and timeframe. An adjustment is reasonable if it takes into account the requirements of the person and balances the interests of all parties affected.",93
Makerere-Policy-on-Persons-Living-With-Disabilities.pdf_chunk_19,Makerere-Policy-on-Persons-Living-With-Disabilities.pdf,19,"An adjustment is reasonable if it takes into account the requirements of the person and balances the interests of all parties affected. Consideration needs to be given to: a. the effect of the adjustment on the persons ability to meet the inherent requirements of the job or successfully achieve the inherent learning outcomes of the subject or program; b. the costs and benefits of making the adjustment; and The interests of all parties affected, including those of the student or staff member with the disability, the University, staff and other students or colleagues.",93
Makerere-Policy-on-Persons-Living-With-Disabilities.pdf_chunk_20,Makerere-Policy-on-Persons-Living-With-Disabilities.pdf,20,"Consideration needs to be given to: a. the effect of the adjustment on the persons ability to meet the inherent requirements of the job or successfully achieve the inherent learning outcomes of the subject or program; b. the costs and benefits of making the adjustment; and The interests of all parties affected, including those of the student or staff member with the disability, the University, staff and other students or colleagues. The University is committed to ensuring that the workplace provides reasonable adjustments to meet the specific requirements of staff with a disability through the provision of adjustments, including: a. flexible work arrangements; b. modifications to work premises; changes to job design, working hours and schedules or other work practices; e d. modifications to equipment; e. Provision of training or other assistance.",132
Makerere-Policy-on-Persons-Living-With-Disabilities.pdf_chunk_21,Makerere-Policy-on-Persons-Living-With-Disabilities.pdf,21,"The University is committed to ensuring that the workplace provides reasonable adjustments to meet the specific requirements of staff with a disability through the provision of adjustments, including: a. flexible work arrangements; b. modifications to work premises; changes to job design, working hours and schedules or other work practices; e d. modifications to equipment; e. Provision of training or other assistance. The requirement to provide adjustments for staff with a disability applies to all areas of employment, including: a. recruitment, selection and appointment; b. training and career development; study and conference leave;  d. performance management; and e. Promotion, transfer or any other benefit. Adjustments may be permanent or temporary, depending on the nature of the disability or condition and the requirements of the individual. The degree and nature of the disability may also change over time and require regular review of additional or alternative adjustments.",145
Makerere-Policy-on-Persons-Living-With-Disabilities.pdf_chunk_22,Makerere-Policy-on-Persons-Living-With-Disabilities.pdf,22,"The degree and nature of the disability may also change over time and require regular review of additional or alternative adjustments. Reasonable adjustments in the workplace may be required when a person has: a. a pre-existing or established condition of or disability; b. an acquired condition of or disability, whether temporary or permanent; or c. A non-work-related injury or illness, which may be temporary or permanent. In instances where an injury results in an ongoing disability, a Reasonable Adjustment Plan may be appropriate to support such a staff member in the workplace following the completion of a Return to Work Plan. Injury Management Coordinators will refer the affected staff to the Equity, Diversity and Wellbeing in these situations and facilitate the transition in supporting the staff concerned.",127
Makerere-Policy-on-Persons-Living-With-Disabilities.pdf_chunk_23,Makerere-Policy-on-Persons-Living-With-Disabilities.pdf,23,"Injury Management Coordinators will refer the affected staff to the Equity, Diversity and Wellbeing in these situations and facilitate the transition in supporting the staff concerned. c. In case the University determines that an adjustment would cause it unjustifiable hardship, it shall take in to account: is the benefits or disadvantages that would be caused by making the reasonable adjustment; the effect of the disability on the student or staff member; The costs of making the reasonable adjustment in the context of the Universitys financial situation. 2 Staff Requesting and Initiating a Reasonable Adjustment Plan A request for reasonable adjustment in the workplace may be made by a member of staff (or a potential member of staff) or their supervisor, with the consent of the staff member concerned. Disclosure of a disability can be made to the Directorate of Human Resources or the staff members supervisor.",146
Makerere-Policy-on-Persons-Living-With-Disabilities.pdf_chunk_24,Makerere-Policy-on-Persons-Living-With-Disabilities.pdf,24,"Disclosure of a disability can be made to the Directorate of Human Resources or the staff members supervisor. A Member of Staff and a prospective member of staff with a disability, or carers, are encouraged to seek advice and assistance from the Directorate of Human Resources on concerns of or information relating to Reasonable Adjustment Plans. Members of Staff are responsible for assisting supervisors and any Member or staff or concerned person requesting an adjustment to determine the most appropriate reasonable adjustments in the workplace. New members of staff are encouraged to complete the staff Equal Opportunity Survey form in the Directorate of Human Resources and indicate if they have a disability for which they require an adjustment. The University Management will be advised of a member of staffs request if the person indicates on the Equal Opportunity Survey that they have a disability for which they require an adjustment.",150
Makerere-Policy-on-Persons-Living-With-Disabilities.pdf_chunk_25,Makerere-Policy-on-Persons-Living-With-Disabilities.pdf,25,"The University Management will be advised of a member of staffs request if the person indicates on the Equal Opportunity Survey that they have a disability for which they require an adjustment. Disability Support Center staff will then contact the staff member to offer assistance in developing appropriate and reasonable adjustments. Existing staff who acquire a temporary or permanent disability are also encouraged to review their entry on the Equal Opportunity Survey database at the time they seek adjustment, to ensure that effective measurement and resourcing of disability services to staff can be maintained. A member of staff who requires an adjustment because of an existing disability should request such reasonable adjustment as early as possible in the employment process.",120
Makerere-Policy-on-Persons-Living-With-Disabilities.pdf_chunk_26,Makerere-Policy-on-Persons-Living-With-Disabilities.pdf,26,"A member of staff who requires an adjustment because of an existing disability should request such reasonable adjustment as early as possible in the employment process. Opportunities for enquiring about and/or requesting adjustments may most commonly arise: during the selection/interview process; at orientation or induction processes; when planning for organizational change; in developing Workload Agreements; or 3 At any stage of the performance management cycle. A member of staff who has disclosed a disability may, with his or her consent, also be referred by other members of staff. Including a Supervisor and Personnel from the Directorate of Human Resources. Opportunities for new members of staff to formally disclose a disability should be made available after an employment contract has been finalised, including during induction processes. Disability staff are available to assist staff and students in making disclosure decisions.",138
Makerere-Policy-on-Persons-Living-With-Disabilities.pdf_chunk_27,Makerere-Policy-on-Persons-Living-With-Disabilities.pdf,27,"Disability staff are available to assist staff and students in making disclosure decisions. The Disability Service will also assist students with disclosure decisions and may work with the Disability Centre to meet the needs of members of staff who are also students of the University. Documentation for Staff Members of Staff who seek reasonable adjustments in the workplace shall provide current (no more than 6 months old) documentation of assessments of such disability from a recognised medical or other recognised professional specialist, to confirm their disability/health condition with arecommendations on the most appropriate type of workplace adjustments. Medical documentation is required to: support the assessment of reasonableness of the request for adjustments in the circumstances; and Ensure that only ergonomically/medically appropriate adjustments are provided.",124
Makerere-Policy-on-Persons-Living-With-Disabilities.pdf_chunk_28,Makerere-Policy-on-Persons-Living-With-Disabilities.pdf,28,"Medical documentation is required to: support the assessment of reasonableness of the request for adjustments in the circumstances; and Ensure that only ergonomically/medically appropriate adjustments are provided. Documentation in support of a Reasonable Adjustment Plan may be required more or less frequently, depending on the nature of the disabilities/conditions affecting the staff and their impact in the workplace. Medical documentation must remain up- to-date and relevant to the current requirements of the member of staffs position at the workplace. Staff with a temporary, degenerative and/or episodic condition shall provide documentation more frequently, whereas staff with a permanent and stable disability which is unlikely to change over time shall be required to provide documentation at longer intervals. This will be determined at the discretion of the Senior Staff Disability Advisor.",129
Makerere-Policy-on-Persons-Living-With-Disabilities.pdf_chunk_29,Makerere-Policy-on-Persons-Living-With-Disabilities.pdf,29,"This will be determined at the discretion of the Senior Staff Disability Advisor. The documentation will include information on the disability and the functional limitations it involves and, as far as possible, provide recommendations on the appropriate type of workplace adjustments which are required to support the disability. Reasonable adjustments may include flexible work practices and reduced hours of work if appropriate. Medical documentation relating to a member of staffs disability shall only be submitted to the Directorate of Human Resources, and information provided to supervisors shall relate solely to the appropriate adjustments required in the workplace.",97
Makerere-Policy-on-Persons-Living-With-Disabilities.pdf_chunk_30,Makerere-Policy-on-Persons-Living-With-Disabilities.pdf,30,"Medical documentation relating to a member of staffs disability shall only be submitted to the Directorate of Human Resources, and information provided to supervisors shall relate solely to the appropriate adjustments required in the workplace. Medical documents provided by the member of staff for the purpose of a Reasonable Adjustment Plan shall not be placed on the files of People and files of the staff member with a disability (unless requested in writing by the member of staff with the adjustment), but shall be kept on file in the Directorate of Human Resources. The University may, upon recommendation of the Director, University Hospital, refer the member of staff to a medical practitioner, psychologist or other relevant health professional of its choosing for assessment of the staff members disability and for a recommendation of relevant adjustments required in the workplace.",139
Makerere-Policy-on-Persons-Living-With-Disabilities.pdf_chunk_31,Makerere-Policy-on-Persons-Living-With-Disabilities.pdf,31,"The University may, upon recommendation of the Director, University Hospital, refer the member of staff to a medical practitioner, psychologist or other relevant health professional of its choosing for assessment of the staff members disability and for a recommendation of relevant adjustments required in the workplace. Any medical assessments of this nature shall be intended only for the purpose of determining the need for, nature of, and possibility of making any required reasonable adjustment. Where it is recommended that a member of staff works from home for a period of time, as a component of a Reasonable Adjustment Plan, the member of staff with the disability will complete a Working from Home Checklist Agreement, to be retained on file by the Directorate of Human Resources as an appendix to the Reasonable Adjustment Plan.",133
Makerere-Policy-on-Persons-Living-With-Disabilities.pdf_chunk_32,Makerere-Policy-on-Persons-Living-With-Disabilities.pdf,32,"Where it is recommended that a member of staff works from home for a period of time, as a component of a Reasonable Adjustment Plan, the member of staff with the disability will complete a Working from Home Checklist Agreement, to be retained on file by the Directorate of Human Resources as an appendix to the Reasonable Adjustment Plan. A member of staff shall provide the Medical documentation to the Directorate of Human Resource at the time of the formal request for adjustment being made, or the development of a formal Reasonable Adjustment Plan shall lapse. A Reasonable Adjustment Plan Request Form can be downloaded via the Directorate of Human Resource webpage. . The University may require more detailed advice from medical specialists to refine the adjustments required. A Reasonable Adjustment Plan shall not be developed without supporting medical evidence. 4 Action on Staff Adjustments a.",146
Makerere-Policy-on-Persons-Living-With-Disabilities.pdf_chunk_33,Makerere-Policy-on-Persons-Living-With-Disabilities.pdf,33,"4 Action on Staff Adjustments a. Upon receiving a request from a member of staff for the provision of an adjustment Plan(, the member of staffs supervisor shall make every reasonable effort to act on the request in a timely manner. Actions taken by a supervisor may include: seeking advice from the Directorate of Human Resource and or referring the member of staff for advice; ii, requesting information about staff entitlements or relevant policies from the Office of the Directorate of Human Resource; ensuring that arrangements are made available for required adjustments, often in consultation with their School or Unit/Division managers; Ensuring that relevant administrative staff make the necessary arrangements for the implementation of the required adjustments, e.g. timetabling or staffing changes. b.",123
Makerere-Policy-on-Persons-Living-With-Disabilities.pdf_chunk_34,Makerere-Policy-on-Persons-Living-With-Disabilities.pdf,34,"b. Upon receipt of a request for the development of a Reasonable Adjustment Plan, the Staff Disability Advisor will consult with the member of staff on the following matters as may be deemed relevant: the nature, severity and duration of the disability, injury or illness; the functional limitations placed on the staff member by the disability or condition; whether the disability or condition is likely to change over time and the most relevant and appropriate review timeframe; 5 c. what specific adjustments, if any, have been suggested or can be identified by the staff member; and Whether further specialist evaluation is required to identify and implement appropriate adjustments. The development of a Reasonable Adjustment Plan shall be prioritised on a needs basis, as determined by the Senior Staff Disability Advisor. The Senior Staff Disability Advisor shall open a confidential Reasonable Adjustment file to record the information outlined above.",148
Makerere-Policy-on-Persons-Living-With-Disabilities.pdf_chunk_35,Makerere-Policy-on-Persons-Living-With-Disabilities.pdf,35,"The Senior Staff Disability Advisor shall open a confidential Reasonable Adjustment file to record the information outlined above. The Reasonable Adjustment file, including the completed Plan, will be kept on file in separate from the member of staffs personnel records which are held within the Office of the Directorate of Human Resources. The Reasonable Adjustment file will only, except with the written consent of the member of staff, be accessible to the member of staff and the relevant Disability Support Center staff members. If further evaluation is required, information may be sought from other sources, as appropriate and in consultation with the staff member, from; a specialist medical practitioner; an occupational therapist or other allied health provider; a disability service provider; The adjustment required will be determined on the basis of the particular needs of the staff member.",138
Makerere-Policy-on-Persons-Living-With-Disabilities.pdf_chunk_36,Makerere-Policy-on-Persons-Living-With-Disabilities.pdf,36,"If further evaluation is required, information may be sought from other sources, as appropriate and in consultation with the staff member, from; a specialist medical practitioner; an occupational therapist or other allied health provider; a disability service provider; The adjustment required will be determined on the basis of the particular needs of the staff member. The Senior Staff Disability Advisor will consider the preferences and views of the staff member, in conjunction with medical advice, in negotiating and determining the most appropriate and efficient approach to making reasonable adjustments. Any claim of unjustifiable hardship made by a member of staff responsible for implementing adjustments will be referred to the Directorate of Human Resource. Administration of Staff Adjustments Once an assessment has been made, the implementation of the adjustments will be discussed at a meeting convened by staff from the Directorate of Human Resources, involving the supervisor and the staff member.",150
Makerere-Policy-on-Persons-Living-With-Disabilities.pdf_chunk_37,Makerere-Policy-on-Persons-Living-With-Disabilities.pdf,37,"Administration of Staff Adjustments Once an assessment has been made, the implementation of the adjustments will be discussed at a meeting convened by staff from the Directorate of Human Resources, involving the supervisor and the staff member. The supervisor, as the Responsible 13 6 Officer, will be responsible for the day-to-day implementation of the adjustment in the workplace. Every effort will be made to implement adjustments in a timely, effective and efficient manner. . The supervisor responsible for signing the Reasonable Adjustment Plan and implementing adjustments shall be the affected member of staffs immediate supervisor where possible. This University delegated officer (the Responsible Officer) should have sufficient seniority to ensure that the required adjustments are implemented with the greatest possible efficiency and confidentiality. Where alterations are required to buildings or facilities, the relevant School or Division will negotiate with the Office of Estate and Works to carry out the alterations.",150
Makerere-Policy-on-Persons-Living-With-Disabilities.pdf_chunk_38,Makerere-Policy-on-Persons-Living-With-Disabilities.pdf,38,"Where alterations are required to buildings or facilities, the relevant School or Division will negotiate with the Office of Estate and Works to carry out the alterations. A record of alterations or plans in progress should be forwarded to the Directorate of Human Resource. . A University Reasonable Adjustment Plan shall be deemed finalised when a copy of the Reasonable Adjustment Plan record, signed by both the member of staff and the responsible supervisor (on behalf of the University) has been received by the Directorate of Human Resources. All parties are required to participate in the timely and effective completion of adjustment arrangements. Where a concern is raised about the reasonableness of an adjustment which cannot be resolved by the Senior Staff Disability Advisor in the context of facilitating the Reasonable Adjustment Plan, the matter will be referred to the Directorate of Human Resource.",144
Makerere-Policy-on-Persons-Living-With-Disabilities.pdf_chunk_39,Makerere-Policy-on-Persons-Living-With-Disabilities.pdf,39,"Where a concern is raised about the reasonableness of an adjustment which cannot be resolved by the Senior Staff Disability Advisor in the context of facilitating the Reasonable Adjustment Plan, the matter will be referred to the Directorate of Human Resource. A final decision on whether adjustment is reasonable will be made by the Vice-Chancellor. Costs of Staff Adjustments The costs of making reasonable adjustments shall be the obligation for the University. Wherever practicable, the Senior Staff Disability Advisor will seek to access funding for adjustments through available external funding sources. Otherwise, the costs of implementing workplace adjustment (e.g., further medical or work health assessment, provision of assistive equipment, individual workplace modifications or flexibility in ways of working) will be funded by the Directorate of Human Resources.",127
Makerere-Policy-on-Persons-Living-With-Disabilities.pdf_chunk_40,Makerere-Policy-on-Persons-Living-With-Disabilities.pdf,40,"Otherwise, the costs of implementing workplace adjustment (e.g., further medical or work health assessment, provision of assistive equipment, individual workplace modifications or flexibility in ways of working) will be funded by the Directorate of Human Resources. 7 1 Adjustments involving alterations to buildings, grounds or facilities will be conducted by Directorate of Estates and Works subject to availability of funds. The cost of Personal aids or equipment that are required by the member of staff for private, non-work related purposes will not be funded by the University. Monitoring Staff Reasonable Adjustment Plans Reasonable Adjustment Plans shall be reviewed on a needs basis, as maybe agreed by the member of Staff and the Supervisor (on behalf of the University), in consultation with the Senior Staff Disability Advisor.",126
Makerere-Policy-on-Persons-Living-With-Disabilities.pdf_chunk_41,Makerere-Policy-on-Persons-Living-With-Disabilities.pdf,41,"Monitoring Staff Reasonable Adjustment Plans Reasonable Adjustment Plans shall be reviewed on a needs basis, as maybe agreed by the member of Staff and the Supervisor (on behalf of the University), in consultation with the Senior Staff Disability Advisor. Where the circumstances of a member of staff with a disability change in relation to their health, working arrangements, allocated supervisor, office location, and/or other relevant considerations, he or she and the or her supervisor shall advise the University Disability Centre team. The Director Human Resources, shall be responsible for evaluating, monitoring and reporting on the Staff Workplace Adjustment Program, associated funding, and consulting with relevant persons on any recommended changes. Resource documents and further information on the provision of workplace adjustments for staff and carers of persons with disabilities shall be provided by Directorate of Human Resources.",137
Makerere-Policy-on-Persons-Living-With-Disabilities.pdf_chunk_42,Makerere-Policy-on-Persons-Living-With-Disabilities.pdf,42,"Resource documents and further information on the provision of workplace adjustments for staff and carers of persons with disabilities shall be provided by Directorate of Human Resources. Selection, Admission and Enrolment of Students Applicants, for Study at the University, with a disability will be admitted as students to the Makerere University subject to meeting the academic entry requirements which apply to all students enrolling in the same program at the relevant time. Students with a disability will also be able to apply for admission under the range of Special Admission Schemes available within the University. Such Schemes provide an opportunity to students to be considered for admission by the University where the students disability has disadvantaged him or her in meeting the relevant academic requirements for a particular programme.",129
Makerere-Policy-on-Persons-Living-With-Disabilities.pdf_chunk_43,Makerere-Policy-on-Persons-Living-With-Disabilities.pdf,43,"Such Schemes provide an opportunity to students to be considered for admission by the University where the students disability has disadvantaged him or her in meeting the relevant academic requirements for a particular programme. 2 To be approved for admission under these Schemes, the student has to have the academic and functional ability to complete the chosen program of study and meet the inherent requirements of the program, subject to the provision of any reasonable adjustments and support services required to eliminate barriers to access and inclusion. Makerere University offers all students an orientation program. This program includes information on available support services and policies relating to persons living with disabilities. Information on services to assist students with disabilities will be publicised on the University web site.",127
Makerere-Policy-on-Persons-Living-With-Disabilities.pdf_chunk_44,Makerere-Policy-on-Persons-Living-With-Disabilities.pdf,44,"Information on services to assist students with disabilities will be publicised on the University web site. Support for Students with a Disability As part of academic support services, the University offers a range of specialised services and programs to students with disabilities. These include pre-enrolment advice and assistance with enrolment; orientation; academic note-taking services; personal readers; carers/ helpers and Sign Language interpreters; relocation of lectures where necessary for access and liaison with teaching staff in relation to reasonable adjustments and provision of assistive devices to enhance academic integration. The Disability Advisor is the nominated contact person responsible for ensuring that a student with a disability is provided with appropriate support and services. Students with disabilities are strongly encouraged to make contact with the Disability Service prior to enrolment or before the commencement of semester.",134
Makerere-Policy-on-Persons-Living-With-Disabilities.pdf_chunk_45,Makerere-Policy-on-Persons-Living-With-Disabilities.pdf,45,"Students with disabilities are strongly encouraged to make contact with the Disability Service prior to enrolment or before the commencement of semester. This will provide sufficient time for the University to identify the students requirements and for the Disability Advisor to organise and implement appropriate reasonable adjustments. Students are required, at the time of registering with the Disability Service, to submit relevant documentation of assessment from an accredited health or educational professional. The documentation is to include information of the nature of the disability and recommendations on the type of adjustments required. Recommendations will be considered but may not be implemented as 3 recommended. Documentation is not acceptable if its more than two years old. Students may be requested to periodically provide documentation on re-assessment.",125
Makerere-Policy-on-Persons-Living-With-Disabilities.pdf_chunk_46,Makerere-Policy-on-Persons-Living-With-Disabilities.pdf,46,"Students may be requested to periodically provide documentation on re-assessment. In the event that appropriate documentation is not available at the time of registering, the Disability Advisor may accept an interim medical certificate or educational report. The interim certificate/report will be valid for University documentation for a maximum period of four-weeks from the date of registration. An individual plan, to be designated as the Academic Integration Plan, will be developed for each student with a disability or chronic health condition registered with the Disability Service. The Academic Integration Plan will not disclose the nature of the students disability or chronic health condition. The Academic Integration Plan will set out the specific reasonable adjustments required by the individual student. The University will, within a reasonable time frame, implement the Academic Integration Plan. Academic Integration Plans will be reviewed periodically.",138
Makerere-Policy-on-Persons-Living-With-Disabilities.pdf_chunk_47,Makerere-Policy-on-Persons-Living-With-Disabilities.pdf,47,"Academic Integration Plans will be reviewed periodically. Students are required to give written approval for the Academic Integration Plan to be distributed to lecturers and relevant staff for implementation. Students are required to sign an Academic Integration Plan Distribution Consent form prior to an Academic Integration Plan being distributed. Makerere University will appoint Unit Disability Coordinators across the University. The unit Disability Coordinator will be a contact point for the Disability Advisors, students with disabilities and teaching staff within each Unit/School. The School/Unit Disability Coordinator will be a resource to other academics on implementation of adjustments set out in the Academic Integration Plan in relation to teaching and assessment. School/Unit Disability Coordinator will assist with the organisation of individual student examination arrangements and appropriate methods of assessment. School Disability Coordinator will meet regularly with Disability Service staff.",137
Makerere-Policy-on-Persons-Living-With-Disabilities.pdf_chunk_48,Makerere-Policy-on-Persons-Living-With-Disabilities.pdf,48,"School Disability Coordinator will meet regularly with Disability Service staff. Curriculum Development, Accreditation and Delivery Before a subject is approved by the University Senate, the inherent requirements of the subject must be identified and included in the subject handout. It must be 4 demonstrated that reasonable requirements of students with disabilities, in relation to curriculum, field work, laboratory work, practicum, teaching practices and assessment, have been taken into consideration in the program design. Wherever possible, inclusive teaching and assessment practices will be incorporated into curricula, program delivery and assessment. Reasonable Adjustments in Teaching and Assessment Makerere University will develop guidelines for the adjustments to be provided in relation to teaching practices and assessment.",113
Makerere-Policy-on-Persons-Living-With-Disabilities.pdf_chunk_49,Makerere-Policy-on-Persons-Living-With-Disabilities.pdf,49,"Reasonable Adjustments in Teaching and Assessment Makerere University will develop guidelines for the adjustments to be provided in relation to teaching practices and assessment. Examples of appropriate adjustments include lectures that make use of formats and approaches suitable for students with vision or hearing impairments; individual exam conditions such as scribes, extra time or enlarged print papers; alternative forms of assessment such as oral exams; appropriate adjustments to field work, laboratory work and practicum according to the nature of the disability. Wherever possible and appropriate, the Disability Service will provide registered students with program material in an accessible alternative format. A student may be required to purchase an electronic version of a text book rather than print copy.",118
Makerere-Policy-on-Persons-Living-With-Disabilities.pdf_chunk_50,Makerere-Policy-on-Persons-Living-With-Disabilities.pdf,50,"A student may be required to purchase an electronic version of a text book rather than print copy. Where appropriate, a student with a disability or chronic health condition may be approved to have a Note taker, Reader, Practical Assistant, or Sign Language interpreter who must follow specific instructions provided by the Disability Service. While students are required to meet subject/program assessment requirements as determined by the University, provision will be made for reasonable variations in assessment in order to meet the requirements of the student with a disability. Any student with a disability who may require reasonable adjustments in a subject are requested to seek advice and assistance at the commencement of the term, or soon thereafter, from the Disability Advisor or School Disability Coordinator. Students with disabilities will be permitted to use aids or assistance appropriate to their disability or chronic health condition during examinations.",147
Makerere-Policy-on-Persons-Living-With-Disabilities.pdf_chunk_51,Makerere-Policy-on-Persons-Living-With-Disabilities.pdf,51,"Students with disabilities will be permitted to use aids or assistance appropriate to their disability or chronic health condition during examinations. Examination adjustments will be stipulated in the Academic Integration Plan. Notification of 18 5 exam adjustments will be provided by the Disability Service not less than thirty working days prior to the commencement of the main exam period. Students with a disability or chronic health condition will be permitted to use aids appropriate to suit their disability during lectures, tutorials, assessments, examinations and or during work experience or educational practicum/placements. Action on Adjustments - Academic Integration Plan Procedures More detailed information on the Disability Service guidelines, policies and procedures in relation to the provision of reasonable adjustments for students with disabilities will be available at the Disability support Centre.",130
Makerere-Policy-on-Persons-Living-With-Disabilities.pdf_chunk_52,Makerere-Policy-on-Persons-Living-With-Disabilities.pdf,52,"Action on Adjustments - Academic Integration Plan Procedures More detailed information on the Disability Service guidelines, policies and procedures in relation to the provision of reasonable adjustments for students with disabilities will be available at the Disability support Centre. The Disability Service, in conjunction with a student with a disability or chronic health condition, will undertake a comprehensive assessment at the time of registration. The assessment will be in line with the Persons with Disability Act 2020 and the National Equal opportunity policy This assessment will form the basis of the Academic Integration Plan. The plan will set out the academic, practicum, examination, library, security and information technology requirements the student will need whilst studying at Makerere University. Where appropriate, a student undertaking a professional placement may require the development of an additional Placement Integration Plan that includes adjustments specific to the placement/work experience.",144
Makerere-Policy-on-Persons-Living-With-Disabilities.pdf_chunk_53,Makerere-Policy-on-Persons-Living-With-Disabilities.pdf,53,"Where appropriate, a student undertaking a professional placement may require the development of an additional Placement Integration Plan that includes adjustments specific to the placement/work experience. The Academic Integration Plan will be sufficiently flexible to enable modification or additional adjustments to be incorporated into the plan to reflect changes in circumstances or health status. Students will negotiate any changes to the Academic Integration Plan with the Disability Service. The distribution and implementation of the Academic Integration Plan to relevant academic staff is the responsibility of the Head of Department. The Academic Integration Plan is to be implemented by the relevant Academic offices within five  working days of the Academic Integration Plan being sent electronically to the Subject Coordinator. e. 7 An electronic copy of the Academic Integration Plan will be sent to the students University email account within two working days of the Academic Integration Plan being finalised.",148
Makerere-Policy-on-Persons-Living-With-Disabilities.pdf_chunk_54,Makerere-Policy-on-Persons-Living-With-Disabilities.pdf,54,"e. 7 An electronic copy of the Academic Integration Plan will be sent to the students University email account within two working days of the Academic Integration Plan being finalised. Students should discuss the plan with the Subject or Practicum Coordinator, lecturer, School Disability Coordinator and/or tutor in a timely period after receiving their Academic Integration Plan. Academic Integration Plans (AIP) Procedures Academic Integration Plans will be issued to Heads of Department by the Disability office not less than ten working days prior to the commencement of the semester. New or amended Academic Integration Plans developed after this period will be issued within two working days. Heads of Department are responsible for ensuring all the adjustments stipulated in the Academic Integration Plan are implemented by the lecturers teaching in the nominated subjects within five working days of receiving the Academic Integration Plan.",142
Makerere-Policy-on-Persons-Living-With-Disabilities.pdf_chunk_55,Makerere-Policy-on-Persons-Living-With-Disabilities.pdf,55,"Heads of Department are responsible for ensuring all the adjustments stipulated in the Academic Integration Plan are implemented by the lecturers teaching in the nominated subjects within five working days of receiving the Academic Integration Plan. Practicum/Placement Coordinators are responsible for ensuring the appropriate adjustments are implemented in the teaching/work environment. Academic Assistance The Course Coordinator is responsible for reviewing, the provisions and ensuring the implementation of the academic reasonable adjustments included in the Academic Integration Plan. The school/college Disability Coordinator is to liaise directly with College/ School Course Coordinators concerning any recommendations that may have significant impact on the teaching or assessment of the subject. Where implementation of the reasonable adjustments set out in the Academic Integration Plan is withheld, the Heads of Department must notify the Disability Advisor in writing within five working days from date of receipt of the Academic Integration Plan indicating rationale for the decision.",150
Makerere-Policy-on-Persons-Living-With-Disabilities.pdf_chunk_56,Makerere-Policy-on-Persons-Living-With-Disabilities.pdf,56,"Where implementation of the reasonable adjustments set out in the Academic Integration Plan is withheld, the Heads of Department must notify the Disability Advisor in writing within five working days from date of receipt of the Academic Integration Plan indicating rationale for the decision. If necessary, the School Disability Coordinator will convene a meeting between the Head of Department, the Disability Advisor and/or the student, within five working days of notification of non-approval of the plan, to resolve the difficulties. 20 ga j. If there is no objection to the Academic Integration Plan, it is to be distributed to relevant lecturers and implemented within five working days from the date of receipt. The Academic Integration Plan will state the reasonable adjustments required by the student for in-class tests and formal end-of-Semester examinations.",132
Makerere-Policy-on-Persons-Living-With-Disabilities.pdf_chunk_57,Makerere-Policy-on-Persons-Living-With-Disabilities.pdf,57,"The Academic Integration Plan will state the reasonable adjustments required by the student for in-class tests and formal end-of-Semester examinations. The College Principals will be responsible for ensuring that all coordinated examinations, including deferred examinations requirements, are implemented for students registered with the College/ School. The School Disability Coordinator and the School/College Registrar are responsible for assisting academic staff with the implementation of examination provisions for students with a disability for all non-coordinated examinations (exams occurring outside of the official coordinated Examination period). Where appropriate, School Disability Coordinators will assist staff in the development of individual examination arrangements and alternative methods of assessments (e.g., oral examinations/presentations) to accommodate students with particular disabilities (e.g., hearing or hand/arm impairment). The Disability Service Centre will provide and fund, where appropriate, a scribe, reader or practical assistant. Specialised equipment required will be supplied by the Disability Service.",143
Makerere-Policy-on-Persons-Living-With-Disabilities.pdf_chunk_58,Makerere-Policy-on-Persons-Living-With-Disabilities.pdf,58,"Specialised equipment required will be supplied by the Disability Service. The implementation of this policy is the responsibility of all staff and students of the University. All staff shall undertake to provide equity for students and other staff with disabilities and perform their duties in a non-discriminatory manner. Members of Staff: are expected to undertake development activities and staff development training to gain knowledge, skills and awareness of disability issues and the requirements of students and staff with a disability; Who are Managers and Academic Supervisors will ensure that persons living with a disability are not discriminated against or harassed in the workplace and in the college/ School.",108
Makerere-Policy-on-Persons-Living-With-Disabilities.pdf_chunk_59,Makerere-Policy-on-Persons-Living-With-Disabilities.pdf,59,"Members of Staff: are expected to undertake development activities and staff development training to gain knowledge, skills and awareness of disability issues and the requirements of students and staff with a disability; Who are Managers and Academic Supervisors will ensure that persons living with a disability are not discriminated against or harassed in the workplace and in the college/ School. This includes ensuring that there are no attitudinal or other barriers which result in less favorable treatment of persons with disabilities; 21 will assist in the implementation of Academic Integration Plans and Reasonable Adjustment Plans to provide equal access in all areas of employment, teaching and learning; will implement all the reasonable adjustments stipulated in the Academic Integration Plan and the Reasonable Adjustment Plan for staff and students who have a disability; are responsible for creating a climate in which students and other staff are encouraged to discuss issues arising from the impact of the disability on their studies or work; must have due regard for each persons right to privacy and confidentiality when seeking information for the purpose of making reasonable adjustments; With a disability will determine whether they declare their disability and will liaise appropriately with their supervisor to establish the most effective implementation of adjustments and the degree of assistance or adjustment which is required.",218
Makerere-Policy-on-Persons-Living-With-Disabilities.pdf_chunk_60,Makerere-Policy-on-Persons-Living-With-Disabilities.pdf,60,"This includes ensuring that there are no attitudinal or other barriers which result in less favorable treatment of persons with disabilities; 21 will assist in the implementation of Academic Integration Plans and Reasonable Adjustment Plans to provide equal access in all areas of employment, teaching and learning; will implement all the reasonable adjustments stipulated in the Academic Integration Plan and the Reasonable Adjustment Plan for staff and students who have a disability; are responsible for creating a climate in which students and other staff are encouraged to discuss issues arising from the impact of the disability on their studies or work; must have due regard for each persons right to privacy and confidentiality when seeking information for the purpose of making reasonable adjustments; With a disability will determine whether they declare their disability and will liaise appropriately with their supervisor to establish the most effective implementation of adjustments and the degree of assistance or adjustment which is required. k. Students Responsibilities: In Prospective or enrolled students with a disability are required to familiarize themselves with the inherent requirements of their chosen program before enrolment.",184
Makerere-Policy-on-Persons-Living-With-Disabilities.pdf_chunk_61,Makerere-Policy-on-Persons-Living-With-Disabilities.pdf,61,"k. Students Responsibilities: In Prospective or enrolled students with a disability are required to familiarize themselves with the inherent requirements of their chosen program before enrolment. Prospective students and/or enrolled students are to familiarize themselves with the eligibility criteria for registration with professional registration boards before enrolling in the program. order to obtain specific adjustments, it is necessary that people with a disability declare the nature of their disability in a timely manner and provide medical evidence to staff of the Disability Support Centre. i, Students with a disability have the right to not declare their disability. Implementation of reasonable adjustments to the educational program is only possible if the student declares their identity, the nature of their disability to the Disability Advisor, Disability Service Centre.",126
Makerere-Policy-on-Persons-Living-With-Disabilities.pdf_chunk_62,Makerere-Policy-on-Persons-Living-With-Disabilities.pdf,62,"Implementation of reasonable adjustments to the educational program is only possible if the student declares their identity, the nature of their disability to the Disability Advisor, Disability Service Centre. 22 m. Students with a disability who are enrolled in a program where practicums are an essential component may be requested to undertake, at no cost, an additional assessment to ensure the student is able to meet the inherent requirements of the practicum. n. Makerere University is committed to ensuring that all University buildings and facilities are accessible to students, staff and the wider community.",94
Makerere-Policy-on-Persons-Living-With-Disabilities.pdf_chunk_63,Makerere-Policy-on-Persons-Living-With-Disabilities.pdf,63,"n. Makerere University is committed to ensuring that all University buildings and facilities are accessible to students, staff and the wider community. The University will achieve this through an ongoing program of review and improvements to the physical access of existing buildings and facilities and ensuring that new buildings are accessible and compliant with the most current version of the Access to Premises Standards and be consistent with the requirements of the Persons with Disability Act o. Makerere Universitys Libraries and Information Technology Centres will make available resources in accessible format, services and professional assistance to support the information and research requirements of students and staff. The Universitys Libraries and Information Technology Centres will assist students and staff with a disability to ensure equitable access to information and technology services, including assistive technologies. p. The University will progressively ensure that all new website content complies with Disability Act. q.",149
Makerere-Policy-on-Persons-Living-With-Disabilities.pdf_chunk_64,Makerere-Policy-on-Persons-Living-With-Disabilities.pdf,64,"q. Persons living with disability will be encouraged to apply for positions at the University. All recruitment and selection processes will be inclusive of the requirements of persons living with disabilities. This includes processes such as advertising, job design, interviewing and medical assessments. Interview processes will be adjusted where the candidate has made a relevant disclosure within a reasonable period of the interview. rt. Persons living with disabilities will have the same terms and conditions by which employment is offered to persons without disabilities. s. Members of Staff with disabilities will have equal opportunities for promotion and career development. The University will provide appropriate assistance for members of staff with a disabilities to attend University approved work activities such as staff training, study and conference leave. 8 Work, Health and Safety. 1: Budget a.",134
Makerere-Policy-on-Persons-Living-With-Disabilities.pdf_chunk_65,Makerere-Policy-on-Persons-Living-With-Disabilities.pdf,65,"1: Budget a. The University will, as part of its cyclic budget process, determine an appropriate allocation of funding to resource disability support services to students and staff. The funding will be allocated as a budget to the areas responsible for administering disability policy and it will be the responsibility of those areas to develop a detailed budget plan and to report on expenditure of funding against that budget plan, income performance, output and appropriate performance measures. In determining the annual allocation, the University needs to take into account the requirement that funding should be available for the provision of physical access, and reasonable workplace and teaching and learning accommodations and other support requirements of students and staff with disabilities. b. Staff and students who believe they have been treated unfairly on the grounds of disability are encouraged to use the University procedures on appeals, grievances and complaints.",148
Makerere-Policy-on-Persons-Living-With-Disabilities.pdf_chunk_66,Makerere-Policy-on-Persons-Living-With-Disabilities.pdf,66,"Staff and students who believe they have been treated unfairly on the grounds of disability are encouraged to use the University procedures on appeals, grievances and complaints. Makerere University is committed to accessible, fair and confidential processes for the resolution of complaints based on allegations of discrimination on the grounds of disability. c. Any questions or concerns on matters pertaining to disability discrimination may be referred to the Disability service centre Lorna Magara (Mrs.) Yusuf Kiranda CHAIRPERSON UNIVERSITY COUNCIL SECRETARY TO COUNCIL 24",83
